"1级分类","1级功能描述","2级分类","2级功能描述","3级分类","3级功能描述","4级分类","4级功能描述","5级分类","5级功能描述","关键技术点","典型场景","优先级","Apstra支持状态","Apstra支持说明","CloudVision支持状态","CloudVision支持说明","iMaster NCE-Fabric + FabricInsight支持状态","iMaster NCE-Fabric + FabricInsight支持说明","AmpCon-DC（FS/Pica8）支持状态","AmpCon-DC（FS/Pica8）支持说明"
"可视化与监控","对数据中心网络的拓扑、设备、链路、协议、业务及AIDC指标进行统一可视化和持续监控。","全局态势","汇总多站点、多Fabric的规模、健康、性能、告警和变更状态。","多站点总览","对多站点总览相关状态、指标和关系进行集中展示与持续跟踪。","站点资源分布","站点资源分布用于持续展示和跟踪站点数、Fabric数、设备数、链路数、租户数。","站点数、Fabric数、设备数、链路数、租户数","明确站点资源分布覆盖的具体对象、状态或指标，包括站点数、Fabric数、设备数、链路数、租户数。","多站点数据汇聚、统一对象模型、健康与事件聚合、Dashboard；具体范围：站点数、Fabric数、设备数、链路数、租户数","NOC 多站点值守、跨 Fabric 健康巡检与运营态势汇报；关注：站点数、Fabric数、设备数、链路数、租户数","P1（重要）","支持","站点资源分布：Apstra 6.1 通过 Blueprint、Managed Devices、意图/实际状态和 Streaming Telemetry 原生覆盖；范围为 站点数、Fabric数、设备数、链路数、租户数。","支持","站点资源分布：CloudVision Inventory、Topology、NetDB/Telemetry、Events 或 Compliance 原生覆盖，主要面向受管 EOS 设备；范围为 站点数、Fabric数、设备数、链路数、租户数。","支持","站点资源分布：属于 iMaster NCE-Fabric 的基础管控、拓扑、设备/协议状态或配置生命周期能力；覆盖 站点数、Fabric数、设备数、链路数、租户数，仍需按目标版本、License 与 CloudEngine 型号核对。","不支持/未发现原生支持","站点资源分布：截至已核对的 FS AmpCon-DC 官方可观测性资料与 v2.2.0 发布说明，未发现产品原生完整覆盖 站点数、Fabric数、设备数、链路数、租户数；未把 PicOS 单机 CLI、第三方系统或本地 UI 原型计入。AmpCon-DC（FS / Pica8）面向 PicOS 数据中心交换机；能力范围需按目标版本、License 与兼容硬件确认。"
"可视化与监控","对数据中心网络的拓扑、设备、链路、协议、业务及AIDC指标进行统一可视化和持续监控。","全局态势","汇总多站点、多Fabric的规模、健康、性能、告警和变更状态。","多站点总览","对多站点总览相关状态、指标和关系进行集中展示与持续跟踪。","站点健康状态","站点健康状态用于持续展示和跟踪正常、告警、故障、维护、未知。","正常、告警、故障、维护、未知","明确站点健康状态覆盖的具体对象、状态或指标，包括正常、告警、故障、维护、未知。","多站点数据汇聚、统一对象模型、健康与事件聚合、Dashboard；具体范围：正常、告警、故障、维护、未知","NOC 多站点值守、跨 Fabric 健康巡检与运营态势汇报；关注：正常、告警、故障、维护、未知","P1（重要）","部分支持","站点健康状态：Apstra 可覆盖部分对象或状态；完整字段、工作流或展示需定制 IBA、API、NOS Telemetry 或外部集成。","支持","站点健康状态：CloudVision Inventory、Topology、NetDB/Telemetry、Events 或 Compliance 原生覆盖，主要面向受管 EOS 设备；范围为 正常、告警、故障、维护、未知。","支持","站点健康状态：属于 iMaster NCE-Fabric 的基础管控、拓扑、设备/协议状态或配置生命周期能力；覆盖 正常、告警、故障、维护、未知，仍需按目标版本、License 与 CloudEngine 型号核对。","不支持/未发现原生支持","站点健康状态：截至已核对的 FS AmpCon-DC 官方可观测性资料与 v2.2.0 发布说明，未发现产品原生完整覆盖 正常、告警、故障、维护、未知；未把 PicOS 单机 CLI、第三方系统或本地 UI 原型计入。AmpCon-DC（FS / Pica8）面向 PicOS 数据中心交换机；能力范围需按目标版本、License 与兼容硬件确认。"
"可视化与监控","对数据中心网络的拓扑、设备、链路、协议、业务及AIDC指标进行统一可视化和持续监控。","全局态势","汇总多站点、多Fabric的规模、健康、性能、告警和变更状态。","多站点总览","对多站点总览相关状态、指标和关系进行集中展示与持续跟踪。","地理地图展示","地理地图展示用于持续展示和跟踪站点位置、跨站链路、区域告警。","站点位置、跨站链路、区域告警","明确地理地图展示覆盖的具体对象、状态或指标，包括站点位置、跨站链路、区域告警。","多站点数据汇聚、统一对象模型、健康与事件聚合、Dashboard；具体范围：站点位置、跨站链路、区域告警","NOC 多站点值守、跨 Fabric 健康巡检与运营态势汇报；关注：站点位置、跨站链路、区域告警","P1（重要）","部分支持","地理地图展示：Apstra 可覆盖部分对象或状态；完整字段、工作流或展示需定制 IBA、API、NOS Telemetry 或外部集成。","部分支持","地理地图展示：CloudVision 可提供部分遥测、事件或配置证据；覆盖 站点位置、跨站链路、区域告警 的完整产品化分析器、字段或闭环未核验。","部分支持/依组件、版本或硬件","地理地图展示：iMaster NCE-Fabric 可提供部分管理或状态数据，但覆盖 站点位置、跨站链路、区域告警 的完整字段、工作流或分析器未核验；需按目标版本、License、CloudEngine 型号及是否部署 FabricInsight 确认。","不支持/未发现原生支持","地理地图展示：截至已核对的 FS AmpCon-DC 官方可观测性资料与 v2.2.0 发布说明，未发现产品原生完整覆盖 站点位置、跨站链路、区域告警；未把 PicOS 单机 CLI、第三方系统或本地 UI 原型计入。AmpCon-DC（FS / Pica8）面向 PicOS 数据中心交换机；能力范围需按目标版本、License 与兼容硬件确认。"
"可视化与监控","对数据中心网络的拓扑、设备、链路、协议、业务及AIDC指标进行统一可视化和持续监控。","全局态势","汇总多站点、多Fabric的规模、健康、性能、告警和变更状态。","Fabric总览","对Fabric总览相关状态、指标和关系进行集中展示与持续跟踪。","Fabric运行状态","Fabric运行状态用于持续展示和跟踪Active、Degraded、Failed、Maintenance。","Active、Degraded、Failed、Maintenance","明确Fabric运行状态覆盖的具体对象、状态或指标，包括Active、Degraded、Failed、Maintenance。","多站点数据汇聚、统一对象模型、健康与事件聚合、Dashboard；具体范围：Active、Degraded、Failed、Maintenance","NOC 多站点值守、跨 Fabric 健康巡检与运营态势汇报；关注：Active、Degraded、Failed、Maintenance","P1（重要）","支持","Fabric运行状态：Apstra 6.1 通过 Blueprint、Managed Devices、意图/实际状态和 Streaming Telemetry 原生覆盖；范围为 Active、Degraded、Failed、Maintenance。","支持","Fabric运行状态：CloudVision Inventory、Topology、NetDB/Telemetry、Events 或 Compliance 原生覆盖，主要面向受管 EOS 设备；范围为 Active、Degraded、Failed、Maintenance。","支持","Fabric运行状态：属于 iMaster NCE-Fabric 的基础管控、拓扑、设备/协议状态或配置生命周期能力；覆盖 Active、Degraded、Failed、Maintenance，仍需按目标版本、License 与 CloudEngine 型号核对。","部分支持/依设备或版本","Fabric运行状态：拓扑自动发现、实时设备/链路状态、交换机与端口下钻、Linux Host 可见性和历史回放可覆盖部分场景；未核验完整覆盖 Active、Degraded、Failed、Maintenance。AmpCon-DC（FS / Pica8）面向 PicOS 数据中心交换机；能力范围需按目标版本、License 与兼容硬件确认。"
"可视化与监控","对数据中心网络的拓扑、设备、链路、协议、业务及AIDC指标进行统一可视化和持续监控。","全局态势","汇总多站点、多Fabric的规模、健康、性能、告警和变更状态。","Fabric总览","对Fabric总览相关状态、指标和关系进行集中展示与持续跟踪。","Fabric健康评分","Fabric健康评分用于持续展示和跟踪设备、链路、协议、配置、业务健康。","设备、链路、协议、配置、业务健康","明确Fabric健康评分覆盖的具体对象、状态或指标，包括设备、链路、协议、配置、业务健康。","多站点数据汇聚、统一对象模型、健康与事件聚合、Dashboard；具体范围：设备、链路、协议、配置、业务健康","NOC 多站点值守、跨 Fabric 健康巡检与运营态势汇报；关注：设备、链路、协议、配置、业务健康","P1（重要）","不支持/未发现原生支持","Fabric健康评分：截至 Apstra 6.1 官方资料，未发现基础产品提供该项完整原生分析器或产品化闭环；未将 Juniper DCA/Mist、外部系统或 NOS 单点能力计入。","不支持/未发现原生支持","Fabric健康评分：截至当前 CloudVision 官方资料，未发现基础 CloudVision 原生提供该项完整能力；未把 AVA、CV UNO、CV-CUE、DMF 或 EOS CLI/ASIC 单点能力直接计入。","部分支持/依组件、版本或硬件","Fabric健康评分：需结合 iMaster NCE-FabricInsight 分析器评估。官方资料确认其采集应用流、网络与 Telemetry 数据，支持关键应用质量检测、一键路径诊断、故障定位、网络质量劣化及亚健康光模块/链路分析；但未核验完整覆盖 设备、链路、协议、配置、业务健康，且依版本、Foundation Package、Telemetry/IOAM 与硬件。","不支持/未发现原生支持","Fabric健康评分：截至已核对的 FS AmpCon-DC 官方可观测性资料与 v2.2.0 发布说明，未发现产品原生完整覆盖 设备、链路、协议、配置、业务健康；未把 PicOS 单机 CLI、第三方系统或本地 UI 原型计入。AmpCon-DC（FS / Pica8）面向 PicOS 数据中心交换机；能力范围需按目标版本、License 与兼容硬件确认。"
"可视化与监控","对数据中心网络的拓扑、设备、链路、协议、业务及AIDC指标进行统一可视化和持续监控。","全局态势","汇总多站点、多Fabric的规模、健康、性能、告警和变更状态。","Fabric总览","对Fabric总览相关状态、指标和关系进行集中展示与持续跟踪。","Fabric资源规模","Fabric资源规模用于持续展示和跟踪Spine、Leaf、Border、Server、VTEP。","Spine、Leaf、Border、Server、VTEP","明确Fabric资源规模覆盖的具体对象、状态或指标，包括Spine、Leaf、Border、Server、VTEP。","多站点数据汇聚、统一对象模型、健康与事件聚合、Dashboard；具体范围：Spine、Leaf、Border、Server、VTEP","NOC 多站点值守、跨 Fabric 健康巡检与运营态势汇报；关注：Spine、Leaf、Border、Server、VTEP","P1（重要）","支持","Fabric资源规模：Apstra 6.1 通过 Blueprint、Managed Devices、意图/实际状态和 Streaming Telemetry 原生覆盖；范围为 Spine、Leaf、Border、Server、VTEP。","支持","Fabric资源规模：CloudVision Inventory、Topology、NetDB/Telemetry、Events 或 Compliance 原生覆盖，主要面向受管 EOS 设备；范围为 Spine、Leaf、Border、Server、VTEP。","支持","Fabric资源规模：属于 iMaster NCE-Fabric 的基础管控、拓扑、设备/协议状态或配置生命周期能力；覆盖 Spine、Leaf、Border、Server、VTEP，仍需按目标版本、License 与 CloudEngine 型号核对。","部分支持/依设备或版本","Fabric资源规模：拓扑自动发现、实时设备/链路状态、交换机与端口下钻、Linux Host 可见性和历史回放可覆盖部分场景；未核验完整覆盖 Spine、Leaf、Border、Server、VTEP。AmpCon-DC（FS / Pica8）面向 PicOS 数据中心交换机；能力范围需按目标版本、License 与兼容硬件确认。"
"可视化与监控","对数据中心网络的拓扑、设备、链路、协议、业务及AIDC指标进行统一可视化和持续监控。","全局态势","汇总多站点、多Fabric的规模、健康、性能、告警和变更状态。","核心指标看板","对核心指标看板相关状态、指标和关系进行集中展示与持续跟踪。","网络可用性","网络可用性用于持续展示和跟踪设备可用率、链路可用率、业务可用率。","设备可用率、链路可用率、业务可用率","明确网络可用性覆盖的具体对象、状态或指标，包括设备可用率、链路可用率、业务可用率。","多站点数据汇聚、统一对象模型、健康与事件聚合、Dashboard；具体范围：设备可用率、链路可用率、业务可用率","NOC 多站点值守、跨 Fabric 健康巡检与运营态势汇报；关注：设备可用率、链路可用率、业务可用率","P1（重要）","部分支持","网络可用性：Apstra 可覆盖部分对象或状态；完整字段、工作流或展示需定制 IBA、API、NOS Telemetry 或外部集成。","部分支持","网络可用性：CloudVision 可提供部分遥测、事件或配置证据；覆盖 设备可用率、链路可用率、业务可用率 的完整产品化分析器、字段或闭环未核验。","支持","网络可用性：属于 iMaster NCE-Fabric 的基础管控、拓扑、设备/协议状态或配置生命周期能力；覆盖 设备可用率、链路可用率、业务可用率，仍需按目标版本、License 与 CloudEngine 型号核对。","部分支持/依设备或版本","网络可用性：拓扑自动发现、实时设备/链路状态、交换机与端口下钻、Linux Host 可见性和历史回放可覆盖部分场景；未核验完整覆盖 设备可用率、链路可用率、业务可用率。AmpCon-DC（FS / Pica8）面向 PicOS 数据中心交换机；能力范围需按目标版本、License 与兼容硬件确认。"
"可视化与监控","对数据中心网络的拓扑、设备、链路、协议、业务及AIDC指标进行统一可视化和持续监控。","全局态势","汇总多站点、多Fabric的规模、健康、性能、告警和变更状态。","核心指标看板","对核心指标看板相关状态、指标和关系进行集中展示与持续跟踪。","性能指标","性能指标用于持续展示和跟踪带宽、吞吐、利用率、时延、丢包。","带宽、吞吐、利用率、时延、丢包","明确性能指标覆盖的具体对象、状态或指标，包括带宽、吞吐、利用率、时延、丢包。","多站点数据汇聚、统一对象模型、健康与事件聚合、Dashboard；具体范围：带宽、吞吐、利用率、时延、丢包","NOC 多站点值守、跨 Fabric 健康巡检与运营态势汇报；关注：带宽、吞吐、利用率、时延、丢包","P1（重要）","部分支持","性能指标：Apstra 可覆盖部分对象或状态；完整字段、工作流或展示需定制 IBA、API、NOS Telemetry 或外部集成。","部分支持","性能指标：CloudVision 可提供部分遥测、事件或配置证据；覆盖 带宽、吞吐、利用率、时延、丢包 的完整产品化分析器、字段或闭环未核验。","支持","性能指标：属于 iMaster NCE-Fabric 的基础管控、拓扑、设备/协议状态或配置生命周期能力；覆盖 带宽、吞吐、利用率、时延、丢包，仍需按目标版本、License 与 CloudEngine 型号核对。","部分支持/依设备或版本","性能指标：拓扑自动发现、实时设备/链路状态、交换机与端口下钻、Linux Host 可见性和历史回放可覆盖部分场景；未核验完整覆盖 带宽、吞吐、利用率、时延、丢包。AmpCon-DC（FS / Pica8）面向 PicOS 数据中心交换机；能力范围需按目标版本、License 与兼容硬件确认。"
"可视化与监控","对数据中心网络的拓扑、设备、链路、协议、业务及AIDC指标进行统一可视化和持续监控。","全局态势","汇总多站点、多Fabric的规模、健康、性能、告警和变更状态。","核心指标看板","对核心指标看板相关状态、指标和关系进行集中展示与持续跟踪。","告警指标","告警指标用于持续展示和跟踪当前、未确认、严重告警和趋势。","当前、未确认、严重告警和趋势","明确告警指标覆盖的具体对象、状态或指标，包括当前、未确认、严重告警和趋势。","多站点数据汇聚、统一对象模型、健康与事件聚合、Dashboard；具体范围：当前、未确认、严重告警和趋势","NOC 多站点值守、跨 Fabric 健康巡检与运营态势汇报；关注：当前、未确认、严重告警和趋势","P1（重要）","支持","告警指标：Apstra 6.1 通过 Blueprint、Managed Devices、意图/实际状态和 Streaming Telemetry 原生覆盖；范围为 当前、未确认、严重告警和趋势。","支持","告警指标：CloudVision Inventory、Topology、NetDB/Telemetry、Events 或 Compliance 原生覆盖，主要面向受管 EOS 设备；范围为 当前、未确认、严重告警和趋势。","支持","告警指标：属于 iMaster NCE-Fabric 的基础管控、拓扑、设备/协议状态或配置生命周期能力；覆盖 当前、未确认、严重告警和趋势，仍需按目标版本、License 与 CloudEngine 型号核对。","部分支持/依设备或版本","告警指标：拓扑自动发现、实时设备/链路状态、交换机与端口下钻、Linux Host 可见性和历史回放可覆盖部分场景；未核验完整覆盖 当前、未确认、严重告警和趋势。AmpCon-DC（FS / Pica8）面向 PicOS 数据中心交换机；能力范围需按目标版本、License 与兼容硬件确认。"
"可视化与监控","对数据中心网络的拓扑、设备、链路、协议、业务及AIDC指标进行统一可视化和持续监控。","全局态势","汇总多站点、多Fabric的规模、健康、性能、告警和变更状态。","核心指标看板","对核心指标看板相关状态、指标和关系进行集中展示与持续跟踪。","变更指标","变更指标用于持续展示和跟踪待审批、执行中、失败、配置偏移。","待审批、执行中、失败、配置偏移","明确变更指标覆盖的具体对象、状态或指标，包括待审批、执行中、失败、配置偏移。","多站点数据汇聚、统一对象模型、健康与事件聚合、Dashboard；具体范围：待审批、执行中、失败、配置偏移","NOC 多站点值守、跨 Fabric 健康巡检与运营态势汇报；关注：待审批、执行中、失败、配置偏移","P1（重要）","部分支持","变更指标：Apstra 可覆盖部分对象或状态；完整字段、工作流或展示需定制 IBA、API、NOS Telemetry 或外部集成。","支持","变更指标：CloudVision Inventory、Topology、NetDB/Telemetry、Events 或 Compliance 原生覆盖，主要面向受管 EOS 设备；范围为 待审批、执行中、失败、配置偏移。","支持","变更指标：属于 iMaster NCE-Fabric 的基础管控、拓扑、设备/协议状态或配置生命周期能力；覆盖 待审批、执行中、失败、配置偏移，仍需按目标版本、License 与 CloudEngine 型号核对。","不支持/未发现原生支持","变更指标：截至已核对的 FS AmpCon-DC 官方可观测性资料与 v2.2.0 发布说明，未发现产品原生完整覆盖 待审批、执行中、失败、配置偏移；未把 PicOS 单机 CLI、第三方系统或本地 UI 原型计入。AmpCon-DC（FS / Pica8）面向 PicOS 数据中心交换机；能力范围需按目标版本、License 与兼容硬件确认。"
"可视化与监控","对数据中心网络的拓扑、设备、链路、协议、业务及AIDC指标进行统一可视化和持续监控。","全局态势","汇总多站点、多Fabric的规模、健康、性能、告警和变更状态。","Dashboard管理","对Dashboard管理相关状态、指标和关系进行集中展示与持续跟踪。","自定义看板","自定义看板用于持续展示和跟踪Widget、指标、布局、刷新频率。","Widget、指标、布局、刷新频率","明确自定义看板覆盖的具体对象、状态或指标，包括Widget、指标、布局、刷新频率。","多站点数据汇聚、统一对象模型、健康与事件聚合、Dashboard；具体范围：Widget、指标、布局、刷新频率","NOC 多站点值守、跨 Fabric 健康巡检与运营态势汇报；关注：Widget、指标、布局、刷新频率","P1（重要）","部分支持","自定义看板：Apstra 可覆盖部分对象或状态；完整字段、工作流或展示需定制 IBA、API、NOS Telemetry 或外部集成。","部分支持","自定义看板：CloudVision 可提供部分遥测、事件或配置证据；覆盖 Widget、指标、布局、刷新频率 的完整产品化分析器、字段或闭环未核验。","部分支持/依组件、版本或硬件","自定义看板：iMaster NCE-Fabric 可提供部分管理或状态数据，但覆盖 Widget、指标、布局、刷新频率 的完整字段、工作流或分析器未核验；需按目标版本、License、CloudEngine 型号及是否部署 FabricInsight 确认。","不支持/未发现原生支持","自定义看板：截至已核对的 FS AmpCon-DC 官方可观测性资料与 v2.2.0 发布说明，未发现产品原生完整覆盖 Widget、指标、布局、刷新频率；未把 PicOS 单机 CLI、第三方系统或本地 UI 原型计入。AmpCon-DC（FS / Pica8）面向 PicOS 数据中心交换机；能力范围需按目标版本、License 与兼容硬件确认。"
"可视化与监控","对数据中心网络的拓扑、设备、链路、协议、业务及AIDC指标进行统一可视化和持续监控。","全局态势","汇总多站点、多Fabric的规模、健康、性能、告警和变更状态。","Dashboard管理","对Dashboard管理相关状态、指标和关系进行集中展示与持续跟踪。","时间范围","时间范围用于持续展示和跟踪实时、1小时、24小时、7天、自定义。","实时、1小时、24小时、7天、自定义","明确时间范围覆盖的具体对象、状态或指标，包括实时、1小时、24小时、7天、自定义。","多站点数据汇聚、统一对象模型、健康与事件聚合、Dashboard；具体范围：实时、1小时、24小时、7天、自定义","NOC 多站点值守、跨 Fabric 健康巡检与运营态势汇报；关注：实时、1小时、24小时、7天、自定义","P1（重要）","支持","时间范围：Apstra 6.1 通过 Blueprint、Managed Devices、意图/实际状态和 Streaming Telemetry 原生覆盖；范围为 实时、1小时、24小时、7天、自定义。","支持","时间范围：CloudVision Inventory、Topology、NetDB/Telemetry、Events 或 Compliance 原生覆盖，主要面向受管 EOS 设备；范围为 实时、1小时、24小时、7天、自定义。","支持","时间范围：属于 iMaster NCE-Fabric 的基础管控、拓扑、设备/协议状态或配置生命周期能力；覆盖 实时、1小时、24小时、7天、自定义，仍需按目标版本、License 与 CloudEngine 型号核对。","部分支持/依设备或版本","时间范围：拓扑自动发现、实时设备/链路状态、交换机与端口下钻、Linux Host 可见性和历史回放可覆盖部分场景；未核验完整覆盖 实时、1小时、24小时、7天、自定义。AmpCon-DC（FS / Pica8）面向 PicOS 数据中心交换机；能力范围需按目标版本、License 与兼容硬件确认。"
"可视化与监控","对数据中心网络的拓扑、设备、链路、协议、业务及AIDC指标进行统一可视化和持续监控。","全局态势","汇总多站点、多Fabric的规模、健康、性能、告警和变更状态。","Dashboard管理","对Dashboard管理相关状态、指标和关系进行集中展示与持续跟踪。","NOC大屏","NOC大屏用于持续展示和跟踪自动轮播、全屏展示、站点切换。","自动轮播、全屏展示、站点切换","明确NOC大屏覆盖的具体对象、状态或指标，包括自动轮播、全屏展示、站点切换。","多站点数据汇聚、统一对象模型、健康与事件聚合、Dashboard；具体范围：自动轮播、全屏展示、站点切换","NOC 多站点值守、跨 Fabric 健康巡检与运营态势汇报；关注：自动轮播、全屏展示、站点切换","P1（重要）","不支持/未发现原生支持","NOC大屏：截至 Apstra 6.1 官方资料，未发现基础产品提供该项完整原生分析器或产品化闭环；未将 Juniper DCA/Mist、外部系统或 NOS 单点能力计入。","不支持/未发现原生支持","NOC大屏：截至当前 CloudVision 官方资料，未发现基础 CloudVision 原生提供该项完整能力；未把 AVA、CV UNO、CV-CUE、DMF 或 EOS CLI/ASIC 单点能力直接计入。","部分支持/依组件、版本或硬件","NOC大屏：iMaster NCE-Fabric 可提供部分管理或状态数据，但覆盖 自动轮播、全屏展示、站点切换 的完整字段、工作流或分析器未核验；需按目标版本、License、CloudEngine 型号及是否部署 FabricInsight 确认。","不支持/未发现原生支持","NOC大屏：截至已核对的 FS AmpCon-DC 官方可观测性资料与 v2.2.0 发布说明，未发现产品原生完整覆盖 自动轮播、全屏展示、站点切换；未把 PicOS 单机 CLI、第三方系统或本地 UI 原型计入。AmpCon-DC（FS / Pica8）面向 PicOS 数据中心交换机；能力范围需按目标版本、License 与兼容硬件确认。"
"可视化与监控","对数据中心网络的拓扑、设备、链路、协议、业务及AIDC指标进行统一可视化和持续监控。","拓扑可视化","展示物理、逻辑、租户及AIDC拓扑关系并提供交互分析。","物理拓扑","对物理拓扑相关状态、指标和关系进行集中展示与持续跟踪。","全局物理拓扑","全局物理拓扑用于持续展示和跟踪站点、Fabric、设备、链路关系。","站点、Fabric、设备、链路关系","明确全局物理拓扑覆盖的具体对象、状态或指标，包括站点、Fabric、设备、链路关系。","LLDP/BGP-LS/EVPN 邻接、图模型、物理与逻辑拓扑、历史状态；具体范围：站点、Fabric、设备、链路关系","上线验收、连接关系核对、故障影响定位与拓扑回放；关注：站点、Fabric、设备、链路关系","P0（核心）","支持","全局物理拓扑：Apstra 6.1 通过 Blueprint、Managed Devices、意图/实际状态和 Streaming Telemetry 原生覆盖；范围为 站点、Fabric、设备、链路关系。","支持","全局物理拓扑：CloudVision Inventory、Topology、NetDB/Telemetry、Events 或 Compliance 原生覆盖，主要面向受管 EOS 设备；范围为 站点、Fabric、设备、链路关系。","支持","全局物理拓扑：属于 iMaster NCE-Fabric 的基础管控、拓扑、设备/协议状态或配置生命周期能力；覆盖 站点、Fabric、设备、链路关系，仍需按目标版本、License 与 CloudEngine 型号核对。","支持","全局物理拓扑：FS 官方资料明确提供交换机/链路拓扑自动发现、实时状态与链路健康、多级下钻及历史拓扑回放；覆盖 站点、Fabric、设备、链路关系。AmpCon-DC（FS / Pica8）面向 PicOS 数据中心交换机；能力范围需按目标版本、License 与兼容硬件确认。"
"可视化与监控","对数据中心网络的拓扑、设备、链路、协议、业务及AIDC指标进行统一可视化和持续监控。","拓扑可视化","展示物理、逻辑、租户及AIDC拓扑关系并提供交互分析。","物理拓扑","对物理拓扑相关状态、指标和关系进行集中展示与持续跟踪。","Fabric分层拓扑","Fabric分层拓扑用于持续展示和跟踪Super-Spine、Spine、Leaf、Border。","Super-Spine、Spine、Leaf、Border","明确Fabric分层拓扑覆盖的具体对象、状态或指标，包括Super-Spine、Spine、Leaf、Border。","LLDP/BGP-LS/EVPN 邻接、图模型、物理与逻辑拓扑、历史状态；具体范围：Super-Spine、Spine、Leaf、Border","上线验收、连接关系核对、故障影响定位与拓扑回放；关注：Super-Spine、Spine、Leaf、Border","P0（核心）","支持","Fabric分层拓扑：Apstra 6.1 通过 Blueprint、Managed Devices、意图/实际状态和 Streaming Telemetry 原生覆盖；范围为 Super-Spine、Spine、Leaf、Border。","支持","Fabric分层拓扑：CloudVision Inventory、Topology、NetDB/Telemetry、Events 或 Compliance 原生覆盖，主要面向受管 EOS 设备；范围为 Super-Spine、Spine、Leaf、Border。","支持","Fabric分层拓扑：属于 iMaster NCE-Fabric 的基础管控、拓扑、设备/协议状态或配置生命周期能力；覆盖 Super-Spine、Spine、Leaf、Border，仍需按目标版本、License 与 CloudEngine 型号核对。","部分支持/依设备或版本","Fabric分层拓扑：拓扑自动发现、实时设备/链路状态、交换机与端口下钻、Linux Host 可见性和历史回放可覆盖部分场景；未核验完整覆盖 Super-Spine、Spine、Leaf、Border。AmpCon-DC（FS / Pica8）面向 PicOS 数据中心交换机；能力范围需按目标版本、License 与兼容硬件确认。"
"可视化与监控","对数据中心网络的拓扑、设备、链路、协议、业务及AIDC指标进行统一可视化和持续监控。","拓扑可视化","展示物理、逻辑、租户及AIDC拓扑关系并提供交互分析。","物理拓扑","对物理拓扑相关状态、指标和关系进行集中展示与持续跟踪。","Pod/Rack拓扑","Pod/Rack拓扑用于持续展示和跟踪Pod、机架、TOR、服务器、存储。","Pod、机架、TOR、服务器、存储","明确Pod/Rack拓扑覆盖的具体对象、状态或指标，包括Pod、机架、TOR、服务器、存储。","LLDP/BGP-LS/EVPN 邻接、图模型、物理与逻辑拓扑、历史状态；具体范围：Pod、机架、TOR、服务器、存储","上线验收、连接关系核对、故障影响定位与拓扑回放；关注：Pod、机架、TOR、服务器、存储","P0（核心）","支持","Pod/Rack拓扑：Apstra 6.1 通过 Blueprint、Managed Devices、意图/实际状态和 Streaming Telemetry 原生覆盖；范围为 Pod、机架、TOR、服务器、存储。","部分支持","Pod/Rack拓扑：CloudVision 可提供部分遥测、事件或配置证据；覆盖 Pod、机架、TOR、服务器、存储 的完整产品化分析器、字段或闭环未核验。","支持","Pod/Rack拓扑：属于 iMaster NCE-Fabric 的基础管控、拓扑、设备/协议状态或配置生命周期能力；覆盖 Pod、机架、TOR、服务器、存储，仍需按目标版本、License 与 CloudEngine 型号核对。","部分支持/依设备或版本","Pod/Rack拓扑：拓扑自动发现、实时设备/链路状态、交换机与端口下钻、Linux Host 可见性和历史回放可覆盖部分场景；未核验完整覆盖 Pod、机架、TOR、服务器、存储。AmpCon-DC（FS / Pica8）面向 PicOS 数据中心交换机；能力范围需按目标版本、License 与兼容硬件确认。"
"可视化与监控","对数据中心网络的拓扑、设备、链路、协议、业务及AIDC指标进行统一可视化和持续监控。","拓扑可视化","展示物理、逻辑、租户及AIDC拓扑关系并提供交互分析。","物理拓扑","对物理拓扑相关状态、指标和关系进行集中展示与持续跟踪。","LLDP实际拓扑","LLDP实际拓扑用于持续展示和跟踪本地接口、邻居接口、链路状态。","本地接口、邻居接口、链路状态","明确LLDP实际拓扑覆盖的具体对象、状态或指标，包括本地接口、邻居接口、链路状态。","LLDP/BGP-LS/EVPN 邻接、图模型、物理与逻辑拓扑、历史状态；具体范围：本地接口、邻居接口、链路状态","上线验收、连接关系核对、故障影响定位与拓扑回放；关注：本地接口、邻居接口、链路状态","P0（核心）","支持","LLDP实际拓扑：Apstra 6.1 通过 Blueprint、Managed Devices、意图/实际状态和 Streaming Telemetry 原生覆盖；范围为 本地接口、邻居接口、链路状态。","支持","LLDP实际拓扑：CloudVision Inventory、Topology、NetDB/Telemetry、Events 或 Compliance 原生覆盖，主要面向受管 EOS 设备；范围为 本地接口、邻居接口、链路状态。","支持","LLDP实际拓扑：属于 iMaster NCE-Fabric 的基础管控、拓扑、设备/协议状态或配置生命周期能力；覆盖 本地接口、邻居接口、链路状态，仍需按目标版本、License 与 CloudEngine 型号核对。","支持","LLDP实际拓扑：FS 官方资料明确提供交换机/链路拓扑自动发现、实时状态与链路健康、多级下钻及历史拓扑回放；覆盖 本地接口、邻居接口、链路状态。AmpCon-DC（FS / Pica8）面向 PicOS 数据中心交换机；能力范围需按目标版本、License 与兼容硬件确认。"
"可视化与监控","对数据中心网络的拓扑、设备、链路、协议、业务及AIDC指标进行统一可视化和持续监控。","拓扑可视化","展示物理、逻辑、租户及AIDC拓扑关系并提供交互分析。","物理拓扑","对物理拓扑相关状态、指标和关系进行集中展示与持续跟踪。","期望与实际拓扑","期望与实际拓扑用于持续展示和跟踪缺链、错接、反接、未知连接。","缺链、错接、反接、未知连接","明确期望与实际拓扑覆盖的具体对象、状态或指标，包括缺链、错接、反接、未知连接。","LLDP/BGP-LS/EVPN 邻接、图模型、物理与逻辑拓扑、历史状态；具体范围：缺链、错接、反接、未知连接","上线验收、连接关系核对、故障影响定位与拓扑回放；关注：缺链、错接、反接、未知连接","P0（核心）","支持","期望与实际拓扑：Apstra 6.1 通过 Blueprint、Managed Devices、意图/实际状态和 Streaming Telemetry 原生覆盖；范围为 缺链、错接、反接、未知连接。","部分支持","期望与实际拓扑：CloudVision 可提供部分遥测、事件或配置证据；覆盖 缺链、错接、反接、未知连接 的完整产品化分析器、字段或闭环未核验。","支持","期望与实际拓扑：属于 iMaster NCE-Fabric 的基础管控、拓扑、设备/协议状态或配置生命周期能力；覆盖 缺链、错接、反接、未知连接，仍需按目标版本、License 与 CloudEngine 型号核对。","不支持/未发现原生支持","期望与实际拓扑：截至已核对的 FS AmpCon-DC 官方可观测性资料与 v2.2.0 发布说明，未发现产品原生完整覆盖 缺链、错接、反接、未知连接；未把 PicOS 单机 CLI、第三方系统或本地 UI 原型计入。AmpCon-DC（FS / Pica8）面向 PicOS 数据中心交换机；能力范围需按目标版本、License 与兼容硬件确认。"
"可视化与监控","对数据中心网络的拓扑、设备、链路、协议、业务及AIDC指标进行统一可视化和持续监控。","拓扑可视化","展示物理、逻辑、租户及AIDC拓扑关系并提供交互分析。","物理拓扑","对物理拓扑相关状态、指标和关系进行集中展示与持续跟踪。","链路状态叠加","链路状态叠加用于持续展示和跟踪Up、Down、Degraded、Flapping。","Up、Down、Degraded、Flapping","明确链路状态叠加覆盖的具体对象、状态或指标，包括Up、Down、Degraded、Flapping。","LLDP/BGP-LS/EVPN 邻接、图模型、物理与逻辑拓扑、历史状态；具体范围：Up、Down、Degraded、Flapping","上线验收、连接关系核对、故障影响定位与拓扑回放；关注：Up、Down、Degraded、Flapping","P0（核心）","支持","链路状态叠加：Apstra 6.1 通过 Blueprint、Managed Devices、意图/实际状态和 Streaming Telemetry 原生覆盖；范围为 Up、Down、Degraded、Flapping。","支持","链路状态叠加：CloudVision Inventory、Topology、NetDB/Telemetry、Events 或 Compliance 原生覆盖，主要面向受管 EOS 设备；范围为 Up、Down、Degraded、Flapping。","支持","链路状态叠加：属于 iMaster NCE-Fabric 的基础管控、拓扑、设备/协议状态或配置生命周期能力；覆盖 Up、Down、Degraded、Flapping，仍需按目标版本、License 与 CloudEngine 型号核对。","支持","链路状态叠加：FS 官方资料明确提供交换机/链路拓扑自动发现、实时状态与链路健康、多级下钻及历史拓扑回放；覆盖 Up、Down、Degraded、Flapping。AmpCon-DC（FS / Pica8）面向 PicOS 数据中心交换机；能力范围需按目标版本、License 与兼容硬件确认。"
"可视化与监控","对数据中心网络的拓扑、设备、链路、协议、业务及AIDC指标进行统一可视化和持续监控。","拓扑可视化","展示物理、逻辑、租户及AIDC拓扑关系并提供交互分析。","物理拓扑","对物理拓扑相关状态、指标和关系进行集中展示与持续跟踪。","布线信息展示","布线信息展示用于持续展示和跟踪本端端口、对端端口、线缆、光模块。","本端端口、对端端口、线缆、光模块","明确布线信息展示覆盖的具体对象、状态或指标，包括本端端口、对端端口、线缆、光模块。","LLDP/BGP-LS/EVPN 邻接、图模型、物理与逻辑拓扑、历史状态；具体范围：本端端口、对端端口、线缆、光模块","上线验收、连接关系核对、故障影响定位与拓扑回放；关注：本端端口、对端端口、线缆、光模块","P0（核心）","支持","布线信息展示：Apstra 6.1 通过 Blueprint、Managed Devices、意图/实际状态和 Streaming Telemetry 原生覆盖；范围为 本端端口、对端端口、线缆、光模块。","部分支持","布线信息展示：CloudVision 可提供部分遥测、事件或配置证据；覆盖 本端端口、对端端口、线缆、光模块 的完整产品化分析器、字段或闭环未核验。","支持","布线信息展示：属于 iMaster NCE-Fabric 的基础管控、拓扑、设备/协议状态或配置生命周期能力；覆盖 本端端口、对端端口、线缆、光模块，仍需按目标版本、License 与 CloudEngine 型号核对。","部分支持/依设备或版本","布线信息展示：拓扑自动发现、实时设备/链路状态、交换机与端口下钻、Linux Host 可见性和历史回放可覆盖部分场景；未核验完整覆盖 本端端口、对端端口、线缆、光模块。AmpCon-DC（FS / Pica8）面向 PicOS 数据中心交换机；能力范围需按目标版本、License 与兼容硬件确认。"
"可视化与监控","对数据中心网络的拓扑、设备、链路、协议、业务及AIDC指标进行统一可视化和持续监控。","拓扑可视化","展示物理、逻辑、租户及AIDC拓扑关系并提供交互分析。","逻辑拓扑","对逻辑拓扑相关状态、指标和关系进行集中展示与持续跟踪。","二层网络拓扑","二层网络拓扑用于持续展示和跟踪VLAN、Bridge Domain、L2VNI。","VLAN、Bridge Domain、L2VNI","明确二层网络拓扑覆盖的具体对象、状态或指标，包括VLAN、Bridge Domain、L2VNI。","LLDP/BGP-LS/EVPN 邻接、图模型、物理与逻辑拓扑、历史状态；具体范围：VLAN、Bridge Domain、L2VNI","上线验收、连接关系核对、故障影响定位与拓扑回放；关注：VLAN、Bridge Domain、L2VNI","P0（核心）","支持","二层网络拓扑：Apstra 6.1 通过 Blueprint、Managed Devices、意图/实际状态和 Streaming Telemetry 原生覆盖；范围为 VLAN、Bridge Domain、L2VNI。","支持","二层网络拓扑：CloudVision Inventory、Topology、NetDB/Telemetry、Events 或 Compliance 原生覆盖，主要面向受管 EOS 设备；范围为 VLAN、Bridge Domain、L2VNI。","支持","二层网络拓扑：属于 iMaster NCE-Fabric 的基础管控、拓扑、设备/协议状态或配置生命周期能力；覆盖 VLAN、Bridge Domain、L2VNI，仍需按目标版本、License 与 CloudEngine 型号核对。","部分支持/依设备或版本","二层网络拓扑：拓扑自动发现、实时设备/链路状态、交换机与端口下钻、Linux Host 可见性和历史回放可覆盖部分场景；未核验完整覆盖 VLAN、Bridge Domain、L2VNI。AmpCon-DC（FS / Pica8）面向 PicOS 数据中心交换机；能力范围需按目标版本、License 与兼容硬件确认。"
"可视化与监控","对数据中心网络的拓扑、设备、链路、协议、业务及AIDC指标进行统一可视化和持续监控。","拓扑可视化","展示物理、逻辑、租户及AIDC拓扑关系并提供交互分析。","逻辑拓扑","对逻辑拓扑相关状态、指标和关系进行集中展示与持续跟踪。","三层网络拓扑","三层网络拓扑用于持续展示和跟踪VRF、Routing Zone、Subnet、Gateway。","VRF、Routing Zone、Subnet、Gateway","明确三层网络拓扑覆盖的具体对象、状态或指标，包括VRF、Routing Zone、Subnet、Gateway。","LLDP/BGP-LS/EVPN 邻接、图模型、物理与逻辑拓扑、历史状态；具体范围：VRF、Routing Zone、Subnet、Gateway","上线验收、连接关系核对、故障影响定位与拓扑回放；关注：VRF、Routing Zone、Subnet、Gateway","P0（核心）","支持","三层网络拓扑：Apstra 6.1 通过 Blueprint、Managed Devices、意图/实际状态和 Streaming Telemetry 原生覆盖；范围为 VRF、Routing Zone、Subnet、Gateway。","支持","三层网络拓扑：CloudVision Inventory、Topology、NetDB/Telemetry、Events 或 Compliance 原生覆盖，主要面向受管 EOS 设备；范围为 VRF、Routing Zone、Subnet、Gateway。","支持","三层网络拓扑：属于 iMaster NCE-Fabric 的基础管控、拓扑、设备/协议状态或配置生命周期能力；覆盖 VRF、Routing Zone、Subnet、Gateway，仍需按目标版本、License 与 CloudEngine 型号核对。","部分支持/依设备或版本","三层网络拓扑：拓扑自动发现、实时设备/链路状态、交换机与端口下钻、Linux Host 可见性和历史回放可覆盖部分场景；未核验完整覆盖 VRF、Routing Zone、Subnet、Gateway。AmpCon-DC（FS / Pica8）面向 PicOS 数据中心交换机；能力范围需按目标版本、License 与兼容硬件确认。"
"可视化与监控","对数据中心网络的拓扑、设备、链路、协议、业务及AIDC指标进行统一可视化和持续监控。","拓扑可视化","展示物理、逻辑、租户及AIDC拓扑关系并提供交互分析。","逻辑拓扑","对逻辑拓扑相关状态、指标和关系进行集中展示与持续跟踪。","Underlay拓扑","Underlay拓扑用于持续展示和跟踪BGP、OSPF、IS-IS、ECMP邻接。","BGP、OSPF、IS-IS、ECMP邻接","明确Underlay拓扑覆盖的具体对象、状态或指标，包括BGP、OSPF、IS-IS、ECMP邻接。","LLDP/BGP-LS/EVPN 邻接、图模型、物理与逻辑拓扑、历史状态；具体范围：BGP、OSPF、IS-IS、ECMP邻接","上线验收、连接关系核对、故障影响定位与拓扑回放；关注：BGP、OSPF、IS-IS、ECMP邻接","P0（核心）","支持","Underlay拓扑：Apstra 6.1 通过 Blueprint、Managed Devices、意图/实际状态和 Streaming Telemetry 原生覆盖；范围为 BGP、OSPF、IS-IS、ECMP邻接。","支持","Underlay拓扑：CloudVision Inventory、Topology、NetDB/Telemetry、Events 或 Compliance 原生覆盖，主要面向受管 EOS 设备；范围为 BGP、OSPF、IS-IS、ECMP邻接。","支持","Underlay拓扑：属于 iMaster NCE-Fabric 的基础管控、拓扑、设备/协议状态或配置生命周期能力；覆盖 BGP、OSPF、IS-IS、ECMP邻接，仍需按目标版本、License 与 CloudEngine 型号核对。","部分支持/依设备或版本","Underlay拓扑：拓扑自动发现、实时设备/链路状态、交换机与端口下钻、Linux Host 可见性和历史回放可覆盖部分场景；未核验完整覆盖 BGP、OSPF、IS-IS、ECMP邻接。AmpCon-DC（FS / Pica8）面向 PicOS 数据中心交换机；能力范围需按目标版本、License 与兼容硬件确认。"
"可视化与监控","对数据中心网络的拓扑、设备、链路、协议、业务及AIDC指标进行统一可视化和持续监控。","拓扑可视化","展示物理、逻辑、租户及AIDC拓扑关系并提供交互分析。","逻辑拓扑","对逻辑拓扑相关状态、指标和关系进行集中展示与持续跟踪。","EVPN/VXLAN拓扑","EVPN/VXLAN拓扑用于持续展示和跟踪VTEP、VNI、EVPN Peer、隧道。","VTEP、VNI、EVPN Peer、隧道","明确EVPN/VXLAN拓扑覆盖的具体对象、状态或指标，包括VTEP、VNI、EVPN Peer、隧道。","LLDP/BGP-LS/EVPN 邻接、图模型、物理与逻辑拓扑、历史状态；具体范围：VTEP、VNI、EVPN Peer、隧道","上线验收、连接关系核对、故障影响定位与拓扑回放；关注：VTEP、VNI、EVPN Peer、隧道","P0（核心）","支持","EVPN/VXLAN拓扑：Apstra 6.1 通过 Blueprint、Managed Devices、意图/实际状态和 Streaming Telemetry 原生覆盖；范围为 VTEP、VNI、EVPN Peer、隧道。","支持","EVPN/VXLAN拓扑：CloudVision Inventory、Topology、NetDB/Telemetry、Events 或 Compliance 原生覆盖，主要面向受管 EOS 设备；范围为 VTEP、VNI、EVPN Peer、隧道。","支持","EVPN/VXLAN拓扑：属于 iMaster NCE-Fabric 的基础管控、拓扑、设备/协议状态或配置生命周期能力；覆盖 VTEP、VNI、EVPN Peer、隧道，仍需按目标版本、License 与 CloudEngine 型号核对。","部分支持/依设备或版本","EVPN/VXLAN拓扑：拓扑自动发现、实时设备/链路状态、交换机与端口下钻、Linux Host 可见性和历史回放可覆盖部分场景；未核验完整覆盖 VTEP、VNI、EVPN Peer、隧道。AmpCon-DC（FS / Pica8）面向 PicOS 数据中心交换机；能力范围需按目标版本、License 与兼容硬件确认。"
"可视化与监控","对数据中心网络的拓扑、设备、链路、协议、业务及AIDC指标进行统一可视化和持续监控。","拓扑可视化","展示物理、逻辑、租户及AIDC拓扑关系并提供交互分析。","逻辑拓扑","对逻辑拓扑相关状态、指标和关系进行集中展示与持续跟踪。","租户网络拓扑","租户网络拓扑用于持续展示和跟踪Tenant、VRF、VN、Subnet、Endpoint。","Tenant、VRF、VN、Subnet、Endpoint","明确租户网络拓扑覆盖的具体对象、状态或指标，包括Tenant、VRF、VN、Subnet、Endpoint。","LLDP/BGP-LS/EVPN 邻接、图模型、物理与逻辑拓扑、历史状态；具体范围：Tenant、VRF、VN、Subnet、Endpoint","上线验收、连接关系核对、故障影响定位与拓扑回放；关注：Tenant、VRF、VN、Subnet、Endpoint","P0（核心）","支持","租户网络拓扑：Apstra 6.1 通过 Blueprint、Managed Devices、意图/实际状态和 Streaming Telemetry 原生覆盖；范围为 Tenant、VRF、VN、Subnet、Endpoint。","支持","租户网络拓扑：CloudVision Inventory、Topology、NetDB/Telemetry、Events 或 Compliance 原生覆盖，主要面向受管 EOS 设备；范围为 Tenant、VRF、VN、Subnet、Endpoint。","支持","租户网络拓扑：属于 iMaster NCE-Fabric 的基础管控、拓扑、设备/协议状态或配置生命周期能力；覆盖 Tenant、VRF、VN、Subnet、Endpoint，仍需按目标版本、License 与 CloudEngine 型号核对。","部分支持/依设备或版本","租户网络拓扑：拓扑自动发现、实时设备/链路状态、交换机与端口下钻、Linux Host 可见性和历史回放可覆盖部分场景；未核验完整覆盖 Tenant、VRF、VN、Subnet、Endpoint。AmpCon-DC（FS / Pica8）面向 PicOS 数据中心交换机；能力范围需按目标版本、License 与兼容硬件确认。"
"可视化与监控","对数据中心网络的拓扑、设备、链路、协议、业务及AIDC指标进行统一可视化和持续监控。","拓扑可视化","展示物理、逻辑、租户及AIDC拓扑关系并提供交互分析。","逻辑拓扑","对逻辑拓扑相关状态、指标和关系进行集中展示与持续跟踪。","应用网络拓扑","应用网络拓扑用于持续展示和跟踪应用组、端点组、访问关系。","应用组、端点组、访问关系","明确应用网络拓扑覆盖的具体对象、状态或指标，包括应用组、端点组、访问关系。","LLDP/BGP-LS/EVPN 邻接、图模型、物理与逻辑拓扑、历史状态；具体范围：应用组、端点组、访问关系","上线验收、连接关系核对、故障影响定位与拓扑回放；关注：应用组、端点组、访问关系","P0（核心）","不支持/未发现原生支持","应用网络拓扑：截至 Apstra 6.1 官方资料，未发现基础产品提供该项完整原生分析器或产品化闭环；未将 Juniper DCA/Mist、外部系统或 NOS 单点能力计入。","不支持/未发现原生支持","应用网络拓扑：截至当前 CloudVision 官方资料，未发现基础 CloudVision 原生提供该项完整能力；未把 AVA、CV UNO、CV-CUE、DMF 或 EOS CLI/ASIC 单点能力直接计入。","部分支持/依组件、版本或硬件","应用网络拓扑：iMaster NCE-Fabric 可提供部分管理或状态数据，但覆盖 应用组、端点组、访问关系 的完整字段、工作流或分析器未核验；需按目标版本、License、CloudEngine 型号及是否部署 FabricInsight 确认。","不支持/未发现原生支持","应用网络拓扑：截至已核对的 FS AmpCon-DC 官方可观测性资料与 v2.2.0 发布说明，未发现产品原生完整覆盖 应用组、端点组、访问关系；未把 PicOS 单机 CLI、第三方系统或本地 UI 原型计入。AmpCon-DC（FS / Pica8）面向 PicOS 数据中心交换机；能力范围需按目标版本、License 与兼容硬件确认。"
"可视化与监控","对数据中心网络的拓扑、设备、链路、协议、业务及AIDC指标进行统一可视化和持续监控。","拓扑可视化","展示物理、逻辑、租户及AIDC拓扑关系并提供交互分析。","逻辑拓扑","对逻辑拓扑相关状态、指标和关系进行集中展示与持续跟踪。","DCI拓扑","DCI拓扑用于持续展示和跟踪站点、Border、跨站链路、租户扩展。","站点、Border、跨站链路、租户扩展","明确DCI拓扑覆盖的具体对象、状态或指标，包括站点、Border、跨站链路、租户扩展。","LLDP/BGP-LS/EVPN 邻接、图模型、物理与逻辑拓扑、历史状态；具体范围：站点、Border、跨站链路、租户扩展","上线验收、连接关系核对、故障影响定位与拓扑回放；关注：站点、Border、跨站链路、租户扩展","P0（核心）","部分支持","DCI拓扑：Apstra 可覆盖部分对象或状态；完整字段、工作流或展示需定制 IBA、API、NOS Telemetry 或外部集成。","部分支持","DCI拓扑：CloudVision 可提供部分遥测、事件或配置证据；覆盖 站点、Border、跨站链路、租户扩展 的完整产品化分析器、字段或闭环未核验。","部分支持/依组件、版本或硬件","DCI拓扑：iMaster NCE-Fabric 可提供部分管理或状态数据，但覆盖 站点、Border、跨站链路、租户扩展 的完整字段、工作流或分析器未核验；需按目标版本、License、CloudEngine 型号及是否部署 FabricInsight 确认。","不支持/未发现原生支持","DCI拓扑：截至已核对的 FS AmpCon-DC 官方可观测性资料与 v2.2.0 发布说明，未发现产品原生完整覆盖 站点、Border、跨站链路、租户扩展；未把 PicOS 单机 CLI、第三方系统或本地 UI 原型计入。AmpCon-DC（FS / Pica8）面向 PicOS 数据中心交换机；能力范围需按目标版本、License 与兼容硬件确认。"
"可视化与监控","对数据中心网络的拓扑、设备、链路、协议、业务及AIDC指标进行统一可视化和持续监控。","拓扑可视化","展示物理、逻辑、租户及AIDC拓扑关系并提供交互分析。","逻辑拓扑","对逻辑拓扑相关状态、指标和关系进行集中展示与持续跟踪。","服务链拓扑","服务链拓扑用于持续展示和跟踪防火墙、负载均衡、服务节点、转发顺序。","防火墙、负载均衡、服务节点、转发顺序","明确服务链拓扑覆盖的具体对象、状态或指标，包括防火墙、负载均衡、服务节点、转发顺序。","LLDP/BGP-LS/EVPN 邻接、图模型、物理与逻辑拓扑、历史状态；具体范围：防火墙、负载均衡、服务节点、转发顺序","上线验收、连接关系核对、故障影响定位与拓扑回放；关注：防火墙、负载均衡、服务节点、转发顺序","P0（核心）","不支持/未发现原生支持","服务链拓扑：截至 Apstra 6.1 官方资料，未发现基础产品提供该项完整原生分析器或产品化闭环；未将 Juniper DCA/Mist、外部系统或 NOS 单点能力计入。","不支持/未发现原生支持","服务链拓扑：截至当前 CloudVision 官方资料，未发现基础 CloudVision 原生提供该项完整能力；未把 AVA、CV UNO、CV-CUE、DMF 或 EOS CLI/ASIC 单点能力直接计入。","部分支持/依组件、版本或硬件","服务链拓扑：iMaster NCE-Fabric 可提供部分管理或状态数据，但覆盖 防火墙、负载均衡、服务节点、转发顺序 的完整字段、工作流或分析器未核验；需按目标版本、License、CloudEngine 型号及是否部署 FabricInsight 确认。","不支持/未发现原生支持","服务链拓扑：截至已核对的 FS AmpCon-DC 官方可观测性资料与 v2.2.0 发布说明，未发现产品原生完整覆盖 防火墙、负载均衡、服务节点、转发顺序；未把 PicOS 单机 CLI、第三方系统或本地 UI 原型计入。AmpCon-DC（FS / Pica8）面向 PicOS 数据中心交换机；能力范围需按目标版本、License 与兼容硬件确认。"
"可视化与监控","对数据中心网络的拓扑、设备、链路、协议、业务及AIDC指标进行统一可视化和持续监控。","拓扑可视化","展示物理、逻辑、租户及AIDC拓扑关系并提供交互分析。","AIDC拓扑","对AIDC拓扑相关状态、指标和关系进行集中展示与持续跟踪。","三网拓扑","三网拓扑用于持续展示和跟踪GPU Backend、Storage、Frontend。","GPU Backend、Storage、Frontend","明确三网拓扑覆盖的具体对象、状态或指标，包括GPU Backend、Storage、Frontend。","LLDP/BGP-LS/EVPN 邻接、图模型、物理与逻辑拓扑、历史状态；具体范围：GPU Backend、Storage、Frontend","上线验收、连接关系核对、故障影响定位与拓扑回放；关注：GPU Backend、Storage、Frontend","P0（核心）","部分支持","三网拓扑：Apstra 可覆盖部分对象或状态；完整字段、工作流或展示需定制 IBA、API、NOS Telemetry 或外部集成。","不支持/未发现原生支持","三网拓扑：截至当前 CloudVision 官方资料，未发现基础 CloudVision 原生提供该项完整能力；未把 AVA、CV UNO、CV-CUE、DMF 或 EOS CLI/ASIC 单点能力直接计入。","部分支持/依组件、版本或硬件","三网拓扑：iMaster NCE-Fabric 可提供部分管理或状态数据，但覆盖 GPU Backend、Storage、Frontend 的完整字段、工作流或分析器未核验；需按目标版本、License、CloudEngine 型号及是否部署 FabricInsight 确认。","不支持/未发现原生支持","三网拓扑：截至已核对的 FS AmpCon-DC 官方可观测性资料与 v2.2.0 发布说明，未发现产品原生完整覆盖 GPU Backend、Storage、Frontend；未把 PicOS 单机 CLI、第三方系统或本地 UI 原型计入。AmpCon-DC（FS / Pica8）面向 PicOS 数据中心交换机；能力范围需按目标版本、License 与兼容硬件确认。"
"可视化与监控","对数据中心网络的拓扑、设备、链路、协议、业务及AIDC指标进行统一可视化和持续监控。","拓扑可视化","展示物理、逻辑、租户及AIDC拓扑关系并提供交互分析。","AIDC拓扑","对AIDC拓扑相关状态、指标和关系进行集中展示与持续跟踪。","多平面拓扑","多平面拓扑用于持续展示和跟踪Plane、Rail、Stripe、故障域。","Plane、Rail、Stripe、故障域","明确多平面拓扑覆盖的具体对象、状态或指标，包括Plane、Rail、Stripe、故障域。","LLDP/BGP-LS/EVPN 邻接、图模型、物理与逻辑拓扑、历史状态；具体范围：Plane、Rail、Stripe、故障域","上线验收、连接关系核对、故障影响定位与拓扑回放；关注：Plane、Rail、Stripe、故障域","P0（核心）","部分支持","多平面拓扑：Apstra 可覆盖部分对象或状态；完整字段、工作流或展示需定制 IBA、API、NOS Telemetry 或外部集成。","不支持/未发现原生支持","多平面拓扑：截至当前 CloudVision 官方资料，未发现基础 CloudVision 原生提供该项完整能力；未把 AVA、CV UNO、CV-CUE、DMF 或 EOS CLI/ASIC 单点能力直接计入。","部分支持/依组件、版本或硬件","多平面拓扑：iMaster NCE-Fabric 可提供部分管理或状态数据，但覆盖 Plane、Rail、Stripe、故障域 的完整字段、工作流或分析器未核验；需按目标版本、License、CloudEngine 型号及是否部署 FabricInsight 确认。","不支持/未发现原生支持","多平面拓扑：截至已核对的 FS AmpCon-DC 官方可观测性资料与 v2.2.0 发布说明，未发现产品原生完整覆盖 Plane、Rail、Stripe、故障域；未把 PicOS 单机 CLI、第三方系统或本地 UI 原型计入。AmpCon-DC（FS / Pica8）面向 PicOS 数据中心交换机；能力范围需按目标版本、License 与兼容硬件确认。"
"可视化与监控","对数据中心网络的拓扑、设备、链路、协议、业务及AIDC指标进行统一可视化和持续监控。","拓扑可视化","展示物理、逻辑、租户及AIDC拓扑关系并提供交互分析。","AIDC拓扑","对AIDC拓扑相关状态、指标和关系进行集中展示与持续跟踪。","GPU Pod拓扑","GPU Pod拓扑用于持续展示和跟踪Pod、Rack、GPU Server、Leaf、Spine。","Pod、Rack、GPU Server、Leaf、Spine","明确GPU Pod拓扑覆盖的具体对象、状态或指标，包括Pod、Rack、GPU Server、Leaf、Spine。","LLDP/BGP-LS/EVPN 邻接、图模型、物理与逻辑拓扑、历史状态；具体范围：Pod、Rack、GPU Server、Leaf、Spine","上线验收、连接关系核对、故障影响定位与拓扑回放；关注：Pod、Rack、GPU Server、Leaf、Spine","P0（核心）","部分支持","GPU Pod拓扑：Apstra 可覆盖部分对象或状态；完整字段、工作流或展示需定制 IBA、API、NOS Telemetry 或外部集成。","不支持/未发现原生支持","GPU Pod拓扑：截至当前 CloudVision 官方资料，未发现基础 CloudVision 原生提供该项完整能力；未把 AVA、CV UNO、CV-CUE、DMF 或 EOS CLI/ASIC 单点能力直接计入。","部分支持/依组件、版本或硬件","GPU Pod拓扑：iMaster NCE-Fabric 可提供部分管理或状态数据，但覆盖 Pod、Rack、GPU Server、Leaf、Spine 的完整字段、工作流或分析器未核验；需按目标版本、License、CloudEngine 型号及是否部署 FabricInsight 确认。","不支持/未发现原生支持","GPU Pod拓扑：截至已核对的 FS AmpCon-DC 官方可观测性资料与 v2.2.0 发布说明，未发现产品原生完整覆盖 Pod、Rack、GPU Server、Leaf、Spine；未把 PicOS 单机 CLI、第三方系统或本地 UI 原型计入。AmpCon-DC（FS / Pica8）面向 PicOS 数据中心交换机；能力范围需按目标版本、License 与兼容硬件确认。"
"可视化与监控","对数据中心网络的拓扑、设备、链路、协议、业务及AIDC指标进行统一可视化和持续监控。","拓扑可视化","展示物理、逻辑、租户及AIDC拓扑关系并提供交互分析。","AIDC拓扑","对AIDC拓扑相关状态、指标和关系进行集中展示与持续跟踪。","GPU NIC接线拓扑","GPU NIC接线拓扑用于持续展示和跟踪GPU NIC、交换机端口、Rail、Plane。","GPU NIC、交换机端口、Rail、Plane","明确GPU NIC接线拓扑覆盖的具体对象、状态或指标，包括GPU NIC、交换机端口、Rail、Plane。","LLDP/BGP-LS/EVPN 邻接、图模型、物理与逻辑拓扑、历史状态；具体范围：GPU NIC、交换机端口、Rail、Plane","上线验收、连接关系核对、故障影响定位与拓扑回放；关注：GPU NIC、交换机端口、Rail、Plane","P0（核心）","部分支持","GPU NIC接线拓扑：Apstra 可覆盖部分对象或状态；完整字段、工作流或展示需定制 IBA、API、NOS Telemetry 或外部集成。","不支持/未发现原生支持","GPU NIC接线拓扑：截至当前 CloudVision 官方资料，未发现基础 CloudVision 原生提供该项完整能力；未把 AVA、CV UNO、CV-CUE、DMF 或 EOS CLI/ASIC 单点能力直接计入。","部分支持/依组件、版本或硬件","GPU NIC接线拓扑：iMaster NCE-Fabric 可提供部分管理或状态数据，但覆盖 GPU NIC、交换机端口、Rail、Plane 的完整字段、工作流或分析器未核验；需按目标版本、License、CloudEngine 型号及是否部署 FabricInsight 确认。","部分支持/依设备或版本","GPU NIC接线拓扑：拓扑自动发现、实时设备/链路状态、交换机与端口下钻、Linux Host 可见性和历史回放可覆盖部分场景；未核验完整覆盖 GPU NIC、交换机端口、Rail、Plane。AmpCon-DC（FS / Pica8）面向 PicOS 数据中心交换机；能力范围需按目标版本、License 与兼容硬件确认。"
"可视化与监控","对数据中心网络的拓扑、设备、链路、协议、业务及AIDC指标进行统一可视化和持续监控。","拓扑可视化","展示物理、逻辑、租户及AIDC拓扑关系并提供交互分析。","拓扑交互","对拓扑交互相关状态、指标和关系进行集中展示与持续跟踪。","搜索与定位","搜索与定位用于持续展示和跟踪设备名、序列号、IP、MAC、接口、租户。","设备名、序列号、IP、MAC、接口、租户","明确搜索与定位覆盖的具体对象、状态或指标，包括设备名、序列号、IP、MAC、接口、租户。","LLDP/BGP-LS/EVPN 邻接、图模型、物理与逻辑拓扑、历史状态；具体范围：设备名、序列号、IP、MAC、接口、租户","上线验收、连接关系核对、故障影响定位与拓扑回放；关注：设备名、序列号、IP、MAC、接口、租户","P0（核心）","支持","搜索与定位：Apstra 6.1 通过 Blueprint、Managed Devices、意图/实际状态和 Streaming Telemetry 原生覆盖；范围为 设备名、序列号、IP、MAC、接口、租户。","支持","搜索与定位：CloudVision Inventory、Topology、NetDB/Telemetry、Events 或 Compliance 原生覆盖，主要面向受管 EOS 设备；范围为 设备名、序列号、IP、MAC、接口、租户。","支持","搜索与定位：属于 iMaster NCE-Fabric 的基础管控、拓扑、设备/协议状态或配置生命周期能力；覆盖 设备名、序列号、IP、MAC、接口、租户，仍需按目标版本、License 与 CloudEngine 型号核对。","不支持/未发现原生支持","搜索与定位：截至已核对的 FS AmpCon-DC 官方可观测性资料与 v2.2.0 发布说明，未发现产品原生完整覆盖 设备名、序列号、IP、MAC、接口、租户；未把 PicOS 单机 CLI、第三方系统或本地 UI 原型计入。AmpCon-DC（FS / Pica8）面向 PicOS 数据中心交换机；能力范围需按目标版本、License 与兼容硬件确认。"
"可视化与监控","对数据中心网络的拓扑、设备、链路、协议、业务及AIDC指标进行统一可视化和持续监控。","拓扑可视化","展示物理、逻辑、租户及AIDC拓扑关系并提供交互分析。","拓扑交互","对拓扑交互相关状态、指标和关系进行集中展示与持续跟踪。","条件筛选","条件筛选用于持续展示和跟踪站点、角色、状态、告警、厂商、型号。","站点、角色、状态、告警、厂商、型号","明确条件筛选覆盖的具体对象、状态或指标，包括站点、角色、状态、告警、厂商、型号。","LLDP/BGP-LS/EVPN 邻接、图模型、物理与逻辑拓扑、历史状态；具体范围：站点、角色、状态、告警、厂商、型号","上线验收、连接关系核对、故障影响定位与拓扑回放；关注：站点、角色、状态、告警、厂商、型号","P0（核心）","支持","条件筛选：Apstra 6.1 通过 Blueprint、Managed Devices、意图/实际状态和 Streaming Telemetry 原生覆盖；范围为 站点、角色、状态、告警、厂商、型号。","支持","条件筛选：CloudVision Inventory、Topology、NetDB/Telemetry、Events 或 Compliance 原生覆盖，主要面向受管 EOS 设备；范围为 站点、角色、状态、告警、厂商、型号。","支持","条件筛选：属于 iMaster NCE-Fabric 的基础管控、拓扑、设备/协议状态或配置生命周期能力；覆盖 站点、角色、状态、告警、厂商、型号，仍需按目标版本、License 与 CloudEngine 型号核对。","不支持/未发现原生支持","条件筛选：截至已核对的 FS AmpCon-DC 官方可观测性资料与 v2.2.0 发布说明，未发现产品原生完整覆盖 站点、角色、状态、告警、厂商、型号；未把 PicOS 单机 CLI、第三方系统或本地 UI 原型计入。AmpCon-DC（FS / Pica8）面向 PicOS 数据中心交换机；能力范围需按目标版本、License 与兼容硬件确认。"
"可视化与监控","对数据中心网络的拓扑、设备、链路、协议、业务及AIDC指标进行统一可视化和持续监控。","拓扑可视化","展示物理、逻辑、租户及AIDC拓扑关系并提供交互分析。","拓扑交互","对拓扑交互相关状态、指标和关系进行集中展示与持续跟踪。","图层切换","图层切换用于持续展示和跟踪物理、Underlay、Overlay、租户、告警。","物理、Underlay、Overlay、租户、告警","明确图层切换覆盖的具体对象、状态或指标，包括物理、Underlay、Overlay、租户、告警。","LLDP/BGP-LS/EVPN 邻接、图模型、物理与逻辑拓扑、历史状态；具体范围：物理、Underlay、Overlay、租户、告警","上线验收、连接关系核对、故障影响定位与拓扑回放；关注：物理、Underlay、Overlay、租户、告警","P0（核心）","支持","图层切换：Apstra 6.1 通过 Blueprint、Managed Devices、意图/实际状态和 Streaming Telemetry 原生覆盖；范围为 物理、Underlay、Overlay、租户、告警。","支持","图层切换：CloudVision Inventory、Topology、NetDB/Telemetry、Events 或 Compliance 原生覆盖，主要面向受管 EOS 设备；范围为 物理、Underlay、Overlay、租户、告警。","支持","图层切换：属于 iMaster NCE-Fabric 的基础管控、拓扑、设备/协议状态或配置生命周期能力；覆盖 物理、Underlay、Overlay、租户、告警，仍需按目标版本、License 与 CloudEngine 型号核对。","部分支持/依设备或版本","图层切换：拓扑自动发现、实时设备/链路状态、交换机与端口下钻、Linux Host 可见性和历史回放可覆盖部分场景；未核验完整覆盖 物理、Underlay、Overlay、租户、告警。AmpCon-DC（FS / Pica8）面向 PicOS 数据中心交换机；能力范围需按目标版本、License 与兼容硬件确认。"
"可视化与监控","对数据中心网络的拓扑、设备、链路、协议、业务及AIDC指标进行统一可视化和持续监控。","拓扑可视化","展示物理、逻辑、租户及AIDC拓扑关系并提供交互分析。","拓扑交互","对拓扑交互相关状态、指标和关系进行集中展示与持续跟踪。","分组与折叠","分组与折叠用于持续展示和跟踪站点、Pod、机架、设备组、租户。","站点、Pod、机架、设备组、租户","明确分组与折叠覆盖的具体对象、状态或指标，包括站点、Pod、机架、设备组、租户。","LLDP/BGP-LS/EVPN 邻接、图模型、物理与逻辑拓扑、历史状态；具体范围：站点、Pod、机架、设备组、租户","上线验收、连接关系核对、故障影响定位与拓扑回放；关注：站点、Pod、机架、设备组、租户","P0（核心）","支持","分组与折叠：Apstra 6.1 通过 Blueprint、Managed Devices、意图/实际状态和 Streaming Telemetry 原生覆盖；范围为 站点、Pod、机架、设备组、租户。","支持","分组与折叠：CloudVision Inventory、Topology、NetDB/Telemetry、Events 或 Compliance 原生覆盖，主要面向受管 EOS 设备；范围为 站点、Pod、机架、设备组、租户。","支持","分组与折叠：属于 iMaster NCE-Fabric 的基础管控、拓扑、设备/协议状态或配置生命周期能力；覆盖 站点、Pod、机架、设备组、租户，仍需按目标版本、License 与 CloudEngine 型号核对。","不支持/未发现原生支持","分组与折叠：截至已核对的 FS AmpCon-DC 官方可观测性资料与 v2.2.0 发布说明，未发现产品原生完整覆盖 站点、Pod、机架、设备组、租户；未把 PicOS 单机 CLI、第三方系统或本地 UI 原型计入。AmpCon-DC（FS / Pica8）面向 PicOS 数据中心交换机；能力范围需按目标版本、License 与兼容硬件确认。"
"可视化与监控","对数据中心网络的拓扑、设备、链路、协议、业务及AIDC指标进行统一可视化和持续监控。","拓扑可视化","展示物理、逻辑、租户及AIDC拓扑关系并提供交互分析。","拓扑交互","对拓扑交互相关状态、指标和关系进行集中展示与持续跟踪。","路径高亮","路径高亮用于持续展示和跟踪端到端、ECMP、主备路径。","端到端、ECMP、主备路径","明确路径高亮覆盖的具体对象、状态或指标，包括端到端、ECMP、主备路径。","LLDP/BGP-LS/EVPN 邻接、图模型、物理与逻辑拓扑、历史状态；具体范围：端到端、ECMP、主备路径","上线验收、连接关系核对、故障影响定位与拓扑回放；关注：端到端、ECMP、主备路径","P0（核心）","部分支持","路径高亮：Apstra 可覆盖部分对象或状态；完整字段、工作流或展示需定制 IBA、API、NOS Telemetry 或外部集成。","部分支持","路径高亮：CloudVision 可提供部分遥测、事件或配置证据；覆盖 端到端、ECMP、主备路径 的完整产品化分析器、字段或闭环未核验。","部分支持/依组件、版本或硬件","路径高亮：iMaster NCE-Fabric 可提供部分管理或状态数据，但覆盖 端到端、ECMP、主备路径 的完整字段、工作流或分析器未核验；需按目标版本、License、CloudEngine 型号及是否部署 FabricInsight 确认。","不支持/未发现原生支持","路径高亮：截至已核对的 FS AmpCon-DC 官方可观测性资料与 v2.2.0 发布说明，未发现产品原生完整覆盖 端到端、ECMP、主备路径；未把 PicOS 单机 CLI、第三方系统或本地 UI 原型计入。AmpCon-DC（FS / Pica8）面向 PicOS 数据中心交换机；能力范围需按目标版本、License 与兼容硬件确认。"
"可视化与监控","对数据中心网络的拓扑、设备、链路、协议、业务及AIDC指标进行统一可视化和持续监控。","拓扑可视化","展示物理、逻辑、租户及AIDC拓扑关系并提供交互分析。","拓扑交互","对拓扑交互相关状态、指标和关系进行集中展示与持续跟踪。","历史拓扑回放","历史拓扑回放用于持续展示和跟踪指定时间点、变更前后、故障时刻。","指定时间点、变更前后、故障时刻","明确历史拓扑回放覆盖的具体对象、状态或指标，包括指定时间点、变更前后、故障时刻。","LLDP/BGP-LS/EVPN 邻接、图模型、物理与逻辑拓扑、历史状态；具体范围：指定时间点、变更前后、故障时刻","上线验收、连接关系核对、故障影响定位与拓扑回放；关注：指定时间点、变更前后、故障时刻","P0（核心）","支持","历史拓扑回放：Apstra 6.1 通过 Blueprint、Managed Devices、意图/实际状态和 Streaming Telemetry 原生覆盖；范围为 指定时间点、变更前后、故障时刻。","支持","历史拓扑回放：CloudVision Inventory、Topology、NetDB/Telemetry、Events 或 Compliance 原生覆盖，主要面向受管 EOS 设备；范围为 指定时间点、变更前后、故障时刻。","部分支持/依组件、版本或硬件","历史拓扑回放：iMaster NCE-Fabric 可提供部分管理或状态数据，但覆盖 指定时间点、变更前后、故障时刻 的完整字段、工作流或分析器未核验；需按目标版本、License、CloudEngine 型号及是否部署 FabricInsight 确认。","支持","历史拓扑回放：FS 官方资料明确提供交换机/链路拓扑自动发现、实时状态与链路健康、多级下钻及历史拓扑回放；覆盖 指定时间点、变更前后、故障时刻。AmpCon-DC（FS / Pica8）面向 PicOS 数据中心交换机；能力范围需按目标版本、License 与兼容硬件确认。"
"可视化与监控","对数据中心网络的拓扑、设备、链路、协议、业务及AIDC指标进行统一可视化和持续监控。","拓扑可视化","展示物理、逻辑、租户及AIDC拓扑关系并提供交互分析。","拓扑交互","对拓扑交互相关状态、指标和关系进行集中展示与持续跟踪。","拓扑导出","拓扑导出用于持续展示和跟踪PNG、SVG、PDF、JSON。","PNG、SVG、PDF、JSON","明确拓扑导出覆盖的具体对象、状态或指标，包括PNG、SVG、PDF、JSON。","LLDP/BGP-LS/EVPN 邻接、图模型、物理与逻辑拓扑、历史状态；具体范围：PNG、SVG、PDF、JSON","上线验收、连接关系核对、故障影响定位与拓扑回放；关注：PNG、SVG、PDF、JSON","P0（核心）","不支持/未发现原生支持","拓扑导出：截至 Apstra 6.1 官方资料，未发现基础产品提供该项完整原生分析器或产品化闭环；未将 Juniper DCA/Mist、外部系统或 NOS 单点能力计入。","不支持/未发现原生支持","拓扑导出：截至当前 CloudVision 官方资料，未发现基础 CloudVision 原生提供该项完整能力；未把 AVA、CV UNO、CV-CUE、DMF 或 EOS CLI/ASIC 单点能力直接计入。","部分支持/依组件、版本或硬件","拓扑导出：iMaster NCE-Fabric 可提供部分管理或状态数据，但覆盖 PNG、SVG、PDF、JSON 的完整字段、工作流或分析器未核验；需按目标版本、License、CloudEngine 型号及是否部署 FabricInsight 确认。","不支持/未发现原生支持","拓扑导出：截至已核对的 FS AmpCon-DC 官方可观测性资料与 v2.2.0 发布说明，未发现产品原生完整覆盖 PNG、SVG、PDF、JSON；未把 PicOS 单机 CLI、第三方系统或本地 UI 原型计入。AmpCon-DC（FS / Pica8）面向 PicOS 数据中心交换机；能力范围需按目标版本、License 与兼容硬件确认。"
"可视化与监控","对数据中心网络的拓扑、设备、链路、协议、业务及AIDC指标进行统一可视化和持续监控。","设备监控","持续监控网络设备资产、硬件、环境、资源和系统运行状态。","资产信息","对资产信息相关状态、指标和关系进行集中展示与持续跟踪。","设备身份","设备身份用于持续展示和跟踪厂商、型号、序列号、NOS、版本。","厂商、型号、序列号、NOS、版本","明确设备身份覆盖的具体对象、状态或指标，包括厂商、型号、序列号、NOS、版本。","Inventory、SNMP/gNMI/Streaming Telemetry、硬件与系统指标；具体范围：厂商、型号、序列号、NOS、版本","资产盘点、设备巡检、硬件故障发现与资源异常定位；关注：厂商、型号、序列号、NOS、版本","P0（核心）","支持","设备身份：Apstra 6.1 通过 Blueprint、Managed Devices、意图/实际状态和 Streaming Telemetry 原生覆盖；范围为 厂商、型号、序列号、NOS、版本。","支持","设备身份：CloudVision Inventory、Topology、NetDB/Telemetry、Events 或 Compliance 原生覆盖，主要面向受管 EOS 设备；范围为 厂商、型号、序列号、NOS、版本。","支持","设备身份：属于 iMaster NCE-Fabric 的基础管控、拓扑、设备/协议状态或配置生命周期能力；覆盖 厂商、型号、序列号、NOS、版本，仍需按目标版本、License 与 CloudEngine 型号核对。","部分支持/依设备或版本","设备身份：拓扑自动发现、实时设备/链路状态、交换机与端口下钻、Linux Host 可见性和历史回放可覆盖部分场景；未核验完整覆盖 厂商、型号、序列号、NOS、版本。AmpCon-DC（FS / Pica8）面向 PicOS 数据中心交换机；能力范围需按目标版本、License 与兼容硬件确认。"
"可视化与监控","对数据中心网络的拓扑、设备、链路、协议、业务及AIDC指标进行统一可视化和持续监控。","设备监控","持续监控网络设备资产、硬件、环境、资源和系统运行状态。","资产信息","对资产信息相关状态、指标和关系进行集中展示与持续跟踪。","设备角色","设备角色用于持续展示和跟踪Super-Spine、Spine、Leaf、Border、OOB。","Super-Spine、Spine、Leaf、Border、OOB","明确设备角色覆盖的具体对象、状态或指标，包括Super-Spine、Spine、Leaf、Border、OOB。","Inventory、SNMP/gNMI/Streaming Telemetry、硬件与系统指标；具体范围：Super-Spine、Spine、Leaf、Border、OOB","资产盘点、设备巡检、硬件故障发现与资源异常定位；关注：Super-Spine、Spine、Leaf、Border、OOB","P0（核心）","支持","设备角色：Apstra 6.1 通过 Blueprint、Managed Devices、意图/实际状态和 Streaming Telemetry 原生覆盖；范围为 Super-Spine、Spine、Leaf、Border、OOB。","支持","设备角色：CloudVision Inventory、Topology、NetDB/Telemetry、Events 或 Compliance 原生覆盖，主要面向受管 EOS 设备；范围为 Super-Spine、Spine、Leaf、Border、OOB。","支持","设备角色：属于 iMaster NCE-Fabric 的基础管控、拓扑、设备/协议状态或配置生命周期能力；覆盖 Super-Spine、Spine、Leaf、Border、OOB，仍需按目标版本、License 与 CloudEngine 型号核对。","部分支持/依设备或版本","设备角色：拓扑自动发现、实时设备/链路状态、交换机与端口下钻、Linux Host 可见性和历史回放可覆盖部分场景；未核验完整覆盖 Super-Spine、Spine、Leaf、Border、OOB。AmpCon-DC（FS / Pica8）面向 PicOS 数据中心交换机；能力范围需按目标版本、License 与兼容硬件确认。"
"可视化与监控","对数据中心网络的拓扑、设备、链路、协议、业务及AIDC指标进行统一可视化和持续监控。","设备监控","持续监控网络设备资产、硬件、环境、资源和系统运行状态。","资产信息","对资产信息相关状态、指标和关系进行集中展示与持续跟踪。","生命周期状态","生命周期状态用于持续展示和跟踪待纳管、已纳管、维护、退役、失联。","待纳管、已纳管、维护、退役、失联","明确生命周期状态覆盖的具体对象、状态或指标，包括待纳管、已纳管、维护、退役、失联。","Inventory、SNMP/gNMI/Streaming Telemetry、硬件与系统指标；具体范围：待纳管、已纳管、维护、退役、失联","资产盘点、设备巡检、硬件故障发现与资源异常定位；关注：待纳管、已纳管、维护、退役、失联","P0（核心）","支持","生命周期状态：Apstra 6.1 通过 Blueprint、Managed Devices、意图/实际状态和 Streaming Telemetry 原生覆盖；范围为 待纳管、已纳管、维护、退役、失联。","支持","生命周期状态：CloudVision Inventory、Topology、NetDB/Telemetry、Events 或 Compliance 原生覆盖，主要面向受管 EOS 设备；范围为 待纳管、已纳管、维护、退役、失联。","支持","生命周期状态：属于 iMaster NCE-Fabric 的基础管控、拓扑、设备/协议状态或配置生命周期能力；覆盖 待纳管、已纳管、维护、退役、失联，仍需按目标版本、License 与 CloudEngine 型号核对。","部分支持/依设备或版本","生命周期状态：拓扑自动发现、实时设备/链路状态、交换机与端口下钻、Linux Host 可见性和历史回放可覆盖部分场景；未核验完整覆盖 待纳管、已纳管、维护、退役、失联。AmpCon-DC（FS / Pica8）面向 PicOS 数据中心交换机；能力范围需按目标版本、License 与兼容硬件确认。"
"可视化与监控","对数据中心网络的拓扑、设备、链路、协议、业务及AIDC指标进行统一可视化和持续监控。","设备监控","持续监控网络设备资产、硬件、环境、资源和系统运行状态。","硬件状态","对硬件状态相关状态、指标和关系进行集中展示与持续跟踪。","板卡状态","板卡状态用于持续展示和跟踪在线、离线、故障、重启。","在线、离线、故障、重启","明确板卡状态覆盖的具体对象、状态或指标，包括在线、离线、故障、重启。","Inventory、SNMP/gNMI/Streaming Telemetry、硬件与系统指标；具体范围：在线、离线、故障、重启","资产盘点、设备巡检、硬件故障发现与资源异常定位；关注：在线、离线、故障、重启","P0（核心）","支持","板卡状态：Apstra 6.1 通过 Blueprint、Managed Devices、意图/实际状态和 Streaming Telemetry 原生覆盖；范围为 在线、离线、故障、重启。","支持","板卡状态：CloudVision Inventory、Topology、NetDB/Telemetry、Events 或 Compliance 原生覆盖，主要面向受管 EOS 设备；范围为 在线、离线、故障、重启。","支持","板卡状态：属于 iMaster NCE-Fabric 的基础管控、拓扑、设备/协议状态或配置生命周期能力；覆盖 在线、离线、故障、重启，仍需按目标版本、License 与 CloudEngine 型号核对。","不支持/未发现原生支持","板卡状态：截至已核对的 FS AmpCon-DC 官方可观测性资料与 v2.2.0 发布说明，未发现产品原生完整覆盖 在线、离线、故障、重启；未把 PicOS 单机 CLI、第三方系统或本地 UI 原型计入。AmpCon-DC（FS / Pica8）面向 PicOS 数据中心交换机；能力范围需按目标版本、License 与兼容硬件确认。"
"可视化与监控","对数据中心网络的拓扑、设备、链路、协议、业务及AIDC指标进行统一可视化和持续监控。","设备监控","持续监控网络设备资产、硬件、环境、资源和系统运行状态。","硬件状态","对硬件状态相关状态、指标和关系进行集中展示与持续跟踪。","电源状态","电源状态用于持续展示和跟踪输入、输出、功率、冗余、故障。","输入、输出、功率、冗余、故障","明确电源状态覆盖的具体对象、状态或指标，包括输入、输出、功率、冗余、故障。","Inventory、SNMP/gNMI/Streaming Telemetry、硬件与系统指标；具体范围：输入、输出、功率、冗余、故障","资产盘点、设备巡检、硬件故障发现与资源异常定位；关注：输入、输出、功率、冗余、故障","P0（核心）","支持","电源状态：Apstra 6.1 通过 Blueprint、Managed Devices、意图/实际状态和 Streaming Telemetry 原生覆盖；范围为 输入、输出、功率、冗余、故障。","支持","电源状态：CloudVision Inventory、Topology、NetDB/Telemetry、Events 或 Compliance 原生覆盖，主要面向受管 EOS 设备；范围为 输入、输出、功率、冗余、故障。","支持","电源状态：属于 iMaster NCE-Fabric 的基础管控、拓扑、设备/协议状态或配置生命周期能力；覆盖 输入、输出、功率、冗余、故障，仍需按目标版本、License 与 CloudEngine 型号核对。","不支持/未发现原生支持","电源状态：截至已核对的 FS AmpCon-DC 官方可观测性资料与 v2.2.0 发布说明，未发现产品原生完整覆盖 输入、输出、功率、冗余、故障；未把 PicOS 单机 CLI、第三方系统或本地 UI 原型计入。AmpCon-DC（FS / Pica8）面向 PicOS 数据中心交换机；能力范围需按目标版本、License 与兼容硬件确认。"
"可视化与监控","对数据中心网络的拓扑、设备、链路、协议、业务及AIDC指标进行统一可视化和持续监控。","设备监控","持续监控网络设备资产、硬件、环境、资源和系统运行状态。","硬件状态","对硬件状态相关状态、指标和关系进行集中展示与持续跟踪。","风扇状态","风扇状态用于持续展示和跟踪转速、运行状态、故障。","转速、运行状态、故障","明确风扇状态覆盖的具体对象、状态或指标，包括转速、运行状态、故障。","Inventory、SNMP/gNMI/Streaming Telemetry、硬件与系统指标；具体范围：转速、运行状态、故障","资产盘点、设备巡检、硬件故障发现与资源异常定位；关注：转速、运行状态、故障","P0（核心）","支持","风扇状态：Apstra 6.1 通过 Blueprint、Managed Devices、意图/实际状态和 Streaming Telemetry 原生覆盖；范围为 转速、运行状态、故障。","支持","风扇状态：CloudVision Inventory、Topology、NetDB/Telemetry、Events 或 Compliance 原生覆盖，主要面向受管 EOS 设备；范围为 转速、运行状态、故障。","支持","风扇状态：属于 iMaster NCE-Fabric 的基础管控、拓扑、设备/协议状态或配置生命周期能力；覆盖 转速、运行状态、故障，仍需按目标版本、License 与 CloudEngine 型号核对。","不支持/未发现原生支持","风扇状态：截至已核对的 FS AmpCon-DC 官方可观测性资料与 v2.2.0 发布说明，未发现产品原生完整覆盖 转速、运行状态、故障；未把 PicOS 单机 CLI、第三方系统或本地 UI 原型计入。AmpCon-DC（FS / Pica8）面向 PicOS 数据中心交换机；能力范围需按目标版本、License 与兼容硬件确认。"
"可视化与监控","对数据中心网络的拓扑、设备、链路、协议、业务及AIDC指标进行统一可视化和持续监控。","设备监控","持续监控网络设备资产、硬件、环境、资源和系统运行状态。","环境状态","对环境状态相关状态、指标和关系进行集中展示与持续跟踪。","温度监控","温度监控用于持续展示和跟踪当前温度、阈值、历史趋势。","当前温度、阈值、历史趋势","明确温度监控覆盖的具体对象、状态或指标，包括当前温度、阈值、历史趋势。","Inventory、SNMP/gNMI/Streaming Telemetry、硬件与系统指标；具体范围：当前温度、阈值、历史趋势","资产盘点、设备巡检、硬件故障发现与资源异常定位；关注：当前温度、阈值、历史趋势","P0（核心）","支持","温度监控：Apstra 6.1 通过 Blueprint、Managed Devices、意图/实际状态和 Streaming Telemetry 原生覆盖；范围为 当前温度、阈值、历史趋势。","支持","温度监控：CloudVision Inventory、Topology、NetDB/Telemetry、Events 或 Compliance 原生覆盖，主要面向受管 EOS 设备；范围为 当前温度、阈值、历史趋势。","支持","温度监控：属于 iMaster NCE-Fabric 的基础管控、拓扑、设备/协议状态或配置生命周期能力；覆盖 当前温度、阈值、历史趋势，仍需按目标版本、License 与 CloudEngine 型号核对。","部分支持/依设备或版本","温度监控：内置 Telemetry 已公开覆盖端口、带宽、设备资源、BGP/OSPF 邻居、MAC/ARP/路由表及历史查询；具体字段未核验完整覆盖 当前温度、阈值、历史趋势。AmpCon-DC（FS / Pica8）面向 PicOS 数据中心交换机；能力范围需按目标版本、License 与兼容硬件确认。"
"可视化与监控","对数据中心网络的拓扑、设备、链路、协议、业务及AIDC指标进行统一可视化和持续监控。","设备监控","持续监控网络设备资产、硬件、环境、资源和系统运行状态。","环境状态","对环境状态相关状态、指标和关系进行集中展示与持续跟踪。","电压与功耗","电压与功耗用于持续展示和跟踪电压、电流、功率、能耗。","电压、电流、功率、能耗","明确电压与功耗覆盖的具体对象、状态或指标，包括电压、电流、功率、能耗。","Inventory、SNMP/gNMI/Streaming Telemetry、硬件与系统指标；具体范围：电压、电流、功率、能耗","资产盘点、设备巡检、硬件故障发现与资源异常定位；关注：电压、电流、功率、能耗","P0（核心）","支持","电压与功耗：Apstra 6.1 通过 Blueprint、Managed Devices、意图/实际状态和 Streaming Telemetry 原生覆盖；范围为 电压、电流、功率、能耗。","支持","电压与功耗：CloudVision Inventory、Topology、NetDB/Telemetry、Events 或 Compliance 原生覆盖，主要面向受管 EOS 设备；范围为 电压、电流、功率、能耗。","支持","电压与功耗：属于 iMaster NCE-Fabric 的基础管控、拓扑、设备/协议状态或配置生命周期能力；覆盖 电压、电流、功率、能耗，仍需按目标版本、License 与 CloudEngine 型号核对。","不支持/未发现原生支持","电压与功耗：截至已核对的 FS AmpCon-DC 官方可观测性资料与 v2.2.0 发布说明，未发现产品原生完整覆盖 电压、电流、功率、能耗；未把 PicOS 单机 CLI、第三方系统或本地 UI 原型计入。AmpCon-DC（FS / Pica8）面向 PicOS 数据中心交换机；能力范围需按目标版本、License 与兼容硬件确认。"
"可视化与监控","对数据中心网络的拓扑、设备、链路、协议、业务及AIDC指标进行统一可视化和持续监控。","设备监控","持续监控网络设备资产、硬件、环境、资源和系统运行状态。","系统性能","对系统性能相关状态、指标和关系进行集中展示与持续跟踪。","CPU监控","CPU监控用于持续展示和跟踪当前值、峰值、平均值、趋势。","当前值、峰值、平均值、趋势","明确CPU监控覆盖的具体对象、状态或指标，包括当前值、峰值、平均值、趋势。","Inventory、SNMP/gNMI/Streaming Telemetry、硬件与系统指标；具体范围：当前值、峰值、平均值、趋势","资产盘点、设备巡检、硬件故障发现与资源异常定位；关注：当前值、峰值、平均值、趋势","P0（核心）","支持","CPU监控：Apstra 6.1 通过 Blueprint、Managed Devices、意图/实际状态和 Streaming Telemetry 原生覆盖；范围为 当前值、峰值、平均值、趋势。","支持","CPU监控：CloudVision Inventory、Topology、NetDB/Telemetry、Events 或 Compliance 原生覆盖，主要面向受管 EOS 设备；范围为 当前值、峰值、平均值、趋势。","支持","CPU监控：属于 iMaster NCE-Fabric 的基础管控、拓扑、设备/协议状态或配置生命周期能力；覆盖 当前值、峰值、平均值、趋势，仍需按目标版本、License 与 CloudEngine 型号核对。","部分支持/依设备或版本","CPU监控：内置 Telemetry 已公开覆盖端口、带宽、设备资源、BGP/OSPF 邻居、MAC/ARP/路由表及历史查询；具体字段未核验完整覆盖 当前值、峰值、平均值、趋势。AmpCon-DC（FS / Pica8）面向 PicOS 数据中心交换机；能力范围需按目标版本、License 与兼容硬件确认。"
"可视化与监控","对数据中心网络的拓扑、设备、链路、协议、业务及AIDC指标进行统一可视化和持续监控。","设备监控","持续监控网络设备资产、硬件、环境、资源和系统运行状态。","系统性能","对系统性能相关状态、指标和关系进行集中展示与持续跟踪。","内存监控","内存监控用于持续展示和跟踪已用、可用、利用率、趋势。","已用、可用、利用率、趋势","明确内存监控覆盖的具体对象、状态或指标，包括已用、可用、利用率、趋势。","Inventory、SNMP/gNMI/Streaming Telemetry、硬件与系统指标；具体范围：已用、可用、利用率、趋势","资产盘点、设备巡检、硬件故障发现与资源异常定位；关注：已用、可用、利用率、趋势","P0（核心）","支持","内存监控：Apstra 6.1 通过 Blueprint、Managed Devices、意图/实际状态和 Streaming Telemetry 原生覆盖；范围为 已用、可用、利用率、趋势。","支持","内存监控：CloudVision Inventory、Topology、NetDB/Telemetry、Events 或 Compliance 原生覆盖，主要面向受管 EOS 设备；范围为 已用、可用、利用率、趋势。","支持","内存监控：属于 iMaster NCE-Fabric 的基础管控、拓扑、设备/协议状态或配置生命周期能力；覆盖 已用、可用、利用率、趋势，仍需按目标版本、License 与 CloudEngine 型号核对。","部分支持/依设备或版本","内存监控：内置 Telemetry 已公开覆盖端口、带宽、设备资源、BGP/OSPF 邻居、MAC/ARP/路由表及历史查询；具体字段未核验完整覆盖 已用、可用、利用率、趋势。AmpCon-DC（FS / Pica8）面向 PicOS 数据中心交换机；能力范围需按目标版本、License 与兼容硬件确认。"
"可视化与监控","对数据中心网络的拓扑、设备、链路、协议、业务及AIDC指标进行统一可视化和持续监控。","设备监控","持续监控网络设备资产、硬件、环境、资源和系统运行状态。","系统性能","对系统性能相关状态、指标和关系进行集中展示与持续跟踪。","存储监控","存储监控用于持续展示和跟踪磁盘空间、日志空间、利用率。","磁盘空间、日志空间、利用率","明确存储监控覆盖的具体对象、状态或指标，包括磁盘空间、日志空间、利用率。","Inventory、SNMP/gNMI/Streaming Telemetry、硬件与系统指标；具体范围：磁盘空间、日志空间、利用率","资产盘点、设备巡检、硬件故障发现与资源异常定位；关注：磁盘空间、日志空间、利用率","P0（核心）","支持","存储监控：Apstra 6.1 通过 Blueprint、Managed Devices、意图/实际状态和 Streaming Telemetry 原生覆盖；范围为 磁盘空间、日志空间、利用率。","支持","存储监控：CloudVision Inventory、Topology、NetDB/Telemetry、Events 或 Compliance 原生覆盖，主要面向受管 EOS 设备；范围为 磁盘空间、日志空间、利用率。","支持","存储监控：属于 iMaster NCE-Fabric 的基础管控、拓扑、设备/协议状态或配置生命周期能力；覆盖 磁盘空间、日志空间、利用率，仍需按目标版本、License 与 CloudEngine 型号核对。","不支持/未发现原生支持","存储监控：截至已核对的 FS AmpCon-DC 官方可观测性资料与 v2.2.0 发布说明，未发现产品原生完整覆盖 磁盘空间、日志空间、利用率；未把 PicOS 单机 CLI、第三方系统或本地 UI 原型计入。AmpCon-DC（FS / Pica8）面向 PicOS 数据中心交换机；能力范围需按目标版本、License 与兼容硬件确认。"
"可视化与监控","对数据中心网络的拓扑、设备、链路、协议、业务及AIDC指标进行统一可视化和持续监控。","设备监控","持续监控网络设备资产、硬件、环境、资源和系统运行状态。","系统状态","对系统状态相关状态、指标和关系进行集中展示与持续跟踪。","进程与服务","进程与服务用于持续展示和跟踪Agent、Telemetry、协议进程、服务状态。","Agent、Telemetry、协议进程、服务状态","明确进程与服务覆盖的具体对象、状态或指标，包括Agent、Telemetry、协议进程、服务状态。","Inventory、SNMP/gNMI/Streaming Telemetry、硬件与系统指标；具体范围：Agent、Telemetry、协议进程、服务状态","资产盘点、设备巡检、硬件故障发现与资源异常定位；关注：Agent、Telemetry、协议进程、服务状态","P0（核心）","支持","进程与服务：Apstra 6.1 通过 Blueprint、Managed Devices、意图/实际状态和 Streaming Telemetry 原生覆盖；范围为 Agent、Telemetry、协议进程、服务状态。","支持","进程与服务：CloudVision Inventory、Topology、NetDB/Telemetry、Events 或 Compliance 原生覆盖，主要面向受管 EOS 设备；范围为 Agent、Telemetry、协议进程、服务状态。","支持","进程与服务：属于 iMaster NCE-Fabric 的基础管控、拓扑、设备/协议状态或配置生命周期能力；覆盖 Agent、Telemetry、协议进程、服务状态，仍需按目标版本、License 与 CloudEngine 型号核对。","不支持/未发现原生支持","进程与服务：截至已核对的 FS AmpCon-DC 官方可观测性资料与 v2.2.0 发布说明，未发现产品原生完整覆盖 Agent、Telemetry、协议进程、服务状态；未把 PicOS 单机 CLI、第三方系统或本地 UI 原型计入。AmpCon-DC（FS / Pica8）面向 PicOS 数据中心交换机；能力范围需按目标版本、License 与兼容硬件确认。"
"可视化与监控","对数据中心网络的拓扑、设备、链路、协议、业务及AIDC指标进行统一可视化和持续监控。","设备监控","持续监控网络设备资产、硬件、环境、资源和系统运行状态。","系统状态","对系统状态相关状态、指标和关系进行集中展示与持续跟踪。","启动与运行时间","启动与运行时间用于持续展示和跟踪Boot Time、Uptime、最近重启原因。","Boot Time、Uptime、最近重启原因","明确启动与运行时间覆盖的具体对象、状态或指标，包括Boot Time、Uptime、最近重启原因。","Inventory、SNMP/gNMI/Streaming Telemetry、硬件与系统指标；具体范围：Boot Time、Uptime、最近重启原因","资产盘点、设备巡检、硬件故障发现与资源异常定位；关注：Boot Time、Uptime、最近重启原因","P0（核心）","支持","启动与运行时间：Apstra 6.1 通过 Blueprint、Managed Devices、意图/实际状态和 Streaming Telemetry 原生覆盖；范围为 Boot Time、Uptime、最近重启原因。","支持","启动与运行时间：CloudVision Inventory、Topology、NetDB/Telemetry、Events 或 Compliance 原生覆盖，主要面向受管 EOS 设备；范围为 Boot Time、Uptime、最近重启原因。","支持","启动与运行时间：属于 iMaster NCE-Fabric 的基础管控、拓扑、设备/协议状态或配置生命周期能力；覆盖 Boot Time、Uptime、最近重启原因，仍需按目标版本、License 与 CloudEngine 型号核对。","不支持/未发现原生支持","启动与运行时间：截至已核对的 FS AmpCon-DC 官方可观测性资料与 v2.2.0 发布说明，未发现产品原生完整覆盖 Boot Time、Uptime、最近重启原因；未把 PicOS 单机 CLI、第三方系统或本地 UI 原型计入。AmpCon-DC（FS / Pica8）面向 PicOS 数据中心交换机；能力范围需按目标版本、License 与兼容硬件确认。"
"可视化与监控","对数据中心网络的拓扑、设备、链路、协议、业务及AIDC指标进行统一可视化和持续监控。","接口与链路监控","监控接口、链路、光模块的状态、流量、错误和质量指标。","接口状态","对接口状态相关状态、指标和关系进行集中展示与持续跟踪。","管理与运行状态","管理与运行状态用于持续展示和跟踪Admin Up/Down、Oper Up/Down。","Admin Up/Down、Oper Up/Down","明确管理与运行状态覆盖的具体对象、状态或指标，包括Admin Up/Down、Oper Up/Down。","接口计数器、链路状态、光模块 DOM、错误与质量指标；具体范围：Admin Up/Down、Oper Up/Down","链路质量巡检、光模块劣化定位、丢包与带宽排障；关注：Admin Up/Down、Oper Up/Down","P0（核心）","支持","管理与运行状态：Apstra 6.1 通过 Blueprint、Managed Devices、意图/实际状态和 Streaming Telemetry 原生覆盖；范围为 Admin Up/Down、Oper Up/Down。","支持","管理与运行状态：CloudVision Inventory、Topology、NetDB/Telemetry、Events 或 Compliance 原生覆盖，主要面向受管 EOS 设备；范围为 Admin Up/Down、Oper Up/Down。","支持","管理与运行状态：属于 iMaster NCE-Fabric 的基础管控、拓扑、设备/协议状态或配置生命周期能力；覆盖 Admin Up/Down、Oper Up/Down，仍需按目标版本、License 与 CloudEngine 型号核对。","支持","管理与运行状态：AmpCon-DC 内置 Telemetry，v2.2.0 官方发布说明明确覆盖端口状态及 BGP 邻居状态；覆盖 Admin Up/Down、Oper Up/Down。AmpCon-DC（FS / Pica8）面向 PicOS 数据中心交换机；能力范围需按目标版本、License 与兼容硬件确认。"
"可视化与监控","对数据中心网络的拓扑、设备、链路、协议、业务及AIDC指标进行统一可视化和持续监控。","接口与链路监控","监控接口、链路、光模块的状态、流量、错误和质量指标。","接口状态","对接口状态相关状态、指标和关系进行集中展示与持续跟踪。","速率与双工","速率与双工用于持续展示和跟踪10G、25G、100G、400G、800G。","10G、25G、100G、400G、800G","明确速率与双工覆盖的具体对象、状态或指标，包括10G、25G、100G、400G、800G。","接口计数器、链路状态、光模块 DOM、错误与质量指标；具体范围：10G、25G、100G、400G、800G","链路质量巡检、光模块劣化定位、丢包与带宽排障；关注：10G、25G、100G、400G、800G","P0（核心）","支持","速率与双工：Apstra 6.1 通过 Blueprint、Managed Devices、意图/实际状态和 Streaming Telemetry 原生覆盖；范围为 10G、25G、100G、400G、800G。","支持","速率与双工：CloudVision Inventory、Topology、NetDB/Telemetry、Events 或 Compliance 原生覆盖，主要面向受管 EOS 设备；范围为 10G、25G、100G、400G、800G。","支持","速率与双工：属于 iMaster NCE-Fabric 的基础管控、拓扑、设备/协议状态或配置生命周期能力；覆盖 10G、25G、100G、400G、800G，仍需按目标版本、License 与 CloudEngine 型号核对。","部分支持/依设备或版本","速率与双工：内置 Telemetry 已公开覆盖端口、带宽、设备资源、BGP/OSPF 邻居、MAC/ARP/路由表及历史查询；具体字段未核验完整覆盖 10G、25G、100G、400G、800G。AmpCon-DC（FS / Pica8）面向 PicOS 数据中心交换机；能力范围需按目标版本、License 与兼容硬件确认。"
"可视化与监控","对数据中心网络的拓扑、设备、链路、协议、业务及AIDC指标进行统一可视化和持续监控。","接口与链路监控","监控接口、链路、光模块的状态、流量、错误和质量指标。","接口状态","对接口状态相关状态、指标和关系进行集中展示与持续跟踪。","MTU与FEC","MTU与FEC用于持续展示和跟踪MTU、FEC模式、FEC错误。","MTU、FEC模式、FEC错误","明确MTU与FEC覆盖的具体对象、状态或指标，包括MTU、FEC模式、FEC错误。","接口计数器、链路状态、光模块 DOM、错误与质量指标；具体范围：MTU、FEC模式、FEC错误","链路质量巡检、光模块劣化定位、丢包与带宽排障；关注：MTU、FEC模式、FEC错误","P0（核心）","支持","MTU与FEC：Apstra 6.1 通过 Blueprint、Managed Devices、意图/实际状态和 Streaming Telemetry 原生覆盖；范围为 MTU、FEC模式、FEC错误。","支持","MTU与FEC：CloudVision Inventory、Topology、NetDB/Telemetry、Events 或 Compliance 原生覆盖，主要面向受管 EOS 设备；范围为 MTU、FEC模式、FEC错误。","支持","MTU与FEC：属于 iMaster NCE-Fabric 的基础管控、拓扑、设备/协议状态或配置生命周期能力；覆盖 MTU、FEC模式、FEC错误，仍需按目标版本、License 与 CloudEngine 型号核对。","部分支持/依设备或版本","MTU与FEC：内置 Telemetry 已公开覆盖端口、带宽、设备资源、BGP/OSPF 邻居、MAC/ARP/路由表及历史查询；具体字段未核验完整覆盖 MTU、FEC模式、FEC错误。AmpCon-DC（FS / Pica8）面向 PicOS 数据中心交换机；能力范围需按目标版本、License 与兼容硬件确认。"
"可视化与监控","对数据中心网络的拓扑、设备、链路、协议、业务及AIDC指标进行统一可视化和持续监控。","接口与链路监控","监控接口、链路、光模块的状态、流量、错误和质量指标。","流量指标","对流量指标相关状态、指标和关系进行集中展示与持续跟踪。","收发流量","收发流量用于持续展示和跟踪In/Out bps、pps、bytes、packets。","In/Out bps、pps、bytes、packets","明确收发流量覆盖的具体对象、状态或指标，包括In/Out bps、pps、bytes、packets。","接口计数器、链路状态、光模块 DOM、错误与质量指标；具体范围：In/Out bps、pps、bytes、packets","链路质量巡检、光模块劣化定位、丢包与带宽排障；关注：In/Out bps、pps、bytes、packets","P0（核心）","支持","收发流量：Apstra 6.1 通过 Blueprint、Managed Devices、意图/实际状态和 Streaming Telemetry 原生覆盖；范围为 In/Out bps、pps、bytes、packets。","支持","收发流量：CloudVision Inventory、Topology、NetDB/Telemetry、Events 或 Compliance 原生覆盖，主要面向受管 EOS 设备；范围为 In/Out bps、pps、bytes、packets。","支持","收发流量：属于 iMaster NCE-Fabric 的基础管控、拓扑、设备/协议状态或配置生命周期能力；覆盖 In/Out bps、pps、bytes、packets，仍需按目标版本、License 与 CloudEngine 型号核对。","部分支持/依设备或版本","收发流量：内置 Telemetry 已公开覆盖端口、带宽、设备资源、BGP/OSPF 邻居、MAC/ARP/路由表及历史查询；具体字段未核验完整覆盖 In/Out bps、pps、bytes、packets。AmpCon-DC（FS / Pica8）面向 PicOS 数据中心交换机；能力范围需按目标版本、License 与兼容硬件确认。"
"可视化与监控","对数据中心网络的拓扑、设备、链路、协议、业务及AIDC指标进行统一可视化和持续监控。","接口与链路监控","监控接口、链路、光模块的状态、流量、错误和质量指标。","流量指标","对流量指标相关状态、指标和关系进行集中展示与持续跟踪。","带宽利用率","带宽利用率用于持续展示和跟踪当前、平均、峰值、95分位。","当前、平均、峰值、95分位","明确带宽利用率覆盖的具体对象、状态或指标，包括当前、平均、峰值、95分位。","接口计数器、链路状态、光模块 DOM、错误与质量指标；具体范围：当前、平均、峰值、95分位","链路质量巡检、光模块劣化定位、丢包与带宽排障；关注：当前、平均、峰值、95分位","P0（核心）","支持","带宽利用率：Apstra 6.1 通过 Blueprint、Managed Devices、意图/实际状态和 Streaming Telemetry 原生覆盖；范围为 当前、平均、峰值、95分位。","支持","带宽利用率：CloudVision Inventory、Topology、NetDB/Telemetry、Events 或 Compliance 原生覆盖，主要面向受管 EOS 设备；范围为 当前、平均、峰值、95分位。","支持","带宽利用率：属于 iMaster NCE-Fabric 的基础管控、拓扑、设备/协议状态或配置生命周期能力；覆盖 当前、平均、峰值、95分位，仍需按目标版本、License 与 CloudEngine 型号核对。","部分支持/依设备或版本","带宽利用率：内置 Telemetry 已公开覆盖端口、带宽、设备资源、BGP/OSPF 邻居、MAC/ARP/路由表及历史查询；具体字段未核验完整覆盖 当前、平均、峰值、95分位。AmpCon-DC（FS / Pica8）面向 PicOS 数据中心交换机；能力范围需按目标版本、License 与兼容硬件确认。"
"可视化与监控","对数据中心网络的拓扑、设备、链路、协议、业务及AIDC指标进行统一可视化和持续监控。","接口与链路监控","监控接口、链路、光模块的状态、流量、错误和质量指标。","错误与丢弃","对错误与丢弃相关状态、指标和关系进行集中展示与持续跟踪。","接口错误","接口错误用于持续展示和跟踪CRC、Frame、Oversize、Undersize。","CRC、Frame、Oversize、Undersize","明确接口错误覆盖的具体对象、状态或指标，包括CRC、Frame、Oversize、Undersize。","接口计数器、链路状态、光模块 DOM、错误与质量指标；具体范围：CRC、Frame、Oversize、Undersize","链路质量巡检、光模块劣化定位、丢包与带宽排障；关注：CRC、Frame、Oversize、Undersize","P0（核心）","支持","接口错误：Apstra 6.1 通过 Blueprint、Managed Devices、意图/实际状态和 Streaming Telemetry 原生覆盖；范围为 CRC、Frame、Oversize、Undersize。","支持","接口错误：CloudVision Inventory、Topology、NetDB/Telemetry、Events 或 Compliance 原生覆盖，主要面向受管 EOS 设备；范围为 CRC、Frame、Oversize、Undersize。","支持","接口错误：属于 iMaster NCE-Fabric 的基础管控、拓扑、设备/协议状态或配置生命周期能力；覆盖 CRC、Frame、Oversize、Undersize，仍需按目标版本、License 与 CloudEngine 型号核对。","部分支持/依设备或版本","接口错误：内置 Telemetry 已公开覆盖端口、带宽、设备资源、BGP/OSPF 邻居、MAC/ARP/路由表及历史查询；具体字段未核验完整覆盖 CRC、Frame、Oversize、Undersize。AmpCon-DC（FS / Pica8）面向 PicOS 数据中心交换机；能力范围需按目标版本、License 与兼容硬件确认。"
"可视化与监控","对数据中心网络的拓扑、设备、链路、协议、业务及AIDC指标进行统一可视化和持续监控。","接口与链路监控","监控接口、链路、光模块的状态、流量、错误和质量指标。","错误与丢弃","对错误与丢弃相关状态、指标和关系进行集中展示与持续跟踪。","接口丢弃","接口丢弃用于持续展示和跟踪In/Out Discard、Tail Drop。","In/Out Discard、Tail Drop","明确接口丢弃覆盖的具体对象、状态或指标，包括In/Out Discard、Tail Drop。","接口计数器、链路状态、光模块 DOM、错误与质量指标；具体范围：In/Out Discard、Tail Drop","链路质量巡检、光模块劣化定位、丢包与带宽排障；关注：In/Out Discard、Tail Drop","P0（核心）","支持","接口丢弃：Apstra 6.1 通过 Blueprint、Managed Devices、意图/实际状态和 Streaming Telemetry 原生覆盖；范围为 In/Out Discard、Tail Drop。","支持","接口丢弃：CloudVision Inventory、Topology、NetDB/Telemetry、Events 或 Compliance 原生覆盖，主要面向受管 EOS 设备；范围为 In/Out Discard、Tail Drop。","支持","接口丢弃：属于 iMaster NCE-Fabric 的基础管控、拓扑、设备/协议状态或配置生命周期能力；覆盖 In/Out Discard、Tail Drop，仍需按目标版本、License 与 CloudEngine 型号核对。","部分支持/依设备或版本","接口丢弃：内置 Telemetry 已公开覆盖端口、带宽、设备资源、BGP/OSPF 邻居、MAC/ARP/路由表及历史查询；具体字段未核验完整覆盖 In/Out Discard、Tail Drop。AmpCon-DC（FS / Pica8）面向 PicOS 数据中心交换机；能力范围需按目标版本、License 与兼容硬件确认。"
"可视化与监控","对数据中心网络的拓扑、设备、链路、协议、业务及AIDC指标进行统一可视化和持续监控。","接口与链路监控","监控接口、链路、光模块的状态、流量、错误和质量指标。","链路质量","对链路质量相关状态、指标和关系进行集中展示与持续跟踪。","时延监控","时延监控用于持续展示和跟踪单向时延、RTT、逐跳时延。","单向时延、RTT、逐跳时延","明确时延监控覆盖的具体对象、状态或指标，包括单向时延、RTT、逐跳时延。","接口计数器、链路状态、光模块 DOM、错误与质量指标；具体范围：单向时延、RTT、逐跳时延","链路质量巡检、光模块劣化定位、丢包与带宽排障；关注：单向时延、RTT、逐跳时延","P0（核心）","部分支持","时延监控：Apstra 可覆盖部分对象或状态；完整字段、工作流或展示需定制 IBA、API、NOS Telemetry 或外部集成。","部分支持","时延监控：CloudVision 可提供部分遥测、事件或配置证据；覆盖 单向时延、RTT、逐跳时延 的完整产品化分析器、字段或闭环未核验。","部分支持/依组件、版本或硬件","时延监控：需结合 iMaster NCE-FabricInsight 分析器评估。官方资料确认其采集应用流、网络与 Telemetry 数据，支持关键应用质量检测、一键路径诊断、故障定位、网络质量劣化及亚健康光模块/链路分析；但未核验完整覆盖 单向时延、RTT、逐跳时延，且依版本、Foundation Package、Telemetry/IOAM 与硬件。","不支持/未发现原生支持","时延监控：截至已核对的 FS AmpCon-DC 官方可观测性资料与 v2.2.0 发布说明，未发现产品原生完整覆盖 单向时延、RTT、逐跳时延；未把 PicOS 单机 CLI、第三方系统或本地 UI 原型计入。AmpCon-DC（FS / Pica8）面向 PicOS 数据中心交换机；能力范围需按目标版本、License 与兼容硬件确认。"
"可视化与监控","对数据中心网络的拓扑、设备、链路、协议、业务及AIDC指标进行统一可视化和持续监控。","接口与链路监控","监控接口、链路、光模块的状态、流量、错误和质量指标。","链路质量","对链路质量相关状态、指标和关系进行集中展示与持续跟踪。","丢包与抖动","丢包与抖动用于持续展示和跟踪丢包率、抖动、突发丢包。","丢包率、抖动、突发丢包","明确丢包与抖动覆盖的具体对象、状态或指标，包括丢包率、抖动、突发丢包。","接口计数器、链路状态、光模块 DOM、错误与质量指标；具体范围：丢包率、抖动、突发丢包","链路质量巡检、光模块劣化定位、丢包与带宽排障；关注：丢包率、抖动、突发丢包","P0（核心）","部分支持","丢包与抖动：Apstra 可覆盖部分对象或状态；完整字段、工作流或展示需定制 IBA、API、NOS Telemetry 或外部集成。","部分支持","丢包与抖动：CloudVision 可提供部分遥测、事件或配置证据；覆盖 丢包率、抖动、突发丢包 的完整产品化分析器、字段或闭环未核验。","部分支持/依组件、版本或硬件","丢包与抖动：需结合 iMaster NCE-FabricInsight 分析器评估。官方资料确认其采集应用流、网络与 Telemetry 数据，支持关键应用质量检测、一键路径诊断、故障定位、网络质量劣化及亚健康光模块/链路分析；但未核验完整覆盖 丢包率、抖动、突发丢包，且依版本、Foundation Package、Telemetry/IOAM 与硬件。","部分支持/依设备或版本","丢包与抖动：内置 Telemetry 已公开覆盖端口、带宽、设备资源、BGP/OSPF 邻居、MAC/ARP/路由表及历史查询；具体字段未核验完整覆盖 丢包率、抖动、突发丢包。AmpCon-DC（FS / Pica8）面向 PicOS 数据中心交换机；能力范围需按目标版本、License 与兼容硬件确认。"
"可视化与监控","对数据中心网络的拓扑、设备、链路、协议、业务及AIDC指标进行统一可视化和持续监控。","接口与链路监控","监控接口、链路、光模块的状态、流量、错误和质量指标。","链路质量","对链路质量相关状态、指标和关系进行集中展示与持续跟踪。","Flap监控","Flap监控用于持续展示和跟踪Flap次数、最近时间、持续时间。","Flap次数、最近时间、持续时间","明确Flap监控覆盖的具体对象、状态或指标，包括Flap次数、最近时间、持续时间。","接口计数器、链路状态、光模块 DOM、错误与质量指标；具体范围：Flap次数、最近时间、持续时间","链路质量巡检、光模块劣化定位、丢包与带宽排障；关注：Flap次数、最近时间、持续时间","P0（核心）","支持","Flap监控：Apstra 6.1 通过 Blueprint、Managed Devices、意图/实际状态和 Streaming Telemetry 原生覆盖；范围为 Flap次数、最近时间、持续时间。","支持","Flap监控：CloudVision Inventory、Topology、NetDB/Telemetry、Events 或 Compliance 原生覆盖，主要面向受管 EOS 设备；范围为 Flap次数、最近时间、持续时间。","支持","Flap监控：属于 iMaster NCE-Fabric 的基础管控、拓扑、设备/协议状态或配置生命周期能力；覆盖 Flap次数、最近时间、持续时间，仍需按目标版本、License 与 CloudEngine 型号核对。","部分支持/依设备或版本","Flap监控：内置 Telemetry 已公开覆盖端口、带宽、设备资源、BGP/OSPF 邻居、MAC/ARP/路由表及历史查询；具体字段未核验完整覆盖 Flap次数、最近时间、持续时间。AmpCon-DC（FS / Pica8）面向 PicOS 数据中心交换机；能力范围需按目标版本、License 与兼容硬件确认。"
"可视化与监控","对数据中心网络的拓扑、设备、链路、协议、业务及AIDC指标进行统一可视化和持续监控。","接口与链路监控","监控接口、链路、光模块的状态、流量、错误和质量指标。","光模块监控","对光模块监控相关状态、指标和关系进行集中展示与持续跟踪。","光功率","光功率用于持续展示和跟踪Tx/Rx Power、阈值、趋势。","Tx/Rx Power、阈值、趋势","明确光功率覆盖的具体对象、状态或指标，包括Tx/Rx Power、阈值、趋势。","接口计数器、链路状态、光模块 DOM、错误与质量指标；具体范围：Tx/Rx Power、阈值、趋势","链路质量巡检、光模块劣化定位、丢包与带宽排障；关注：Tx/Rx Power、阈值、趋势","P0（核心）","支持","光功率：Apstra 6.1 通过 Blueprint、Managed Devices、意图/实际状态和 Streaming Telemetry 原生覆盖；范围为 Tx/Rx Power、阈值、趋势。","支持","光功率：CloudVision Inventory、Topology、NetDB/Telemetry、Events 或 Compliance 原生覆盖，主要面向受管 EOS 设备；范围为 Tx/Rx Power、阈值、趋势。","支持","光功率：属于 iMaster NCE-Fabric 的基础管控、拓扑、设备/协议状态或配置生命周期能力；覆盖 Tx/Rx Power、阈值、趋势，仍需按目标版本、License 与 CloudEngine 型号核对。","部分支持/依设备或版本","光功率：内置 Telemetry 已公开覆盖端口、带宽、设备资源、BGP/OSPF 邻居、MAC/ARP/路由表及历史查询；具体字段未核验完整覆盖 Tx/Rx Power、阈值、趋势。AmpCon-DC（FS / Pica8）面向 PicOS 数据中心交换机；能力范围需按目标版本、License 与兼容硬件确认。"
"可视化与监控","对数据中心网络的拓扑、设备、链路、协议、业务及AIDC指标进行统一可视化和持续监控。","接口与链路监控","监控接口、链路、光模块的状态、流量、错误和质量指标。","光模块监控","对光模块监控相关状态、指标和关系进行集中展示与持续跟踪。","光模块环境","光模块环境用于持续展示和跟踪温度、电压、偏置电流。","温度、电压、偏置电流","明确光模块环境覆盖的具体对象、状态或指标，包括温度、电压、偏置电流。","接口计数器、链路状态、光模块 DOM、错误与质量指标；具体范围：温度、电压、偏置电流","链路质量巡检、光模块劣化定位、丢包与带宽排障；关注：温度、电压、偏置电流","P0（核心）","支持","光模块环境：Apstra 6.1 通过 Blueprint、Managed Devices、意图/实际状态和 Streaming Telemetry 原生覆盖；范围为 温度、电压、偏置电流。","支持","光模块环境：CloudVision Inventory、Topology、NetDB/Telemetry、Events 或 Compliance 原生覆盖，主要面向受管 EOS 设备；范围为 温度、电压、偏置电流。","支持","光模块环境：属于 iMaster NCE-Fabric 的基础管控、拓扑、设备/协议状态或配置生命周期能力；覆盖 温度、电压、偏置电流，仍需按目标版本、License 与 CloudEngine 型号核对。","部分支持/依设备或版本","光模块环境：内置 Telemetry 已公开覆盖端口、带宽、设备资源、BGP/OSPF 邻居、MAC/ARP/路由表及历史查询；具体字段未核验完整覆盖 温度、电压、偏置电流。AmpCon-DC（FS / Pica8）面向 PicOS 数据中心交换机；能力范围需按目标版本、License 与兼容硬件确认。"
"可视化与监控","对数据中心网络的拓扑、设备、链路、协议、业务及AIDC指标进行统一可视化和持续监控。","接口与链路监控","监控接口、链路、光模块的状态、流量、错误和质量指标。","光模块监控","对光模块监控相关状态、指标和关系进行集中展示与持续跟踪。","模块识别","模块识别用于持续展示和跟踪类型、波长、厂商、序列号、距离。","类型、波长、厂商、序列号、距离","明确模块识别覆盖的具体对象、状态或指标，包括类型、波长、厂商、序列号、距离。","接口计数器、链路状态、光模块 DOM、错误与质量指标；具体范围：类型、波长、厂商、序列号、距离","链路质量巡检、光模块劣化定位、丢包与带宽排障；关注：类型、波长、厂商、序列号、距离","P0（核心）","支持","模块识别：Apstra 6.1 通过 Blueprint、Managed Devices、意图/实际状态和 Streaming Telemetry 原生覆盖；范围为 类型、波长、厂商、序列号、距离。","支持","模块识别：CloudVision Inventory、Topology、NetDB/Telemetry、Events 或 Compliance 原生覆盖，主要面向受管 EOS 设备；范围为 类型、波长、厂商、序列号、距离。","支持","模块识别：属于 iMaster NCE-Fabric 的基础管控、拓扑、设备/协议状态或配置生命周期能力；覆盖 类型、波长、厂商、序列号、距离，仍需按目标版本、License 与 CloudEngine 型号核对。","不支持/未发现原生支持","模块识别：截至已核对的 FS AmpCon-DC 官方可观测性资料与 v2.2.0 发布说明，未发现产品原生完整覆盖 类型、波长、厂商、序列号、距离；未把 PicOS 单机 CLI、第三方系统或本地 UI 原型计入。AmpCon-DC（FS / Pica8）面向 PicOS 数据中心交换机；能力范围需按目标版本、License 与兼容硬件确认。"
"可视化与监控","对数据中心网络的拓扑、设备、链路、协议、业务及AIDC指标进行统一可视化和持续监控。","协议监控","监控BGP、IGP、BFD及多归属协议的邻接和运行状态。","BGP","对BGP相关状态、指标和关系进行集中展示与持续跟踪。","邻居状态","邻居状态用于持续展示和跟踪Idle、Active、Established。","Idle、Active、Established","明确邻居状态覆盖的具体对象、状态或指标，包括Idle、Active、Established。","BGP/IGP/BFD/LACP/MLAG/EVPN 邻接与协议状态遥测；具体范围：Idle、Active、Established","邻居异常、协议震荡、收敛问题与多归属状态排查；关注：Idle、Active、Established","P0（核心）","支持","邻居状态：Apstra 6.1 通过 Blueprint、Managed Devices、意图/实际状态和 Streaming Telemetry 原生覆盖；范围为 Idle、Active、Established。","支持","邻居状态：CloudVision Inventory、Topology、NetDB/Telemetry、Events 或 Compliance 原生覆盖，主要面向受管 EOS 设备；范围为 Idle、Active、Established。","支持","邻居状态：属于 iMaster NCE-Fabric 的基础管控、拓扑、设备/协议状态或配置生命周期能力；覆盖 Idle、Active、Established，仍需按目标版本、License 与 CloudEngine 型号核对。","支持","邻居状态：AmpCon-DC 内置 Telemetry，v2.2.0 官方发布说明明确覆盖端口状态及 BGP 邻居状态；覆盖 Idle、Active、Established。AmpCon-DC（FS / Pica8）面向 PicOS 数据中心交换机；能力范围需按目标版本、License 与兼容硬件确认。"
"可视化与监控","对数据中心网络的拓扑、设备、链路、协议、业务及AIDC指标进行统一可视化和持续监控。","协议监控","监控BGP、IGP、BFD及多归属协议的邻接和运行状态。","BGP","对BGP相关状态、指标和关系进行集中展示与持续跟踪。","路由统计","路由统计用于持续展示和跟踪Received、Accepted、Advertised、Active。","Received、Accepted、Advertised、Active","明确路由统计覆盖的具体对象、状态或指标，包括Received、Accepted、Advertised、Active。","BGP/IGP/BFD/LACP/MLAG/EVPN 邻接与协议状态遥测；具体范围：Received、Accepted、Advertised、Active","邻居异常、协议震荡、收敛问题与多归属状态排查；关注：Received、Accepted、Advertised、Active","P0（核心）","支持","路由统计：Apstra 6.1 通过 Blueprint、Managed Devices、意图/实际状态和 Streaming Telemetry 原生覆盖；范围为 Received、Accepted、Advertised、Active。","支持","路由统计：CloudVision Inventory、Topology、NetDB/Telemetry、Events 或 Compliance 原生覆盖，主要面向受管 EOS 设备；范围为 Received、Accepted、Advertised、Active。","支持","路由统计：属于 iMaster NCE-Fabric 的基础管控、拓扑、设备/协议状态或配置生命周期能力；覆盖 Received、Accepted、Advertised、Active，仍需按目标版本、License 与 CloudEngine 型号核对。","部分支持/依设备或版本","路由统计：内置 Telemetry 已公开覆盖端口、带宽、设备资源、BGP/OSPF 邻居、MAC/ARP/路由表及历史查询；具体字段未核验完整覆盖 Received、Accepted、Advertised、Active。AmpCon-DC（FS / Pica8）面向 PicOS 数据中心交换机；能力范围需按目标版本、License 与兼容硬件确认。"
"可视化与监控","对数据中心网络的拓扑、设备、链路、协议、业务及AIDC指标进行统一可视化和持续监控。","协议监控","监控BGP、IGP、BFD及多归属协议的邻接和运行状态。","BGP","对BGP相关状态、指标和关系进行集中展示与持续跟踪。","稳定性","稳定性用于持续展示和跟踪Uptime、Flap Count、Last Error。","Uptime、Flap Count、Last Error","明确稳定性覆盖的具体对象、状态或指标，包括Uptime、Flap Count、Last Error。","BGP/IGP/BFD/LACP/MLAG/EVPN 邻接与协议状态遥测；具体范围：Uptime、Flap Count、Last Error","邻居异常、协议震荡、收敛问题与多归属状态排查；关注：Uptime、Flap Count、Last Error","P0（核心）","支持","稳定性：Apstra 6.1 通过 Blueprint、Managed Devices、意图/实际状态和 Streaming Telemetry 原生覆盖；范围为 Uptime、Flap Count、Last Error。","支持","稳定性：CloudVision Inventory、Topology、NetDB/Telemetry、Events 或 Compliance 原生覆盖，主要面向受管 EOS 设备；范围为 Uptime、Flap Count、Last Error。","支持","稳定性：属于 iMaster NCE-Fabric 的基础管控、拓扑、设备/协议状态或配置生命周期能力；覆盖 Uptime、Flap Count、Last Error，仍需按目标版本、License 与 CloudEngine 型号核对。","部分支持/依设备或版本","稳定性：内置 Telemetry 已公开覆盖端口、带宽、设备资源、BGP/OSPF 邻居、MAC/ARP/路由表及历史查询；具体字段未核验完整覆盖 Uptime、Flap Count、Last Error。AmpCon-DC（FS / Pica8）面向 PicOS 数据中心交换机；能力范围需按目标版本、License 与兼容硬件确认。"
"可视化与监控","对数据中心网络的拓扑、设备、链路、协议、业务及AIDC指标进行统一可视化和持续监控。","协议监控","监控BGP、IGP、BFD及多归属协议的邻接和运行状态。","OSPF/IS-IS","对OSPF/IS-IS相关状态、指标和关系进行集中展示与持续跟踪。","邻接状态","邻接状态用于持续展示和跟踪Full、Up、Down、Init。","Full、Up、Down、Init","明确邻接状态覆盖的具体对象、状态或指标，包括Full、Up、Down、Init。","BGP/IGP/BFD/LACP/MLAG/EVPN 邻接与协议状态遥测；具体范围：Full、Up、Down、Init","邻居异常、协议震荡、收敛问题与多归属状态排查；关注：Full、Up、Down、Init","P0（核心）","支持","邻接状态：Apstra 6.1 通过 Blueprint、Managed Devices、意图/实际状态和 Streaming Telemetry 原生覆盖；范围为 Full、Up、Down、Init。","支持","邻接状态：CloudVision Inventory、Topology、NetDB/Telemetry、Events 或 Compliance 原生覆盖，主要面向受管 EOS 设备；范围为 Full、Up、Down、Init。","支持","邻接状态：属于 iMaster NCE-Fabric 的基础管控、拓扑、设备/协议状态或配置生命周期能力；覆盖 Full、Up、Down、Init，仍需按目标版本、License 与 CloudEngine 型号核对。","部分支持/依设备或版本","邻接状态：内置 Telemetry 已公开覆盖端口、带宽、设备资源、BGP/OSPF 邻居、MAC/ARP/路由表及历史查询；具体字段未核验完整覆盖 Full、Up、Down、Init。AmpCon-DC（FS / Pica8）面向 PicOS 数据中心交换机；能力范围需按目标版本、License 与兼容硬件确认。"
"可视化与监控","对数据中心网络的拓扑、设备、链路、协议、业务及AIDC指标进行统一可视化和持续监控。","协议监控","监控BGP、IGP、BFD及多归属协议的邻接和运行状态。","OSPF/IS-IS","对OSPF/IS-IS相关状态、指标和关系进行集中展示与持续跟踪。","数据库状态","数据库状态用于持续展示和跟踪LSA/LSP数量、同步状态。","LSA/LSP数量、同步状态","明确数据库状态覆盖的具体对象、状态或指标，包括LSA/LSP数量、同步状态。","BGP/IGP/BFD/LACP/MLAG/EVPN 邻接与协议状态遥测；具体范围：LSA/LSP数量、同步状态","邻居异常、协议震荡、收敛问题与多归属状态排查；关注：LSA/LSP数量、同步状态","P0（核心）","支持","数据库状态：Apstra 6.1 通过 Blueprint、Managed Devices、意图/实际状态和 Streaming Telemetry 原生覆盖；范围为 LSA/LSP数量、同步状态。","支持","数据库状态：CloudVision Inventory、Topology、NetDB/Telemetry、Events 或 Compliance 原生覆盖，主要面向受管 EOS 设备；范围为 LSA/LSP数量、同步状态。","支持","数据库状态：属于 iMaster NCE-Fabric 的基础管控、拓扑、设备/协议状态或配置生命周期能力；覆盖 LSA/LSP数量、同步状态，仍需按目标版本、License 与 CloudEngine 型号核对。","不支持/未发现原生支持","数据库状态：截至已核对的 FS AmpCon-DC 官方可观测性资料与 v2.2.0 发布说明，未发现产品原生完整覆盖 LSA/LSP数量、同步状态；未把 PicOS 单机 CLI、第三方系统或本地 UI 原型计入。AmpCon-DC（FS / Pica8）面向 PicOS 数据中心交换机；能力范围需按目标版本、License 与兼容硬件确认。"
"可视化与监控","对数据中心网络的拓扑、设备、链路、协议、业务及AIDC指标进行统一可视化和持续监控。","协议监控","监控BGP、IGP、BFD及多归属协议的邻接和运行状态。","BFD","对BFD相关状态、指标和关系进行集中展示与持续跟踪。","会话状态","会话状态用于持续展示和跟踪Up、Down、检测时间、Flap。","Up、Down、检测时间、Flap","明确会话状态覆盖的具体对象、状态或指标，包括Up、Down、检测时间、Flap。","BGP/IGP/BFD/LACP/MLAG/EVPN 邻接与协议状态遥测；具体范围：Up、Down、检测时间、Flap","邻居异常、协议震荡、收敛问题与多归属状态排查；关注：Up、Down、检测时间、Flap","P0（核心）","支持","会话状态：Apstra 6.1 通过 Blueprint、Managed Devices、意图/实际状态和 Streaming Telemetry 原生覆盖；范围为 Up、Down、检测时间、Flap。","支持","会话状态：CloudVision Inventory、Topology、NetDB/Telemetry、Events 或 Compliance 原生覆盖，主要面向受管 EOS 设备；范围为 Up、Down、检测时间、Flap。","支持","会话状态：属于 iMaster NCE-Fabric 的基础管控、拓扑、设备/协议状态或配置生命周期能力；覆盖 Up、Down、检测时间、Flap，仍需按目标版本、License 与 CloudEngine 型号核对。","不支持/未发现原生支持","会话状态：截至已核对的 FS AmpCon-DC 官方可观测性资料与 v2.2.0 发布说明，未发现产品原生完整覆盖 Up、Down、检测时间、Flap；未把 PicOS 单机 CLI、第三方系统或本地 UI 原型计入。AmpCon-DC（FS / Pica8）面向 PicOS 数据中心交换机；能力范围需按目标版本、License 与兼容硬件确认。"
"可视化与监控","对数据中心网络的拓扑、设备、链路、协议、业务及AIDC指标进行统一可视化和持续监控。","协议监控","监控BGP、IGP、BFD及多归属协议的邻接和运行状态。","LACP/MLAG","对LACP/MLAG相关状态、指标和关系进行集中展示与持续跟踪。","聚合状态","聚合状态用于持续展示和跟踪成员状态、活动成员、最小链路。","成员状态、活动成员、最小链路","明确聚合状态覆盖的具体对象、状态或指标，包括成员状态、活动成员、最小链路。","BGP/IGP/BFD/LACP/MLAG/EVPN 邻接与协议状态遥测；具体范围：成员状态、活动成员、最小链路","邻居异常、协议震荡、收敛问题与多归属状态排查；关注：成员状态、活动成员、最小链路","P0（核心）","支持","聚合状态：Apstra 6.1 通过 Blueprint、Managed Devices、意图/实际状态和 Streaming Telemetry 原生覆盖；范围为 成员状态、活动成员、最小链路。","支持","聚合状态：CloudVision Inventory、Topology、NetDB/Telemetry、Events 或 Compliance 原生覆盖，主要面向受管 EOS 设备；范围为 成员状态、活动成员、最小链路。","支持","聚合状态：属于 iMaster NCE-Fabric 的基础管控、拓扑、设备/协议状态或配置生命周期能力；覆盖 成员状态、活动成员、最小链路，仍需按目标版本、License 与 CloudEngine 型号核对。","不支持/未发现原生支持","聚合状态：截至已核对的 FS AmpCon-DC 官方可观测性资料与 v2.2.0 发布说明，未发现产品原生完整覆盖 成员状态、活动成员、最小链路；未把 PicOS 单机 CLI、第三方系统或本地 UI 原型计入。AmpCon-DC（FS / Pica8）面向 PicOS 数据中心交换机；能力范围需按目标版本、License 与兼容硬件确认。"
"可视化与监控","对数据中心网络的拓扑、设备、链路、协议、业务及AIDC指标进行统一可视化和持续监控。","协议监控","监控BGP、IGP、BFD及多归属协议的邻接和运行状态。","EVPN Multihoming","对EVPN Multihoming相关状态、指标和关系进行集中展示与持续跟踪。","ESI状态","ESI状态用于持续展示和跟踪DF、Backup DF、ESI、成员链路。","DF、Backup DF、ESI、成员链路","明确ESI状态覆盖的具体对象、状态或指标，包括DF、Backup DF、ESI、成员链路。","BGP/IGP/BFD/LACP/MLAG/EVPN 邻接与协议状态遥测；具体范围：DF、Backup DF、ESI、成员链路","邻居异常、协议震荡、收敛问题与多归属状态排查；关注：DF、Backup DF、ESI、成员链路","P0（核心）","支持","ESI状态：Apstra 6.1 通过 Blueprint、Managed Devices、意图/实际状态和 Streaming Telemetry 原生覆盖；范围为 DF、Backup DF、ESI、成员链路。","支持","ESI状态：CloudVision Inventory、Topology、NetDB/Telemetry、Events 或 Compliance 原生覆盖，主要面向受管 EOS 设备；范围为 DF、Backup DF、ESI、成员链路。","支持","ESI状态：属于 iMaster NCE-Fabric 的基础管控、拓扑、设备/协议状态或配置生命周期能力；覆盖 DF、Backup DF、ESI、成员链路，仍需按目标版本、License 与 CloudEngine 型号核对。","不支持/未发现原生支持","ESI状态：截至已核对的 FS AmpCon-DC 官方可观测性资料与 v2.2.0 发布说明，未发现产品原生完整覆盖 DF、Backup DF、ESI、成员链路；未把 PicOS 单机 CLI、第三方系统或本地 UI 原型计入。AmpCon-DC（FS / Pica8）面向 PicOS 数据中心交换机；能力范围需按目标版本、License 与兼容硬件确认。"
"可视化与监控","对数据中心网络的拓扑、设备、链路、协议、业务及AIDC指标进行统一可视化和持续监控。","Overlay监控","监控EVPN/VXLAN隧道、路由、端点、网关和租户资源。","VTEP与隧道","对VTEP与隧道相关状态、指标和关系进行集中展示与持续跟踪。","VTEP状态","VTEP状态用于持续展示和跟踪VTEP IP、Loopback、Reachability。","VTEP IP、Loopback、Reachability","明确VTEP状态覆盖的具体对象、状态或指标，包括VTEP IP、Loopback、Reachability。","EVPN/VXLAN、VTEP、隧道、路由、端点与租户对象模型；具体范围：VTEP IP、Loopback、Reachability","EVPN/VXLAN 租户连通性、隧道与端点状态巡检；关注：VTEP IP、Loopback、Reachability","P0（核心）","支持","VTEP状态：Apstra 6.1 通过 Blueprint、Managed Devices、意图/实际状态和 Streaming Telemetry 原生覆盖；范围为 VTEP IP、Loopback、Reachability。","支持","VTEP状态：CloudVision Inventory、Topology、NetDB/Telemetry、Events 或 Compliance 原生覆盖，主要面向受管 EOS 设备；范围为 VTEP IP、Loopback、Reachability。","支持","VTEP状态：属于 iMaster NCE-Fabric 的基础管控、拓扑、设备/协议状态或配置生命周期能力；覆盖 VTEP IP、Loopback、Reachability，仍需按目标版本、License 与 CloudEngine 型号核对。","部分支持/依设备或版本","VTEP状态：内置 Telemetry 已公开覆盖端口、带宽、设备资源、BGP/OSPF 邻居、MAC/ARP/路由表及历史查询；具体字段未核验完整覆盖 VTEP IP、Loopback、Reachability。AmpCon-DC（FS / Pica8）面向 PicOS 数据中心交换机；能力范围需按目标版本、License 与兼容硬件确认。"
"可视化与监控","对数据中心网络的拓扑、设备、链路、协议、业务及AIDC指标进行统一可视化和持续监控。","Overlay监控","监控EVPN/VXLAN隧道、路由、端点、网关和租户资源。","VTEP与隧道","对VTEP与隧道相关状态、指标和关系进行集中展示与持续跟踪。","VXLAN隧道状态","VXLAN隧道状态用于持续展示和跟踪Up、Down、远端VTEP、VNI。","Up、Down、远端VTEP、VNI","明确VXLAN隧道状态覆盖的具体对象、状态或指标，包括Up、Down、远端VTEP、VNI。","EVPN/VXLAN、VTEP、隧道、路由、端点与租户对象模型；具体范围：Up、Down、远端VTEP、VNI","EVPN/VXLAN 租户连通性、隧道与端点状态巡检；关注：Up、Down、远端VTEP、VNI","P0（核心）","支持","VXLAN隧道状态：Apstra 6.1 通过 Blueprint、Managed Devices、意图/实际状态和 Streaming Telemetry 原生覆盖；范围为 Up、Down、远端VTEP、VNI。","支持","VXLAN隧道状态：CloudVision Inventory、Topology、NetDB/Telemetry、Events 或 Compliance 原生覆盖，主要面向受管 EOS 设备；范围为 Up、Down、远端VTEP、VNI。","支持","VXLAN隧道状态：属于 iMaster NCE-Fabric 的基础管控、拓扑、设备/协议状态或配置生命周期能力；覆盖 Up、Down、远端VTEP、VNI，仍需按目标版本、License 与 CloudEngine 型号核对。","部分支持/依设备或版本","VXLAN隧道状态：内置 Telemetry 已公开覆盖端口、带宽、设备资源、BGP/OSPF 邻居、MAC/ARP/路由表及历史查询；具体字段未核验完整覆盖 Up、Down、远端VTEP、VNI。AmpCon-DC（FS / Pica8）面向 PicOS 数据中心交换机；能力范围需按目标版本、License 与兼容硬件确认。"
"可视化与监控","对数据中心网络的拓扑、设备、链路、协议、业务及AIDC指标进行统一可视化和持续监控。","Overlay监控","监控EVPN/VXLAN隧道、路由、端点、网关和租户资源。","EVPN路由","对EVPN路由相关状态、指标和关系进行集中展示与持续跟踪。","Type-2路由","Type-2路由用于持续展示和跟踪MAC/IP、VNI、Next Hop。","MAC/IP、VNI、Next Hop","明确Type-2路由覆盖的具体对象、状态或指标，包括MAC/IP、VNI、Next Hop。","EVPN/VXLAN、VTEP、隧道、路由、端点与租户对象模型；具体范围：MAC/IP、VNI、Next Hop","EVPN/VXLAN 租户连通性、隧道与端点状态巡检；关注：MAC/IP、VNI、Next Hop","P0（核心）","支持","Type-2路由：Apstra 6.1 通过 Blueprint、Managed Devices、意图/实际状态和 Streaming Telemetry 原生覆盖；范围为 MAC/IP、VNI、Next Hop。","支持","Type-2路由：CloudVision Inventory、Topology、NetDB/Telemetry、Events 或 Compliance 原生覆盖，主要面向受管 EOS 设备；范围为 MAC/IP、VNI、Next Hop。","支持","Type-2路由：属于 iMaster NCE-Fabric 的基础管控、拓扑、设备/协议状态或配置生命周期能力；覆盖 MAC/IP、VNI、Next Hop，仍需按目标版本、License 与 CloudEngine 型号核对。","部分支持/依设备或版本","Type-2路由：内置 Telemetry 已公开覆盖端口、带宽、设备资源、BGP/OSPF 邻居、MAC/ARP/路由表及历史查询；具体字段未核验完整覆盖 MAC/IP、VNI、Next Hop。AmpCon-DC（FS / Pica8）面向 PicOS 数据中心交换机；能力范围需按目标版本、License 与兼容硬件确认。"
"可视化与监控","对数据中心网络的拓扑、设备、链路、协议、业务及AIDC指标进行统一可视化和持续监控。","Overlay监控","监控EVPN/VXLAN隧道、路由、端点、网关和租户资源。","EVPN路由","对EVPN路由相关状态、指标和关系进行集中展示与持续跟踪。","Type-5路由","Type-5路由用于持续展示和跟踪IP Prefix、VRF、Next Hop。","IP Prefix、VRF、Next Hop","明确Type-5路由覆盖的具体对象、状态或指标，包括IP Prefix、VRF、Next Hop。","EVPN/VXLAN、VTEP、隧道、路由、端点与租户对象模型；具体范围：IP Prefix、VRF、Next Hop","EVPN/VXLAN 租户连通性、隧道与端点状态巡检；关注：IP Prefix、VRF、Next Hop","P0（核心）","支持","Type-5路由：Apstra 6.1 通过 Blueprint、Managed Devices、意图/实际状态和 Streaming Telemetry 原生覆盖；范围为 IP Prefix、VRF、Next Hop。","支持","Type-5路由：CloudVision Inventory、Topology、NetDB/Telemetry、Events 或 Compliance 原生覆盖，主要面向受管 EOS 设备；范围为 IP Prefix、VRF、Next Hop。","支持","Type-5路由：属于 iMaster NCE-Fabric 的基础管控、拓扑、设备/协议状态或配置生命周期能力；覆盖 IP Prefix、VRF、Next Hop，仍需按目标版本、License 与 CloudEngine 型号核对。","部分支持/依设备或版本","Type-5路由：内置 Telemetry 已公开覆盖端口、带宽、设备资源、BGP/OSPF 邻居、MAC/ARP/路由表及历史查询；具体字段未核验完整覆盖 IP Prefix、VRF、Next Hop。AmpCon-DC（FS / Pica8）面向 PicOS 数据中心交换机；能力范围需按目标版本、License 与兼容硬件确认。"
"可视化与监控","对数据中心网络的拓扑、设备、链路、协议、业务及AIDC指标进行统一可视化和持续监控。","Overlay监控","监控EVPN/VXLAN隧道、路由、端点、网关和租户资源。","端点监控","对端点监控相关状态、指标和关系进行集中展示与持续跟踪。","MAC/IP端点","MAC/IP端点用于持续展示和跟踪MAC、IP、VLAN、VNI、接口。","MAC、IP、VLAN、VNI、接口","明确MAC/IP端点覆盖的具体对象、状态或指标，包括MAC、IP、VLAN、VNI、接口。","EVPN/VXLAN、VTEP、隧道、路由、端点与租户对象模型；具体范围：MAC、IP、VLAN、VNI、接口","EVPN/VXLAN 租户连通性、隧道与端点状态巡检；关注：MAC、IP、VLAN、VNI、接口","P0（核心）","支持","MAC/IP端点：Apstra 6.1 通过 Blueprint、Managed Devices、意图/实际状态和 Streaming Telemetry 原生覆盖；范围为 MAC、IP、VLAN、VNI、接口。","支持","MAC/IP端点：CloudVision Inventory、Topology、NetDB/Telemetry、Events 或 Compliance 原生覆盖，主要面向受管 EOS 设备；范围为 MAC、IP、VLAN、VNI、接口。","支持","MAC/IP端点：属于 iMaster NCE-Fabric 的基础管控、拓扑、设备/协议状态或配置生命周期能力；覆盖 MAC、IP、VLAN、VNI、接口，仍需按目标版本、License 与 CloudEngine 型号核对。","部分支持/依设备或版本","MAC/IP端点：内置 Telemetry 已公开覆盖端口、带宽、设备资源、BGP/OSPF 邻居、MAC/ARP/路由表及历史查询；具体字段未核验完整覆盖 MAC、IP、VLAN、VNI、接口。AmpCon-DC（FS / Pica8）面向 PicOS 数据中心交换机；能力范围需按目标版本、License 与兼容硬件确认。"
"可视化与监控","对数据中心网络的拓扑、设备、链路、协议、业务及AIDC指标进行统一可视化和持续监控。","Overlay监控","监控EVPN/VXLAN隧道、路由、端点、网关和租户资源。","端点监控","对端点监控相关状态、指标和关系进行集中展示与持续跟踪。","端点移动","端点移动用于持续展示和跟踪原位置、新位置、次数、时间。","原位置、新位置、次数、时间","明确端点移动覆盖的具体对象、状态或指标，包括原位置、新位置、次数、时间。","EVPN/VXLAN、VTEP、隧道、路由、端点与租户对象模型；具体范围：原位置、新位置、次数、时间","EVPN/VXLAN 租户连通性、隧道与端点状态巡检；关注：原位置、新位置、次数、时间","P0（核心）","支持","端点移动：Apstra 6.1 通过 Blueprint、Managed Devices、意图/实际状态和 Streaming Telemetry 原生覆盖；范围为 原位置、新位置、次数、时间。","支持","端点移动：CloudVision Inventory、Topology、NetDB/Telemetry、Events 或 Compliance 原生覆盖，主要面向受管 EOS 设备；范围为 原位置、新位置、次数、时间。","支持","端点移动：属于 iMaster NCE-Fabric 的基础管控、拓扑、设备/协议状态或配置生命周期能力；覆盖 原位置、新位置、次数、时间，仍需按目标版本、License 与 CloudEngine 型号核对。","不支持/未发现原生支持","端点移动：截至已核对的 FS AmpCon-DC 官方可观测性资料与 v2.2.0 发布说明，未发现产品原生完整覆盖 原位置、新位置、次数、时间；未把 PicOS 单机 CLI、第三方系统或本地 UI 原型计入。AmpCon-DC（FS / Pica8）面向 PicOS 数据中心交换机；能力范围需按目标版本、License 与兼容硬件确认。"
"可视化与监控","对数据中心网络的拓扑、设备、链路、协议、业务及AIDC指标进行统一可视化和持续监控。","Overlay监控","监控EVPN/VXLAN隧道、路由、端点、网关和租户资源。","端点监控","对端点监控相关状态、指标和关系进行集中展示与持续跟踪。","ARP/ND表","ARP/ND表用于持续展示和跟踪表项数、命中、老化、冲突。","表项数、命中、老化、冲突","明确ARP/ND表覆盖的具体对象、状态或指标，包括表项数、命中、老化、冲突。","EVPN/VXLAN、VTEP、隧道、路由、端点与租户对象模型；具体范围：表项数、命中、老化、冲突","EVPN/VXLAN 租户连通性、隧道与端点状态巡检；关注：表项数、命中、老化、冲突","P0（核心）","支持","ARP/ND表：Apstra 6.1 通过 Blueprint、Managed Devices、意图/实际状态和 Streaming Telemetry 原生覆盖；范围为 表项数、命中、老化、冲突。","支持","ARP/ND表：CloudVision Inventory、Topology、NetDB/Telemetry、Events 或 Compliance 原生覆盖，主要面向受管 EOS 设备；范围为 表项数、命中、老化、冲突。","支持","ARP/ND表：属于 iMaster NCE-Fabric 的基础管控、拓扑、设备/协议状态或配置生命周期能力；覆盖 表项数、命中、老化、冲突，仍需按目标版本、License 与 CloudEngine 型号核对。","部分支持/依设备或版本","ARP/ND表：内置 Telemetry 已公开覆盖端口、带宽、设备资源、BGP/OSPF 邻居、MAC/ARP/路由表及历史查询；具体字段未核验完整覆盖 表项数、命中、老化、冲突。AmpCon-DC（FS / Pica8）面向 PicOS 数据中心交换机；能力范围需按目标版本、License 与兼容硬件确认。"
"可视化与监控","对数据中心网络的拓扑、设备、链路、协议、业务及AIDC指标进行统一可视化和持续监控。","Overlay监控","监控EVPN/VXLAN隧道、路由、端点、网关和租户资源。","租户资源","对租户资源相关状态、指标和关系进行集中展示与持续跟踪。","VRF/VNI状态","VRF/VNI状态用于持续展示和跟踪状态、资源利用率、关联设备。","状态、资源利用率、关联设备","明确VRF/VNI状态覆盖的具体对象、状态或指标，包括状态、资源利用率、关联设备。","EVPN/VXLAN、VTEP、隧道、路由、端点与租户对象模型；具体范围：状态、资源利用率、关联设备","EVPN/VXLAN 租户连通性、隧道与端点状态巡检；关注：状态、资源利用率、关联设备","P0（核心）","支持","VRF/VNI状态：Apstra 6.1 通过 Blueprint、Managed Devices、意图/实际状态和 Streaming Telemetry 原生覆盖；范围为 状态、资源利用率、关联设备。","支持","VRF/VNI状态：CloudVision Inventory、Topology、NetDB/Telemetry、Events 或 Compliance 原生覆盖，主要面向受管 EOS 设备；范围为 状态、资源利用率、关联设备。","支持","VRF/VNI状态：属于 iMaster NCE-Fabric 的基础管控、拓扑、设备/协议状态或配置生命周期能力；覆盖 状态、资源利用率、关联设备，仍需按目标版本、License 与 CloudEngine 型号核对。","部分支持/依设备或版本","VRF/VNI状态：内置 Telemetry 已公开覆盖端口、带宽、设备资源、BGP/OSPF 邻居、MAC/ARP/路由表及历史查询；具体字段未核验完整覆盖 状态、资源利用率、关联设备。AmpCon-DC（FS / Pica8）面向 PicOS 数据中心交换机；能力范围需按目标版本、License 与兼容硬件确认。"
"可视化与监控","对数据中心网络的拓扑、设备、链路、协议、业务及AIDC指标进行统一可视化和持续监控。","Overlay监控","监控EVPN/VXLAN隧道、路由、端点、网关和租户资源。","租户资源","对租户资源相关状态、指标和关系进行集中展示与持续跟踪。","Anycast Gateway","Anycast Gateway用于持续展示和跟踪网关IP、MAC、设备一致性。","网关IP、MAC、设备一致性","明确Anycast Gateway覆盖的具体对象、状态或指标，包括网关IP、MAC、设备一致性。","EVPN/VXLAN、VTEP、隧道、路由、端点与租户对象模型；具体范围：网关IP、MAC、设备一致性","EVPN/VXLAN 租户连通性、隧道与端点状态巡检；关注：网关IP、MAC、设备一致性","P0（核心）","支持","Anycast Gateway：Apstra 6.1 通过 Blueprint、Managed Devices、意图/实际状态和 Streaming Telemetry 原生覆盖；范围为 网关IP、MAC、设备一致性。","支持","Anycast Gateway：CloudVision Inventory、Topology、NetDB/Telemetry、Events 或 Compliance 原生覆盖，主要面向受管 EOS 设备；范围为 网关IP、MAC、设备一致性。","支持","Anycast Gateway：属于 iMaster NCE-Fabric 的基础管控、拓扑、设备/协议状态或配置生命周期能力；覆盖 网关IP、MAC、设备一致性，仍需按目标版本、License 与 CloudEngine 型号核对。","不支持/未发现原生支持","Anycast Gateway：截至已核对的 FS AmpCon-DC 官方可观测性资料与 v2.2.0 发布说明，未发现产品原生完整覆盖 网关IP、MAC、设备一致性；未把 PicOS 单机 CLI、第三方系统或本地 UI 原型计入。AmpCon-DC（FS / Pica8）面向 PicOS 数据中心交换机；能力范围需按目标版本、License 与兼容硬件确认。"
"可视化与监控","对数据中心网络的拓扑、设备、链路、协议、业务及AIDC指标进行统一可视化和持续监控。","Overlay监控","监控EVPN/VXLAN隧道、路由、端点、网关和租户资源。","租户资源","对租户资源相关状态、指标和关系进行集中展示与持续跟踪。","DCI状态","DCI状态用于持续展示和跟踪Peer、Tunnel、Route、SLA。","Peer、Tunnel、Route、SLA","明确DCI状态覆盖的具体对象、状态或指标，包括Peer、Tunnel、Route、SLA。","EVPN/VXLAN、VTEP、隧道、路由、端点与租户对象模型；具体范围：Peer、Tunnel、Route、SLA","EVPN/VXLAN 租户连通性、隧道与端点状态巡检；关注：Peer、Tunnel、Route、SLA","P0（核心）","支持","DCI状态：Apstra 6.1 通过 Blueprint、Managed Devices、意图/实际状态和 Streaming Telemetry 原生覆盖；范围为 Peer、Tunnel、Route、SLA。","支持","DCI状态：CloudVision Inventory、Topology、NetDB/Telemetry、Events 或 Compliance 原生覆盖，主要面向受管 EOS 设备；范围为 Peer、Tunnel、Route、SLA。","支持","DCI状态：属于 iMaster NCE-Fabric 的基础管控、拓扑、设备/协议状态或配置生命周期能力；覆盖 Peer、Tunnel、Route、SLA，仍需按目标版本、License 与 CloudEngine 型号核对。","不支持/未发现原生支持","DCI状态：截至已核对的 FS AmpCon-DC 官方可观测性资料与 v2.2.0 发布说明，未发现产品原生完整覆盖 Peer、Tunnel、Route、SLA；未把 PicOS 单机 CLI、第三方系统或本地 UI 原型计入。AmpCon-DC（FS / Pica8）面向 PicOS 数据中心交换机；能力范围需按目标版本、License 与兼容硬件确认。"
"可视化与监控","对数据中心网络的拓扑、设备、链路、协议、业务及AIDC指标进行统一可视化和持续监控。","流量监控","采集并展示流记录、流量排行、通信矩阵及大象流。","Flow数据","对Flow数据相关状态、指标和关系进行集中展示与持续跟踪。","流记录采集","流记录采集用于持续展示和跟踪sFlow、NetFlow、IPFIX、Telemetry。","sFlow、NetFlow、IPFIX、Telemetry","明确流记录采集覆盖的具体对象、状态或指标，包括sFlow、NetFlow、IPFIX、Telemetry。","sFlow/NetFlow/IPFIX、流记录、Top-N、通信矩阵与大象流；具体范围：sFlow、NetFlow、IPFIX、Telemetry","热点发现、Top Talker 定位、东西向流量与大象流观察；关注：sFlow、NetFlow、IPFIX、Telemetry","P1（重要）","部分支持","流记录采集：可借助 NOS 计数器、Streaming Telemetry、定制 IBA Probe、Configlet 或外部 Flow/GPU 系统覆盖部分指标，不等同 Apstra 原生完整分析器。","部分支持","流记录采集：CloudVision Flow Visibility 可覆盖部分场景，但依赖 EOS Flow Collector、流记录和平台配置，不能等同通用原生流量分析器。","部分支持/依组件、版本或硬件","流记录采集：需结合 iMaster NCE-FabricInsight 分析器评估。官方资料确认其采集应用流、网络与 Telemetry 数据，支持关键应用质量检测、一键路径诊断、故障定位、网络质量劣化及亚健康光模块/链路分析；但未核验完整覆盖 sFlow、NetFlow、IPFIX、Telemetry，且依版本、Foundation Package、Telemetry/IOAM 与硬件。","不支持/未发现原生支持","流记录采集：截至已核对的 FS AmpCon-DC 官方可观测性资料与 v2.2.0 发布说明，未发现产品原生完整覆盖 sFlow、NetFlow、IPFIX、Telemetry；未把 PicOS 单机 CLI、第三方系统或本地 UI 原型计入。AmpCon-DC（FS / Pica8）面向 PicOS 数据中心交换机；能力范围需按目标版本、License 与兼容硬件确认。"
"可视化与监控","对数据中心网络的拓扑、设备、链路、协议、业务及AIDC指标进行统一可视化和持续监控。","流量监控","采集并展示流记录、流量排行、通信矩阵及大象流。","流量排行","对流量排行相关状态、指标和关系进行集中展示与持续跟踪。","Top Talker","Top Talker用于持续展示和跟踪源、目的、端口、协议、带宽。","源、目的、端口、协议、带宽","明确Top Talker覆盖的具体对象、状态或指标，包括源、目的、端口、协议、带宽。","sFlow/NetFlow/IPFIX、流记录、Top-N、通信矩阵与大象流；具体范围：源、目的、端口、协议、带宽","热点发现、Top Talker 定位、东西向流量与大象流观察；关注：源、目的、端口、协议、带宽","P1（重要）","部分支持","Top Talker：可借助 NOS 计数器、Streaming Telemetry、定制 IBA Probe、Configlet 或外部 Flow/GPU 系统覆盖部分指标，不等同 Apstra 原生完整分析器。","部分支持","Top Talker：CloudVision Flow Visibility 可覆盖部分场景，但依赖 EOS Flow Collector、流记录和平台配置，不能等同通用原生流量分析器。","部分支持/依组件、版本或硬件","Top Talker：需结合 iMaster NCE-FabricInsight 分析器评估。官方资料确认其采集应用流、网络与 Telemetry 数据，支持关键应用质量检测、一键路径诊断、故障定位、网络质量劣化及亚健康光模块/链路分析；但未核验完整覆盖 源、目的、端口、协议、带宽，且依版本、Foundation Package、Telemetry/IOAM 与硬件。","不支持/未发现原生支持","Top Talker：截至已核对的 FS AmpCon-DC 官方可观测性资料与 v2.2.0 发布说明，未发现产品原生完整覆盖 源、目的、端口、协议、带宽；未把 PicOS 单机 CLI、第三方系统或本地 UI 原型计入。AmpCon-DC（FS / Pica8）面向 PicOS 数据中心交换机；能力范围需按目标版本、License 与兼容硬件确认。"
"可视化与监控","对数据中心网络的拓扑、设备、链路、协议、业务及AIDC指标进行统一可视化和持续监控。","流量监控","采集并展示流记录、流量排行、通信矩阵及大象流。","流量排行","对流量排行相关状态、指标和关系进行集中展示与持续跟踪。","Top Application","Top Application用于持续展示和跟踪应用、业务、租户、VRF。","应用、业务、租户、VRF","明确Top Application覆盖的具体对象、状态或指标，包括应用、业务、租户、VRF。","sFlow/NetFlow/IPFIX、流记录、Top-N、通信矩阵与大象流；具体范围：应用、业务、租户、VRF","热点发现、Top Talker 定位、东西向流量与大象流观察；关注：应用、业务、租户、VRF","P1（重要）","部分支持","Top Application：可借助 NOS 计数器、Streaming Telemetry、定制 IBA Probe、Configlet 或外部 Flow/GPU 系统覆盖部分指标，不等同 Apstra 原生完整分析器。","部分支持","Top Application：CloudVision Flow Visibility 可覆盖部分场景，但依赖 EOS Flow Collector、流记录和平台配置，不能等同通用原生流量分析器。","部分支持/依组件、版本或硬件","Top Application：需结合 iMaster NCE-FabricInsight 分析器评估。官方资料确认其采集应用流、网络与 Telemetry 数据，支持关键应用质量检测、一键路径诊断、故障定位、网络质量劣化及亚健康光模块/链路分析；但未核验完整覆盖 应用、业务、租户、VRF，且依版本、Foundation Package、Telemetry/IOAM 与硬件。","不支持/未发现原生支持","Top Application：截至已核对的 FS AmpCon-DC 官方可观测性资料与 v2.2.0 发布说明，未发现产品原生完整覆盖 应用、业务、租户、VRF；未把 PicOS 单机 CLI、第三方系统或本地 UI 原型计入。AmpCon-DC（FS / Pica8）面向 PicOS 数据中心交换机；能力范围需按目标版本、License 与兼容硬件确认。"
"可视化与监控","对数据中心网络的拓扑、设备、链路、协议、业务及AIDC指标进行统一可视化和持续监控。","流量监控","采集并展示流记录、流量排行、通信矩阵及大象流。","流量矩阵","对流量矩阵相关状态、指标和关系进行集中展示与持续跟踪。","东西向流量","东西向流量用于持续展示和跟踪Rack-to-Rack、Pod-to-Pod、Tenant-to-Tenant。","Rack-to-Rack、Pod-to-Pod、Tenant-to-Tenant","明确东西向流量覆盖的具体对象、状态或指标，包括Rack-to-Rack、Pod-to-Pod、Tenant-to-Tenant。","sFlow/NetFlow/IPFIX、流记录、Top-N、通信矩阵与大象流；具体范围：Rack-to-Rack、Pod-to-Pod、Tenant-to-Tenant","热点发现、Top Talker 定位、东西向流量与大象流观察；关注：Rack-to-Rack、Pod-to-Pod、Tenant-to-Tenant","P1（重要）","部分支持","东西向流量：可借助 NOS 计数器、Streaming Telemetry、定制 IBA Probe、Configlet 或外部 Flow/GPU 系统覆盖部分指标，不等同 Apstra 原生完整分析器。","部分支持","东西向流量：CloudVision Flow Visibility 可覆盖部分场景，但依赖 EOS Flow Collector、流记录和平台配置，不能等同通用原生流量分析器。","部分支持/依组件、版本或硬件","东西向流量：需结合 iMaster NCE-FabricInsight 分析器评估。官方资料确认其采集应用流、网络与 Telemetry 数据，支持关键应用质量检测、一键路径诊断、故障定位、网络质量劣化及亚健康光模块/链路分析；但未核验完整覆盖 Rack-to-Rack、Pod-to-Pod、Tenant-to-Tenant，且依版本、Foundation Package、Telemetry/IOAM 与硬件。","不支持/未发现原生支持","东西向流量：截至已核对的 FS AmpCon-DC 官方可观测性资料与 v2.2.0 发布说明，未发现产品原生完整覆盖 Rack-to-Rack、Pod-to-Pod、Tenant-to-Tenant；未把 PicOS 单机 CLI、第三方系统或本地 UI 原型计入。AmpCon-DC（FS / Pica8）面向 PicOS 数据中心交换机；能力范围需按目标版本、License 与兼容硬件确认。"
"可视化与监控","对数据中心网络的拓扑、设备、链路、协议、业务及AIDC指标进行统一可视化和持续监控。","流量监控","采集并展示流记录、流量排行、通信矩阵及大象流。","流量矩阵","对流量矩阵相关状态、指标和关系进行集中展示与持续跟踪。","南北向流量","南北向流量用于持续展示和跟踪Fabric-to-WAN、Fabric-to-DCI。","Fabric-to-WAN、Fabric-to-DCI","明确南北向流量覆盖的具体对象、状态或指标，包括Fabric-to-WAN、Fabric-to-DCI。","sFlow/NetFlow/IPFIX、流记录、Top-N、通信矩阵与大象流；具体范围：Fabric-to-WAN、Fabric-to-DCI","热点发现、Top Talker 定位、东西向流量与大象流观察；关注：Fabric-to-WAN、Fabric-to-DCI","P1（重要）","部分支持","南北向流量：可借助 NOS 计数器、Streaming Telemetry、定制 IBA Probe、Configlet 或外部 Flow/GPU 系统覆盖部分指标，不等同 Apstra 原生完整分析器。","部分支持","南北向流量：CloudVision Flow Visibility 可覆盖部分场景，但依赖 EOS Flow Collector、流记录和平台配置，不能等同通用原生流量分析器。","部分支持/依组件、版本或硬件","南北向流量：需结合 iMaster NCE-FabricInsight 分析器评估。官方资料确认其采集应用流、网络与 Telemetry 数据，支持关键应用质量检测、一键路径诊断、故障定位、网络质量劣化及亚健康光模块/链路分析；但未核验完整覆盖 Fabric-to-WAN、Fabric-to-DCI，且依版本、Foundation Package、Telemetry/IOAM 与硬件。","不支持/未发现原生支持","南北向流量：截至已核对的 FS AmpCon-DC 官方可观测性资料与 v2.2.0 发布说明，未发现产品原生完整覆盖 Fabric-to-WAN、Fabric-to-DCI；未把 PicOS 单机 CLI、第三方系统或本地 UI 原型计入。AmpCon-DC（FS / Pica8）面向 PicOS 数据中心交换机；能力范围需按目标版本、License 与兼容硬件确认。"
"可视化与监控","对数据中心网络的拓扑、设备、链路、协议、业务及AIDC指标进行统一可视化和持续监控。","流量监控","采集并展示流记录、流量排行、通信矩阵及大象流。","流行为","对流行为相关状态、指标和关系进行集中展示与持续跟踪。","大象流监控","大象流监控用于持续展示和跟踪流大小、持续时间、占用带宽。","流大小、持续时间、占用带宽","明确大象流监控覆盖的具体对象、状态或指标，包括流大小、持续时间、占用带宽。","sFlow/NetFlow/IPFIX、流记录、Top-N、通信矩阵与大象流；具体范围：流大小、持续时间、占用带宽","热点发现、Top Talker 定位、东西向流量与大象流观察；关注：流大小、持续时间、占用带宽","P1（重要）","部分支持","大象流监控：可借助 NOS 计数器、Streaming Telemetry、定制 IBA Probe、Configlet 或外部 Flow/GPU 系统覆盖部分指标，不等同 Apstra 原生完整分析器。","部分支持","大象流监控：CloudVision Flow Visibility 可覆盖部分场景，但依赖 EOS Flow Collector、流记录和平台配置，不能等同通用原生流量分析器。","部分支持/依组件、版本或硬件","大象流监控：需结合 iMaster NCE-FabricInsight 分析器评估。官方资料确认其采集应用流、网络与 Telemetry 数据，支持关键应用质量检测、一键路径诊断、故障定位、网络质量劣化及亚健康光模块/链路分析；但未核验完整覆盖 流大小、持续时间、占用带宽，且依版本、Foundation Package、Telemetry/IOAM 与硬件。","不支持/未发现原生支持","大象流监控：截至已核对的 FS AmpCon-DC 官方可观测性资料与 v2.2.0 发布说明，未发现产品原生完整覆盖 流大小、持续时间、占用带宽；未把 PicOS 单机 CLI、第三方系统或本地 UI 原型计入。AmpCon-DC（FS / Pica8）面向 PicOS 数据中心交换机；能力范围需按目标版本、License 与兼容硬件确认。"
"可视化与监控","对数据中心网络的拓扑、设备、链路、协议、业务及AIDC指标进行统一可视化和持续监控。","流量监控","采集并展示流记录、流量排行、通信矩阵及大象流。","流行为","对流行为相关状态、指标和关系进行集中展示与持续跟踪。","多播监控","多播监控用于持续展示和跟踪Group、Source、Receiver、Tree。","Group、Source、Receiver、Tree","明确多播监控覆盖的具体对象、状态或指标，包括Group、Source、Receiver、Tree。","sFlow/NetFlow/IPFIX、流记录、Top-N、通信矩阵与大象流；具体范围：Group、Source、Receiver、Tree","热点发现、Top Talker 定位、东西向流量与大象流观察；关注：Group、Source、Receiver、Tree","P1（重要）","部分支持","多播监控：可借助 NOS 计数器、Streaming Telemetry、定制 IBA Probe、Configlet 或外部 Flow/GPU 系统覆盖部分指标，不等同 Apstra 原生完整分析器。","部分支持","多播监控：CloudVision Flow Visibility 可覆盖部分场景，但依赖 EOS Flow Collector、流记录和平台配置，不能等同通用原生流量分析器。","部分支持/依组件、版本或硬件","多播监控：需结合 iMaster NCE-FabricInsight 分析器评估。官方资料确认其采集应用流、网络与 Telemetry 数据，支持关键应用质量检测、一键路径诊断、故障定位、网络质量劣化及亚健康光模块/链路分析；但未核验完整覆盖 Group、Source、Receiver、Tree，且依版本、Foundation Package、Telemetry/IOAM 与硬件。","不支持/未发现原生支持","多播监控：截至已核对的 FS AmpCon-DC 官方可观测性资料与 v2.2.0 发布说明，未发现产品原生完整覆盖 Group、Source、Receiver、Tree；未把 PicOS 单机 CLI、第三方系统或本地 UI 原型计入。AmpCon-DC（FS / Pica8）面向 PicOS 数据中心交换机；能力范围需按目标版本、License 与兼容硬件确认。"
"可视化与监控","对数据中心网络的拓扑、设备、链路、协议、业务及AIDC指标进行统一可视化和持续监控。","AIDC监控","监控RoCE无损网络、队列、Buffer、负载均衡和GPU端点。","PFC监控","对PFC监控相关状态、指标和关系进行集中展示与持续跟踪。","PFC Pause计数","PFC Pause计数用于持续展示和跟踪按端口、方向、优先级统计。","按端口、方向、优先级统计","明确PFC Pause计数覆盖的具体对象、状态或指标，包括按端口、方向、优先级统计。","PFC/ECN/CNP、队列与 Buffer、RoCE/DCQCN、NIC/GPU Telemetry；具体范围：按端口、方向、优先级统计","RoCE 网络值守、无损指标巡检、GPU 集群网络质量观察；关注：按端口、方向、优先级统计","P0（核心）","部分支持","PFC Pause计数：可借助 NOS 计数器、Streaming Telemetry、定制 IBA Probe、Configlet 或外部 Flow/GPU 系统覆盖部分指标，不等同 Apstra 原生完整分析器。","部分支持","PFC Pause计数：数据可来自 EOS/特定 ASIC、LANZ、队列或 PFC/ECN 计数器；CloudVision 展示和分析范围依硬件、EOS 版本与订阅，故仅部分支持。","部分支持/依组件、版本或硬件","PFC Pause计数：需结合 iMaster NCE-FabricInsight 分析器评估。官方资料确认其采集应用流、网络与 Telemetry 数据，支持关键应用质量检测、一键路径诊断、故障定位、网络质量劣化及亚健康光模块/链路分析；但未核验完整覆盖 按端口、方向、优先级统计，且依版本、Foundation Package、Telemetry/IOAM 与硬件。","部分支持/依设备或版本","PFC Pause计数：v2.2.0 已公开端到端 RoCE 部署、预检/批量下发/部署后校验、交换机与 NIC 流量监控及 Broadcom/NVIDIA NIC 管理；未证明完整覆盖 按端口、方向、优先级统计。AmpCon-DC（FS / Pica8）面向 PicOS 数据中心交换机；能力范围需按目标版本、License 与兼容硬件确认。"
"可视化与监控","对数据中心网络的拓扑、设备、链路、协议、业务及AIDC指标进行统一可视化和持续监控。","AIDC监控","监控RoCE无损网络、队列、Buffer、负载均衡和GPU端点。","PFC监控","对PFC监控相关状态、指标和关系进行集中展示与持续跟踪。","PFC持续时间","PFC持续时间用于持续展示和跟踪Pause Duration、占空比、风暴。","Pause Duration、占空比、风暴","明确PFC持续时间覆盖的具体对象、状态或指标，包括Pause Duration、占空比、风暴。","PFC/ECN/CNP、队列与 Buffer、RoCE/DCQCN、NIC/GPU Telemetry；具体范围：Pause Duration、占空比、风暴","RoCE 网络值守、无损指标巡检、GPU 集群网络质量观察；关注：Pause Duration、占空比、风暴","P0（核心）","部分支持","PFC持续时间：可借助 NOS 计数器、Streaming Telemetry、定制 IBA Probe、Configlet 或外部 Flow/GPU 系统覆盖部分指标，不等同 Apstra 原生完整分析器。","部分支持","PFC持续时间：数据可来自 EOS/特定 ASIC、LANZ、队列或 PFC/ECN 计数器；CloudVision 展示和分析范围依硬件、EOS 版本与订阅，故仅部分支持。","部分支持/依组件、版本或硬件","PFC持续时间：需结合 iMaster NCE-FabricInsight 分析器评估。官方资料确认其采集应用流、网络与 Telemetry 数据，支持关键应用质量检测、一键路径诊断、故障定位、网络质量劣化及亚健康光模块/链路分析；但未核验完整覆盖 Pause Duration、占空比、风暴，且依版本、Foundation Package、Telemetry/IOAM 与硬件。","部分支持/依设备或版本","PFC持续时间：v2.2.0 已公开端到端 RoCE 部署、预检/批量下发/部署后校验、交换机与 NIC 流量监控及 Broadcom/NVIDIA NIC 管理；未证明完整覆盖 Pause Duration、占空比、风暴。AmpCon-DC（FS / Pica8）面向 PicOS 数据中心交换机；能力范围需按目标版本、License 与兼容硬件确认。"
"可视化与监控","对数据中心网络的拓扑、设备、链路、协议、业务及AIDC指标进行统一可视化和持续监控。","AIDC监控","监控RoCE无损网络、队列、Buffer、负载均衡和GPU端点。","PFC监控","对PFC监控相关状态、指标和关系进行集中展示与持续跟踪。","Watchdog状态","Watchdog状态用于持续展示和跟踪触发、恢复、丢弃、隔离。","触发、恢复、丢弃、隔离","明确Watchdog状态覆盖的具体对象、状态或指标，包括触发、恢复、丢弃、隔离。","PFC/ECN/CNP、队列与 Buffer、RoCE/DCQCN、NIC/GPU Telemetry；具体范围：触发、恢复、丢弃、隔离","RoCE 网络值守、无损指标巡检、GPU 集群网络质量观察；关注：触发、恢复、丢弃、隔离","P0（核心）","部分支持","Watchdog状态：可借助 NOS 计数器、Streaming Telemetry、定制 IBA Probe、Configlet 或外部 Flow/GPU 系统覆盖部分指标，不等同 Apstra 原生完整分析器。","部分支持","Watchdog状态：数据可来自 EOS/特定 ASIC、LANZ、队列或 PFC/ECN 计数器；CloudVision 展示和分析范围依硬件、EOS 版本与订阅，故仅部分支持。","部分支持/依组件、版本或硬件","Watchdog状态：需结合 iMaster NCE-FabricInsight 分析器评估。官方资料确认其采集应用流、网络与 Telemetry 数据，支持关键应用质量检测、一键路径诊断、故障定位、网络质量劣化及亚健康光模块/链路分析；但未核验完整覆盖 触发、恢复、丢弃、隔离，且依版本、Foundation Package、Telemetry/IOAM 与硬件。","部分支持/依设备或版本","Watchdog状态：v2.2.0 已公开端到端 RoCE 部署、预检/批量下发/部署后校验、交换机与 NIC 流量监控及 Broadcom/NVIDIA NIC 管理；未证明完整覆盖 触发、恢复、丢弃、隔离。AmpCon-DC（FS / Pica8）面向 PicOS 数据中心交换机；能力范围需按目标版本、License 与兼容硬件确认。"
"可视化与监控","对数据中心网络的拓扑、设备、链路、协议、业务及AIDC指标进行统一可视化和持续监控。","AIDC监控","监控RoCE无损网络、队列、Buffer、负载均衡和GPU端点。","ECN/CNP监控","对ECN/CNP监控相关状态、指标和关系进行集中展示与持续跟踪。","ECN Marking","ECN Marking用于持续展示和跟踪标记包、标记率、队列、端口。","标记包、标记率、队列、端口","明确ECN Marking覆盖的具体对象、状态或指标，包括标记包、标记率、队列、端口。","PFC/ECN/CNP、队列与 Buffer、RoCE/DCQCN、NIC/GPU Telemetry；具体范围：标记包、标记率、队列、端口","RoCE 网络值守、无损指标巡检、GPU 集群网络质量观察；关注：标记包、标记率、队列、端口","P0（核心）","部分支持","ECN Marking：可借助 NOS 计数器、Streaming Telemetry、定制 IBA Probe、Configlet 或外部 Flow/GPU 系统覆盖部分指标，不等同 Apstra 原生完整分析器。","部分支持","ECN Marking：数据可来自 EOS/特定 ASIC、LANZ、队列或 PFC/ECN 计数器；CloudVision 展示和分析范围依硬件、EOS 版本与订阅，故仅部分支持。","部分支持/依组件、版本或硬件","ECN Marking：需结合 iMaster NCE-FabricInsight 分析器评估。官方资料确认其采集应用流、网络与 Telemetry 数据，支持关键应用质量检测、一键路径诊断、故障定位、网络质量劣化及亚健康光模块/链路分析；但未核验完整覆盖 标记包、标记率、队列、端口，且依版本、Foundation Package、Telemetry/IOAM 与硬件。","部分支持/依设备或版本","ECN Marking：v2.2.0 已公开端到端 RoCE 部署、预检/批量下发/部署后校验、交换机与 NIC 流量监控及 Broadcom/NVIDIA NIC 管理；未证明完整覆盖 标记包、标记率、队列、端口。AmpCon-DC（FS / Pica8）面向 PicOS 数据中心交换机；能力范围需按目标版本、License 与兼容硬件确认。"
"可视化与监控","对数据中心网络的拓扑、设备、链路、协议、业务及AIDC指标进行统一可视化和持续监控。","AIDC监控","监控RoCE无损网络、队列、Buffer、负载均衡和GPU端点。","ECN/CNP监控","对ECN/CNP监控相关状态、指标和关系进行集中展示与持续跟踪。","CNP统计","CNP统计用于持续展示和跟踪CNP发送、接收、响应。","CNP发送、接收、响应","明确CNP统计覆盖的具体对象、状态或指标，包括CNP发送、接收、响应。","PFC/ECN/CNP、队列与 Buffer、RoCE/DCQCN、NIC/GPU Telemetry；具体范围：CNP发送、接收、响应","RoCE 网络值守、无损指标巡检、GPU 集群网络质量观察；关注：CNP发送、接收、响应","P0（核心）","部分支持","CNP统计：可借助 NOS 计数器、Streaming Telemetry、定制 IBA Probe、Configlet 或外部 Flow/GPU 系统覆盖部分指标，不等同 Apstra 原生完整分析器。","部分支持","CNP统计：数据可来自 EOS/特定 ASIC、LANZ、队列或 PFC/ECN 计数器；CloudVision 展示和分析范围依硬件、EOS 版本与订阅，故仅部分支持。","部分支持/依组件、版本或硬件","CNP统计：需结合 iMaster NCE-FabricInsight 分析器评估。官方资料确认其采集应用流、网络与 Telemetry 数据，支持关键应用质量检测、一键路径诊断、故障定位、网络质量劣化及亚健康光模块/链路分析；但未核验完整覆盖 CNP发送、接收、响应，且依版本、Foundation Package、Telemetry/IOAM 与硬件。","部分支持/依设备或版本","CNP统计：v2.2.0 已公开端到端 RoCE 部署、预检/批量下发/部署后校验、交换机与 NIC 流量监控及 Broadcom/NVIDIA NIC 管理；未证明完整覆盖 CNP发送、接收、响应。AmpCon-DC（FS / Pica8）面向 PicOS 数据中心交换机；能力范围需按目标版本、License 与兼容硬件确认。"
"可视化与监控","对数据中心网络的拓扑、设备、链路、协议、业务及AIDC指标进行统一可视化和持续监控。","AIDC监控","监控RoCE无损网络、队列、Buffer、负载均衡和GPU端点。","队列监控","对队列监控相关状态、指标和关系进行集中展示与持续跟踪。","Queue Depth","Queue Depth用于持续展示和跟踪当前、平均、峰值、高水位。","当前、平均、峰值、高水位","明确Queue Depth覆盖的具体对象、状态或指标，包括当前、平均、峰值、高水位。","PFC/ECN/CNP、队列与 Buffer、RoCE/DCQCN、NIC/GPU Telemetry；具体范围：当前、平均、峰值、高水位","RoCE 网络值守、无损指标巡检、GPU 集群网络质量观察；关注：当前、平均、峰值、高水位","P0（核心）","部分支持","Queue Depth：可借助 NOS 计数器、Streaming Telemetry、定制 IBA Probe、Configlet 或外部 Flow/GPU 系统覆盖部分指标，不等同 Apstra 原生完整分析器。","部分支持","Queue Depth：数据可来自 EOS/特定 ASIC、LANZ、队列或 PFC/ECN 计数器；CloudVision 展示和分析范围依硬件、EOS 版本与订阅，故仅部分支持。","部分支持/依组件、版本或硬件","Queue Depth：需结合 iMaster NCE-FabricInsight 分析器评估。官方资料确认其采集应用流、网络与 Telemetry 数据，支持关键应用质量检测、一键路径诊断、故障定位、网络质量劣化及亚健康光模块/链路分析；但未核验完整覆盖 当前、平均、峰值、高水位，且依版本、Foundation Package、Telemetry/IOAM 与硬件。","部分支持/依设备或版本","Queue Depth：v2.2.0 已公开端到端 RoCE 部署、预检/批量下发/部署后校验、交换机与 NIC 流量监控及 Broadcom/NVIDIA NIC 管理；未证明完整覆盖 当前、平均、峰值、高水位。AmpCon-DC（FS / Pica8）面向 PicOS 数据中心交换机；能力范围需按目标版本、License 与兼容硬件确认。"
"可视化与监控","对数据中心网络的拓扑、设备、链路、协议、业务及AIDC指标进行统一可视化和持续监控。","AIDC监控","监控RoCE无损网络、队列、Buffer、负载均衡和GPU端点。","队列监控","对队列监控相关状态、指标和关系进行集中展示与持续跟踪。","Queue Drop","Queue Drop用于持续展示和跟踪Tail Drop、WRED Drop、Buffer Drop。","Tail Drop、WRED Drop、Buffer Drop","明确Queue Drop覆盖的具体对象、状态或指标，包括Tail Drop、WRED Drop、Buffer Drop。","PFC/ECN/CNP、队列与 Buffer、RoCE/DCQCN、NIC/GPU Telemetry；具体范围：Tail Drop、WRED Drop、Buffer Drop","RoCE 网络值守、无损指标巡检、GPU 集群网络质量观察；关注：Tail Drop、WRED Drop、Buffer Drop","P0（核心）","部分支持","Queue Drop：可借助 NOS 计数器、Streaming Telemetry、定制 IBA Probe、Configlet 或外部 Flow/GPU 系统覆盖部分指标，不等同 Apstra 原生完整分析器。","部分支持","Queue Drop：数据可来自 EOS/特定 ASIC、LANZ、队列或 PFC/ECN 计数器；CloudVision 展示和分析范围依硬件、EOS 版本与订阅，故仅部分支持。","部分支持/依组件、版本或硬件","Queue Drop：需结合 iMaster NCE-FabricInsight 分析器评估。官方资料确认其采集应用流、网络与 Telemetry 数据，支持关键应用质量检测、一键路径诊断、故障定位、网络质量劣化及亚健康光模块/链路分析；但未核验完整覆盖 Tail Drop、WRED Drop、Buffer Drop，且依版本、Foundation Package、Telemetry/IOAM 与硬件。","部分支持/依设备或版本","Queue Drop：v2.2.0 已公开端到端 RoCE 部署、预检/批量下发/部署后校验、交换机与 NIC 流量监控及 Broadcom/NVIDIA NIC 管理；未证明完整覆盖 Tail Drop、WRED Drop、Buffer Drop。AmpCon-DC（FS / Pica8）面向 PicOS 数据中心交换机；能力范围需按目标版本、License 与兼容硬件确认。"
"可视化与监控","对数据中心网络的拓扑、设备、链路、协议、业务及AIDC指标进行统一可视化和持续监控。","AIDC监控","监控RoCE无损网络、队列、Buffer、负载均衡和GPU端点。","Buffer监控","对Buffer监控相关状态、指标和关系进行集中展示与持续跟踪。","Buffer使用率","Buffer使用率用于持续展示和跟踪Shared、Dedicated、Lossless、Lossy。","Shared、Dedicated、Lossless、Lossy","明确Buffer使用率覆盖的具体对象、状态或指标，包括Shared、Dedicated、Lossless、Lossy。","PFC/ECN/CNP、队列与 Buffer、RoCE/DCQCN、NIC/GPU Telemetry；具体范围：Shared、Dedicated、Lossless、Lossy","RoCE 网络值守、无损指标巡检、GPU 集群网络质量观察；关注：Shared、Dedicated、Lossless、Lossy","P0（核心）","部分支持","Buffer使用率：可借助 NOS 计数器、Streaming Telemetry、定制 IBA Probe、Configlet 或外部 Flow/GPU 系统覆盖部分指标，不等同 Apstra 原生完整分析器。","部分支持","Buffer使用率：数据可来自 EOS/特定 ASIC、LANZ、队列或 PFC/ECN 计数器；CloudVision 展示和分析范围依硬件、EOS 版本与订阅，故仅部分支持。","部分支持/依组件、版本或硬件","Buffer使用率：需结合 iMaster NCE-FabricInsight 分析器评估。官方资料确认其采集应用流、网络与 Telemetry 数据，支持关键应用质量检测、一键路径诊断、故障定位、网络质量劣化及亚健康光模块/链路分析；但未核验完整覆盖 Shared、Dedicated、Lossless、Lossy，且依版本、Foundation Package、Telemetry/IOAM 与硬件。","部分支持/依设备或版本","Buffer使用率：v2.2.0 已公开端到端 RoCE 部署、预检/批量下发/部署后校验、交换机与 NIC 流量监控及 Broadcom/NVIDIA NIC 管理；未证明完整覆盖 Shared、Dedicated、Lossless、Lossy。AmpCon-DC（FS / Pica8）面向 PicOS 数据中心交换机；能力范围需按目标版本、License 与兼容硬件确认。"
"可视化与监控","对数据中心网络的拓扑、设备、链路、协议、业务及AIDC指标进行统一可视化和持续监控。","AIDC监控","监控RoCE无损网络、队列、Buffer、负载均衡和GPU端点。","Buffer监控","对Buffer监控相关状态、指标和关系进行集中展示与持续跟踪。","Headroom使用","Headroom使用用于持续展示和跟踪当前、峰值、耗尽次数。","当前、峰值、耗尽次数","明确Headroom使用覆盖的具体对象、状态或指标，包括当前、峰值、耗尽次数。","PFC/ECN/CNP、队列与 Buffer、RoCE/DCQCN、NIC/GPU Telemetry；具体范围：当前、峰值、耗尽次数","RoCE 网络值守、无损指标巡检、GPU 集群网络质量观察；关注：当前、峰值、耗尽次数","P0（核心）","部分支持","Headroom使用：可借助 NOS 计数器、Streaming Telemetry、定制 IBA Probe、Configlet 或外部 Flow/GPU 系统覆盖部分指标，不等同 Apstra 原生完整分析器。","部分支持","Headroom使用：数据可来自 EOS/特定 ASIC、LANZ、队列或 PFC/ECN 计数器；CloudVision 展示和分析范围依硬件、EOS 版本与订阅，故仅部分支持。","部分支持/依组件、版本或硬件","Headroom使用：需结合 iMaster NCE-FabricInsight 分析器评估。官方资料确认其采集应用流、网络与 Telemetry 数据，支持关键应用质量检测、一键路径诊断、故障定位、网络质量劣化及亚健康光模块/链路分析；但未核验完整覆盖 当前、峰值、耗尽次数，且依版本、Foundation Package、Telemetry/IOAM 与硬件。","部分支持/依设备或版本","Headroom使用：v2.2.0 已公开端到端 RoCE 部署、预检/批量下发/部署后校验、交换机与 NIC 流量监控及 Broadcom/NVIDIA NIC 管理；未证明完整覆盖 当前、峰值、耗尽次数。AmpCon-DC（FS / Pica8）面向 PicOS 数据中心交换机；能力范围需按目标版本、License 与兼容硬件确认。"
"可视化与监控","对数据中心网络的拓扑、设备、链路、协议、业务及AIDC指标进行统一可视化和持续监控。","AIDC监控","监控RoCE无损网络、队列、Buffer、负载均衡和GPU端点。","负载均衡监控","对负载均衡监控相关状态、指标和关系进行集中展示与持续跟踪。","ECMP路径分布","ECMP路径分布用于持续展示和跟踪路径流量、Hash分布、热点。","路径流量、Hash分布、热点","明确ECMP路径分布覆盖的具体对象、状态或指标，包括路径流量、Hash分布、热点。","PFC/ECN/CNP、队列与 Buffer、RoCE/DCQCN、NIC/GPU Telemetry；具体范围：路径流量、Hash分布、热点","RoCE 网络值守、无损指标巡检、GPU 集群网络质量观察；关注：路径流量、Hash分布、热点","P0（核心）","部分支持","ECMP路径分布：可借助 NOS 计数器、Streaming Telemetry、定制 IBA Probe、Configlet 或外部 Flow/GPU 系统覆盖部分指标，不等同 Apstra 原生完整分析器。","部分支持","ECMP路径分布：数据可来自 EOS/特定 ASIC、LANZ、队列或 PFC/ECN 计数器；CloudVision 展示和分析范围依硬件、EOS 版本与订阅，故仅部分支持。","部分支持/依组件、版本或硬件","ECMP路径分布：需结合 iMaster NCE-FabricInsight 分析器评估。官方资料确认其采集应用流、网络与 Telemetry 数据，支持关键应用质量检测、一键路径诊断、故障定位、网络质量劣化及亚健康光模块/链路分析；但未核验完整覆盖 路径流量、Hash分布、热点，且依版本、Foundation Package、Telemetry/IOAM 与硬件。","不支持/未发现原生支持","ECMP路径分布：截至已核对的 FS AmpCon-DC 官方可观测性资料与 v2.2.0 发布说明，未发现产品原生完整覆盖 路径流量、Hash分布、热点；未把 PicOS 单机 CLI、第三方系统或本地 UI 原型计入。AmpCon-DC（FS / Pica8）面向 PicOS 数据中心交换机；能力范围需按目标版本、License 与兼容硬件确认。"
"可视化与监控","对数据中心网络的拓扑、设备、链路、协议、业务及AIDC指标进行统一可视化和持续监控。","AIDC监控","监控RoCE无损网络、队列、Buffer、负载均衡和GPU端点。","负载均衡监控","对负载均衡监控相关状态、指标和关系进行集中展示与持续跟踪。","DLB/GLB/ALB状态","DLB/GLB/ALB状态用于持续展示和跟踪Flowlet、成员路径、重平衡。","Flowlet、成员路径、重平衡","明确DLB/GLB/ALB状态覆盖的具体对象、状态或指标，包括Flowlet、成员路径、重平衡。","PFC/ECN/CNP、队列与 Buffer、RoCE/DCQCN、NIC/GPU Telemetry；具体范围：Flowlet、成员路径、重平衡","RoCE 网络值守、无损指标巡检、GPU 集群网络质量观察；关注：Flowlet、成员路径、重平衡","P0（核心）","部分支持","DLB/GLB/ALB状态：可借助 NOS 计数器、Streaming Telemetry、定制 IBA Probe、Configlet 或外部 Flow/GPU 系统覆盖部分指标，不等同 Apstra 原生完整分析器。","部分支持","DLB/GLB/ALB状态：数据可来自 EOS/特定 ASIC、LANZ、队列或 PFC/ECN 计数器；CloudVision 展示和分析范围依硬件、EOS 版本与订阅，故仅部分支持。","部分支持/依组件、版本或硬件","DLB/GLB/ALB状态：需结合 iMaster NCE-FabricInsight 分析器评估。官方资料确认其采集应用流、网络与 Telemetry 数据，支持关键应用质量检测、一键路径诊断、故障定位、网络质量劣化及亚健康光模块/链路分析；但未核验完整覆盖 Flowlet、成员路径、重平衡，且依版本、Foundation Package、Telemetry/IOAM 与硬件。","不支持/未发现原生支持","DLB/GLB/ALB状态：截至已核对的 FS AmpCon-DC 官方可观测性资料与 v2.2.0 发布说明，未发现产品原生完整覆盖 Flowlet、成员路径、重平衡；未把 PicOS 单机 CLI、第三方系统或本地 UI 原型计入。AmpCon-DC（FS / Pica8）面向 PicOS 数据中心交换机；能力范围需按目标版本、License 与兼容硬件确认。"
"可视化与监控","对数据中心网络的拓扑、设备、链路、协议、业务及AIDC指标进行统一可视化和持续监控。","AIDC监控","监控RoCE无损网络、队列、Buffer、负载均衡和GPU端点。","RDMA端点监控","对RDMA端点监控相关状态、指标和关系进行集中展示与持续跟踪。","GPU/SmartNIC端点","GPU/SmartNIC端点用于持续展示和跟踪NIC、速率、MTU、RoCE状态。","NIC、速率、MTU、RoCE状态","明确GPU/SmartNIC端点覆盖的具体对象、状态或指标，包括NIC、速率、MTU、RoCE状态。","PFC/ECN/CNP、队列与 Buffer、RoCE/DCQCN、NIC/GPU Telemetry；具体范围：NIC、速率、MTU、RoCE状态","RoCE 网络值守、无损指标巡检、GPU 集群网络质量观察；关注：NIC、速率、MTU、RoCE状态","P0（核心）","部分支持","GPU/SmartNIC端点：可借助 NOS 计数器、Streaming Telemetry、定制 IBA Probe、Configlet 或外部 Flow/GPU 系统覆盖部分指标，不等同 Apstra 原生完整分析器。","部分支持","GPU/SmartNIC端点：数据可来自 EOS/特定 ASIC、LANZ、队列或 PFC/ECN 计数器；CloudVision 展示和分析范围依硬件、EOS 版本与订阅，故仅部分支持。","部分支持/依组件、版本或硬件","GPU/SmartNIC端点：需结合 iMaster NCE-FabricInsight 分析器评估。官方资料确认其采集应用流、网络与 Telemetry 数据，支持关键应用质量检测、一键路径诊断、故障定位、网络质量劣化及亚健康光模块/链路分析；但未核验完整覆盖 NIC、速率、MTU、RoCE状态，且依版本、Foundation Package、Telemetry/IOAM 与硬件。","部分支持/依设备或版本","GPU/SmartNIC端点：v2.2.0 已公开端到端 RoCE 部署、预检/批量下发/部署后校验、交换机与 NIC 流量监控及 Broadcom/NVIDIA NIC 管理；未证明完整覆盖 NIC、速率、MTU、RoCE状态。AmpCon-DC（FS / Pica8）面向 PicOS 数据中心交换机；能力范围需按目标版本、License 与兼容硬件确认。"
"可视化与监控","对数据中心网络的拓扑、设备、链路、协议、业务及AIDC指标进行统一可视化和持续监控。","AIDC监控","监控RoCE无损网络、队列、Buffer、负载均衡和GPU端点。","训练业务监控","对训练业务监控相关状态、指标和关系进行集中展示与持续跟踪。","GPU作业关联","GPU作业关联用于持续展示和跟踪Job、Pod、路径、吞吐、拥塞。","Job、Pod、路径、吞吐、拥塞","明确GPU作业关联覆盖的具体对象、状态或指标，包括Job、Pod、路径、吞吐、拥塞。","PFC/ECN/CNP、队列与 Buffer、RoCE/DCQCN、NIC/GPU Telemetry；具体范围：Job、Pod、路径、吞吐、拥塞","RoCE 网络值守、无损指标巡检、GPU 集群网络质量观察；关注：Job、Pod、路径、吞吐、拥塞","P2（演进）","不支持/未发现原生支持","GPU作业关联：截至 Apstra 6.1 官方资料，未发现基础产品提供该项完整原生分析器或产品化闭环；未将 Juniper DCA/Mist、外部系统或 NOS 单点能力计入。","不支持/未发现原生支持","GPU作业关联：截至当前 CloudVision 官方资料，未发现基础 CloudVision 原生提供该项完整能力；未把 AVA、CV UNO、CV-CUE、DMF 或 EOS CLI/ASIC 单点能力直接计入。","未发现公开证据","GPU作业关联：已同时核对 iMaster NCE-Fabric 与 iMaster NCE-FabricInsight，当前公开资料未证明组合方案提供覆盖 Job、Pod、路径、吞吐、拥塞 的完整产品化能力；该结论表示未发现证据，并非断言绝对不支持。","不支持/未发现原生支持","GPU作业关联：截至已核对的 FS AmpCon-DC 官方可观测性资料与 v2.2.0 发布说明，未发现产品原生完整覆盖 Job、Pod、路径、吞吐、拥塞；未把 PicOS 单机 CLI、第三方系统或本地 UI 原型计入。AmpCon-DC（FS / Pica8）面向 PicOS 数据中心交换机；能力范围需按目标版本、License 与兼容硬件确认。"
"可视化与监控","对数据中心网络的拓扑、设备、链路、协议、业务及AIDC指标进行统一可视化和持续监控。","告警与事件","统一管理告警生命周期、事件关联、通知和工单联动。","告警管理","对告警管理相关状态、指标和关系进行集中展示与持续跟踪。","严重度管理","严重度管理用于持续展示和跟踪Critical、Major、Minor、Warning、Info。","Critical、Major、Minor、Warning、Info","明确严重度管理覆盖的具体对象、状态或指标，包括Critical、Major、Minor、Warning、Info。","事件标准化、去重聚合、生命周期、通知与工单集成；具体范围：Critical、Major、Minor、Warning、Info","告警收敛、值班处置、通知升级与 ITSM 工单联动；关注：Critical、Major、Minor、Warning、Info","P0（核心）","支持","严重度管理：Apstra 6.1 通过 Blueprint、Managed Devices、意图/实际状态和 Streaming Telemetry 原生覆盖；范围为 Critical、Major、Minor、Warning、Info。","支持","严重度管理：CloudVision Inventory、Topology、NetDB/Telemetry、Events 或 Compliance 原生覆盖，主要面向受管 EOS 设备；范围为 Critical、Major、Minor、Warning、Info。","支持","严重度管理：属于 iMaster NCE-Fabric 的基础管控、拓扑、设备/协议状态或配置生命周期能力；覆盖 Critical、Major、Minor、Warning、Info，仍需按目标版本、License 与 CloudEngine 型号核对。","支持","严重度管理：官方资料明确提供多级故障告警，并可在拓扑中实时标示设备或链路异常；覆盖 Critical、Major、Minor、Warning、Info。AmpCon-DC（FS / Pica8）面向 PicOS 数据中心交换机；能力范围需按目标版本、License 与兼容硬件确认。"
"可视化与监控","对数据中心网络的拓扑、设备、链路、协议、业务及AIDC指标进行统一可视化和持续监控。","告警与事件","统一管理告警生命周期、事件关联、通知和工单联动。","告警管理","对告警管理相关状态、指标和关系进行集中展示与持续跟踪。","告警生命周期","告警生命周期用于持续展示和跟踪Active、Acknowledged、Cleared、Suppressed。","Active、Acknowledged、Cleared、Suppressed","明确告警生命周期覆盖的具体对象、状态或指标，包括Active、Acknowledged、Cleared、Suppressed。","事件标准化、去重聚合、生命周期、通知与工单集成；具体范围：Active、Acknowledged、Cleared、Suppressed","告警收敛、值班处置、通知升级与 ITSM 工单联动；关注：Active、Acknowledged、Cleared、Suppressed","P0（核心）","部分支持","告警生命周期：Apstra 可覆盖部分对象或状态；完整字段、工作流或展示需定制 IBA、API、NOS Telemetry 或外部集成。","支持","告警生命周期：CloudVision Inventory、Topology、NetDB/Telemetry、Events 或 Compliance 原生覆盖，主要面向受管 EOS 设备；范围为 Active、Acknowledged、Cleared、Suppressed。","支持","告警生命周期：属于 iMaster NCE-Fabric 的基础管控、拓扑、设备/协议状态或配置生命周期能力；覆盖 Active、Acknowledged、Cleared、Suppressed，仍需按目标版本、License 与 CloudEngine 型号核对。","部分支持/依设备或版本","告警生命周期：实时 Telemetry 异常检测、分级告警、拓扑告警、邮件规则/抑制期及历史数据可提供部分证据；未核验完整分析或闭环覆盖 Active、Acknowledged、Cleared、Suppressed。AmpCon-DC（FS / Pica8）面向 PicOS 数据中心交换机；能力范围需按目标版本、License 与兼容硬件确认。"
"可视化与监控","对数据中心网络的拓扑、设备、链路、协议、业务及AIDC指标进行统一可视化和持续监控。","告警与事件","统一管理告警生命周期、事件关联、通知和工单联动。","告警管理","对告警管理相关状态、指标和关系进行集中展示与持续跟踪。","告警聚合","告警聚合用于持续展示和跟踪同设备、同链路、同根因、同时间窗口。","同设备、同链路、同根因、同时间窗口","明确告警聚合覆盖的具体对象、状态或指标，包括同设备、同链路、同根因、同时间窗口。","事件标准化、去重聚合、生命周期、通知与工单集成；具体范围：同设备、同链路、同根因、同时间窗口","告警收敛、值班处置、通知升级与 ITSM 工单联动；关注：同设备、同链路、同根因、同时间窗口","P0（核心）","部分支持","告警聚合：Apstra 可覆盖部分对象或状态；完整字段、工作流或展示需定制 IBA、API、NOS Telemetry 或外部集成。","部分支持","告警聚合：CloudVision 可提供部分遥测、事件或配置证据；覆盖 同设备、同链路、同根因、同时间窗口 的完整产品化分析器、字段或闭环未核验。","部分支持/依组件、版本或硬件","告警聚合：需结合 iMaster NCE-FabricInsight 分析器评估。官方资料确认其采集应用流、网络与 Telemetry 数据，支持关键应用质量检测、一键路径诊断、故障定位、网络质量劣化及亚健康光模块/链路分析；但未核验完整覆盖 同设备、同链路、同根因、同时间窗口，且依版本、Foundation Package、Telemetry/IOAM 与硬件。","部分支持/依设备或版本","告警聚合：实时 Telemetry 异常检测、分级告警、拓扑告警、邮件规则/抑制期及历史数据可提供部分证据；未核验完整分析或闭环覆盖 同设备、同链路、同根因、同时间窗口。AmpCon-DC（FS / Pica8）面向 PicOS 数据中心交换机；能力范围需按目标版本、License 与兼容硬件确认。"
"可视化与监控","对数据中心网络的拓扑、设备、链路、协议、业务及AIDC指标进行统一可视化和持续监控。","告警与事件","统一管理告警生命周期、事件关联、通知和工单联动。","告警管理","对告警管理相关状态、指标和关系进行集中展示与持续跟踪。","告警抑制","告警抑制用于持续展示和跟踪维护窗、依赖抑制、重复抑制。","维护窗、依赖抑制、重复抑制","明确告警抑制覆盖的具体对象、状态或指标，包括维护窗、依赖抑制、重复抑制。","事件标准化、去重聚合、生命周期、通知与工单集成；具体范围：维护窗、依赖抑制、重复抑制","告警收敛、值班处置、通知升级与 ITSM 工单联动；关注：维护窗、依赖抑制、重复抑制","P0（核心）","部分支持","告警抑制：Apstra 可覆盖部分对象或状态；完整字段、工作流或展示需定制 IBA、API、NOS Telemetry 或外部集成。","部分支持","告警抑制：CloudVision 可提供部分遥测、事件或配置证据；覆盖 维护窗、依赖抑制、重复抑制 的完整产品化分析器、字段或闭环未核验。","部分支持/依组件、版本或硬件","告警抑制：需结合 iMaster NCE-FabricInsight 分析器评估。官方资料确认其采集应用流、网络与 Telemetry 数据，支持关键应用质量检测、一键路径诊断、故障定位、网络质量劣化及亚健康光模块/链路分析；但未核验完整覆盖 维护窗、依赖抑制、重复抑制，且依版本、Foundation Package、Telemetry/IOAM 与硬件。","部分支持/依设备或版本","告警抑制：实时 Telemetry 异常检测、分级告警、拓扑告警、邮件规则/抑制期及历史数据可提供部分证据；未核验完整分析或闭环覆盖 维护窗、依赖抑制、重复抑制。AmpCon-DC（FS / Pica8）面向 PicOS 数据中心交换机；能力范围需按目标版本、License 与兼容硬件确认。"
"可视化与监控","对数据中心网络的拓扑、设备、链路、协议、业务及AIDC指标进行统一可视化和持续监控。","告警与事件","统一管理告警生命周期、事件关联、通知和工单联动。","告警展示","对告警展示相关状态、指标和关系进行集中展示与持续跟踪。","拓扑告警叠加","拓扑告警叠加用于持续展示和跟踪设备、链路、路径、租户着色。","设备、链路、路径、租户着色","明确拓扑告警叠加覆盖的具体对象、状态或指标，包括设备、链路、路径、租户着色。","事件标准化、去重聚合、生命周期、通知与工单集成；具体范围：设备、链路、路径、租户着色","告警收敛、值班处置、通知升级与 ITSM 工单联动；关注：设备、链路、路径、租户着色","P0（核心）","支持","拓扑告警叠加：Apstra 6.1 通过 Blueprint、Managed Devices、意图/实际状态和 Streaming Telemetry 原生覆盖；范围为 设备、链路、路径、租户着色。","支持","拓扑告警叠加：CloudVision Inventory、Topology、NetDB/Telemetry、Events 或 Compliance 原生覆盖，主要面向受管 EOS 设备；范围为 设备、链路、路径、租户着色。","支持","拓扑告警叠加：属于 iMaster NCE-Fabric 的基础管控、拓扑、设备/协议状态或配置生命周期能力；覆盖 设备、链路、路径、租户着色，仍需按目标版本、License 与 CloudEngine 型号核对。","支持","拓扑告警叠加：官方资料明确提供多级故障告警，并可在拓扑中实时标示设备或链路异常；覆盖 设备、链路、路径、租户着色。AmpCon-DC（FS / Pica8）面向 PicOS 数据中心交换机；能力范围需按目标版本、License 与兼容硬件确认。"
"可视化与监控","对数据中心网络的拓扑、设备、链路、协议、业务及AIDC指标进行统一可视化和持续监控。","告警与事件","统一管理告警生命周期、事件关联、通知和工单联动。","告警展示","对告警展示相关状态、指标和关系进行集中展示与持续跟踪。","事件时间线","事件时间线用于持续展示和跟踪配置变更、协议、链路、业务事件。","配置变更、协议、链路、业务事件","明确事件时间线覆盖的具体对象、状态或指标，包括配置变更、协议、链路、业务事件。","事件标准化、去重聚合、生命周期、通知与工单集成；具体范围：配置变更、协议、链路、业务事件","告警收敛、值班处置、通知升级与 ITSM 工单联动；关注：配置变更、协议、链路、业务事件","P0（核心）","支持","事件时间线：Apstra 6.1 通过 Blueprint、Managed Devices、意图/实际状态和 Streaming Telemetry 原生覆盖；范围为 配置变更、协议、链路、业务事件。","支持","事件时间线：CloudVision Inventory、Topology、NetDB/Telemetry、Events 或 Compliance 原生覆盖，主要面向受管 EOS 设备；范围为 配置变更、协议、链路、业务事件。","支持","事件时间线：属于 iMaster NCE-Fabric 的基础管控、拓扑、设备/协议状态或配置生命周期能力；覆盖 配置变更、协议、链路、业务事件，仍需按目标版本、License 与 CloudEngine 型号核对。","部分支持/依设备或版本","事件时间线：实时 Telemetry 异常检测、分级告警、拓扑告警、邮件规则/抑制期及历史数据可提供部分证据；未核验完整分析或闭环覆盖 配置变更、协议、链路、业务事件。AmpCon-DC（FS / Pica8）面向 PicOS 数据中心交换机；能力范围需按目标版本、License 与兼容硬件确认。"
"可视化与监控","对数据中心网络的拓扑、设备、链路、协议、业务及AIDC指标进行统一可视化和持续监控。","告警与事件","统一管理告警生命周期、事件关联、通知和工单联动。","通知与工单","对通知与工单相关状态、指标和关系进行集中展示与持续跟踪。","通知渠道","通知渠道用于持续展示和跟踪邮件、短信、Webhook、SNMP、ChatOps。","邮件、短信、Webhook、SNMP、ChatOps","明确通知渠道覆盖的具体对象、状态或指标，包括邮件、短信、Webhook、SNMP、ChatOps。","事件标准化、去重聚合、生命周期、通知与工单集成；具体范围：邮件、短信、Webhook、SNMP、ChatOps","告警收敛、值班处置、通知升级与 ITSM 工单联动；关注：邮件、短信、Webhook、SNMP、ChatOps","P0（核心）","部分支持","通知渠道：Apstra 可覆盖部分对象或状态；完整字段、工作流或展示需定制 IBA、API、NOS Telemetry 或外部集成。","部分支持","通知渠道：CloudVision 可提供部分遥测、事件或配置证据；覆盖 邮件、短信、Webhook、SNMP、ChatOps 的完整产品化分析器、字段或闭环未核验。","部分支持/依组件、版本或硬件","通知渠道：需结合 iMaster NCE-FabricInsight 分析器评估。官方资料确认其采集应用流、网络与 Telemetry 数据，支持关键应用质量检测、一键路径诊断、故障定位、网络质量劣化及亚健康光模块/链路分析；但未核验完整覆盖 邮件、短信、Webhook、SNMP、ChatOps，且依版本、Foundation Package、Telemetry/IOAM 与硬件。","部分支持/依设备或版本","通知渠道：实时 Telemetry 异常检测、分级告警、拓扑告警、邮件规则/抑制期及历史数据可提供部分证据；未核验完整分析或闭环覆盖 邮件、短信、Webhook、SNMP、ChatOps。AmpCon-DC（FS / Pica8）面向 PicOS 数据中心交换机；能力范围需按目标版本、License 与兼容硬件确认。"
"可视化与监控","对数据中心网络的拓扑、设备、链路、协议、业务及AIDC指标进行统一可视化和持续监控。","告警与事件","统一管理告警生命周期、事件关联、通知和工单联动。","通知与工单","对通知与工单相关状态、指标和关系进行集中展示与持续跟踪。","ITSM联动","ITSM联动用于持续展示和跟踪创建、更新、关闭、回写。","创建、更新、关闭、回写","明确ITSM联动覆盖的具体对象、状态或指标，包括创建、更新、关闭、回写。","事件标准化、去重聚合、生命周期、通知与工单集成；具体范围：创建、更新、关闭、回写","告警收敛、值班处置、通知升级与 ITSM 工单联动；关注：创建、更新、关闭、回写","P0（核心）","部分支持","ITSM联动：Apstra 可覆盖部分对象或状态；完整字段、工作流或展示需定制 IBA、API、NOS Telemetry 或外部集成。","部分支持","ITSM联动：CloudVision 可提供部分遥测、事件或配置证据；覆盖 创建、更新、关闭、回写 的完整产品化分析器、字段或闭环未核验。","部分支持/依组件、版本或硬件","ITSM联动：iMaster NCE-Fabric 可提供部分管理或状态数据，但覆盖 创建、更新、关闭、回写 的完整字段、工作流或分析器未核验；需按目标版本、License、CloudEngine 型号及是否部署 FabricInsight 确认。","不支持/未发现原生支持","ITSM联动：截至已核对的 FS AmpCon-DC 官方可观测性资料与 v2.2.0 发布说明，未发现产品原生完整覆盖 创建、更新、关闭、回写；未把 PicOS 单机 CLI、第三方系统或本地 UI 原型计入。AmpCon-DC（FS / Pica8）面向 PicOS 数据中心交换机；能力范围需按目标版本、License 与兼容硬件确认。"
"可视化与监控","对数据中心网络的拓扑、设备、链路、协议、业务及AIDC指标进行统一可视化和持续监控。","配置与软件监控","监控期望与运行配置差异、软件版本及升级状态。","配置状态","对配置状态相关状态、指标和关系进行集中展示与持续跟踪。","Designed/Running状态","Designed/Running状态用于持续展示和跟踪一致、偏移、未知、待执行。","一致、偏移、未知、待执行","明确Designed/Running状态覆盖的具体对象、状态或指标，包括一致、偏移、未知、待执行。","期望/运行配置、合规差异、版本基线与升级状态；具体范围：一致、偏移、未知、待执行","配置漂移检查、版本基线治理、升级过程监控；关注：一致、偏移、未知、待执行","P0（核心）","支持","Designed/Running状态：Apstra 6.1 通过 Blueprint、Managed Devices、意图/实际状态和 Streaming Telemetry 原生覆盖；范围为 一致、偏移、未知、待执行。","支持","Designed/Running状态：CloudVision Inventory、Topology、NetDB/Telemetry、Events 或 Compliance 原生覆盖，主要面向受管 EOS 设备；范围为 一致、偏移、未知、待执行。","支持","Designed/Running状态：属于 iMaster NCE-Fabric 的基础管控、拓扑、设备/协议状态或配置生命周期能力；覆盖 一致、偏移、未知、待执行，仍需按目标版本、License 与 CloudEngine 型号核对。","部分支持/依设备或版本","Designed/Running状态：Day 0–Day 2+ 生命周期、Underlay 模板化自动化、批量部署和部署前后校验可覆盖部分流程；未核验完整覆盖 一致、偏移、未知、待执行。AmpCon-DC（FS / Pica8）面向 PicOS 数据中心交换机；能力范围需按目标版本、License 与兼容硬件确认。"
"可视化与监控","对数据中心网络的拓扑、设备、链路、协议、业务及AIDC指标进行统一可视化和持续监控。","配置与软件监控","监控期望与运行配置差异、软件版本及升级状态。","配置状态","对配置状态相关状态、指标和关系进行集中展示与持续跟踪。","配置差异","配置差异用于持续展示和跟踪新增、修改、删除、来源。","新增、修改、删除、来源","明确配置差异覆盖的具体对象、状态或指标，包括新增、修改、删除、来源。","期望/运行配置、合规差异、版本基线与升级状态；具体范围：新增、修改、删除、来源","配置漂移检查、版本基线治理、升级过程监控；关注：新增、修改、删除、来源","P0（核心）","支持","配置差异：Apstra 6.1 通过 Blueprint、Managed Devices、意图/实际状态和 Streaming Telemetry 原生覆盖；范围为 新增、修改、删除、来源。","支持","配置差异：CloudVision Inventory、Topology、NetDB/Telemetry、Events 或 Compliance 原生覆盖，主要面向受管 EOS 设备；范围为 新增、修改、删除、来源。","支持","配置差异：属于 iMaster NCE-Fabric 的基础管控、拓扑、设备/协议状态或配置生命周期能力；覆盖 新增、修改、删除、来源，仍需按目标版本、License 与 CloudEngine 型号核对。","部分支持/依设备或版本","配置差异：Day 0–Day 2+ 生命周期、Underlay 模板化自动化、批量部署和部署前后校验可覆盖部分流程；未核验完整覆盖 新增、修改、删除、来源。AmpCon-DC（FS / Pica8）面向 PicOS 数据中心交换机；能力范围需按目标版本、License 与兼容硬件确认。"
"可视化与监控","对数据中心网络的拓扑、设备、链路、协议、业务及AIDC指标进行统一可视化和持续监控。","配置与软件监控","监控期望与运行配置差异、软件版本及升级状态。","软件状态","对软件状态相关状态、指标和关系进行集中展示与持续跟踪。","NOS版本分布","NOS版本分布用于持续展示和跟踪当前版本、目标版本、非合规版本。","当前版本、目标版本、非合规版本","明确NOS版本分布覆盖的具体对象、状态或指标，包括当前版本、目标版本、非合规版本。","期望/运行配置、合规差异、版本基线与升级状态；具体范围：当前版本、目标版本、非合规版本","配置漂移检查、版本基线治理、升级过程监控；关注：当前版本、目标版本、非合规版本","P0（核心）","支持","NOS版本分布：Apstra 6.1 通过 Blueprint、Managed Devices、意图/实际状态和 Streaming Telemetry 原生覆盖；范围为 当前版本、目标版本、非合规版本。","支持","NOS版本分布：CloudVision Inventory、Topology、NetDB/Telemetry、Events 或 Compliance 原生覆盖，主要面向受管 EOS 设备；范围为 当前版本、目标版本、非合规版本。","支持","NOS版本分布：属于 iMaster NCE-Fabric 的基础管控、拓扑、设备/协议状态或配置生命周期能力；覆盖 当前版本、目标版本、非合规版本，仍需按目标版本、License 与 CloudEngine 型号核对。","部分支持/依设备或版本","NOS版本分布：Day 0–Day 2+ 生命周期、Underlay 模板化自动化、批量部署和部署前后校验可覆盖部分流程；未核验完整覆盖 当前版本、目标版本、非合规版本。AmpCon-DC（FS / Pica8）面向 PicOS 数据中心交换机；能力范围需按目标版本、License 与兼容硬件确认。"
"可视化与监控","对数据中心网络的拓扑、设备、链路、协议、业务及AIDC指标进行统一可视化和持续监控。","配置与软件监控","监控期望与运行配置差异、软件版本及升级状态。","软件状态","对软件状态相关状态、指标和关系进行集中展示与持续跟踪。","镜像升级状态","镜像升级状态用于持续展示和跟踪待升级、执行中、成功、失败。","待升级、执行中、成功、失败","明确镜像升级状态覆盖的具体对象、状态或指标，包括待升级、执行中、成功、失败。","期望/运行配置、合规差异、版本基线与升级状态；具体范围：待升级、执行中、成功、失败","配置漂移检查、版本基线治理、升级过程监控；关注：待升级、执行中、成功、失败","P0（核心）","支持","镜像升级状态：Apstra 6.1 通过 Blueprint、Managed Devices、意图/实际状态和 Streaming Telemetry 原生覆盖；范围为 待升级、执行中、成功、失败。","支持","镜像升级状态：CloudVision Inventory、Topology、NetDB/Telemetry、Events 或 Compliance 原生覆盖，主要面向受管 EOS 设备；范围为 待升级、执行中、成功、失败。","支持","镜像升级状态：属于 iMaster NCE-Fabric 的基础管控、拓扑、设备/协议状态或配置生命周期能力；覆盖 待升级、执行中、成功、失败，仍需按目标版本、License 与 CloudEngine 型号核对。","部分支持/依设备或版本","镜像升级状态：Day 0–Day 2+ 生命周期、Underlay 模板化自动化、批量部署和部署前后校验可覆盖部分流程；未核验完整覆盖 待升级、执行中、成功、失败。AmpCon-DC（FS / Pica8）面向 PicOS 数据中心交换机；能力范围需按目标版本、License 与兼容硬件确认。"
"可视化与监控","对数据中心网络的拓扑、设备、链路、协议、业务及AIDC指标进行统一可视化和持续监控。","遥测管理","管理遥测订阅、采集协议、数据质量和数据保留策略。","数据采集","对数据采集相关状态、指标和关系进行集中展示与持续跟踪。","采集协议","采集协议用于持续展示和跟踪gNMI、Streaming Telemetry、SNMP、Syslog。","gNMI、Streaming Telemetry、SNMP、Syslog","明确采集协议覆盖的具体对象、状态或指标，包括gNMI、Streaming Telemetry、SNMP、Syslog。","gNMI/Telemetry 订阅、采集管道、质量监测、保留与降采样；具体范围：gNMI、Streaming Telemetry、SNMP、Syslog","采集覆盖核查、数据断流排查、容量与保留策略治理；关注：gNMI、Streaming Telemetry、SNMP、Syslog","P1（重要）","部分支持","采集协议：Apstra 可覆盖部分对象或状态；完整字段、工作流或展示需定制 IBA、API、NOS Telemetry 或外部集成。","部分支持","采集协议：CloudVision 可提供部分遥测、事件或配置证据；覆盖 gNMI、Streaming Telemetry、SNMP、Syslog 的完整产品化分析器、字段或闭环未核验。","部分支持/依组件、版本或硬件","采集协议：iMaster NCE-Fabric 可提供部分管理或状态数据，但覆盖 gNMI、Streaming Telemetry、SNMP、Syslog 的完整字段、工作流或分析器未核验；需按目标版本、License、CloudEngine 型号及是否部署 FabricInsight 确认。","部分支持/依设备或版本","采集协议：内置 Telemetry 已公开覆盖端口、带宽、设备资源、BGP/OSPF 邻居、MAC/ARP/路由表及历史查询；具体字段未核验完整覆盖 gNMI、Streaming Telemetry、SNMP、Syslog。AmpCon-DC（FS / Pica8）面向 PicOS 数据中心交换机；能力范围需按目标版本、License 与兼容硬件确认。"
"可视化与监控","对数据中心网络的拓扑、设备、链路、协议、业务及AIDC指标进行统一可视化和持续监控。","遥测管理","管理遥测订阅、采集协议、数据质量和数据保留策略。","数据采集","对数据采集相关状态、指标和关系进行集中展示与持续跟踪。","订阅状态","订阅状态用于持续展示和跟踪Active、Disconnected、Delayed、Failed。","Active、Disconnected、Delayed、Failed","明确订阅状态覆盖的具体对象、状态或指标，包括Active、Disconnected、Delayed、Failed。","gNMI/Telemetry 订阅、采集管道、质量监测、保留与降采样；具体范围：Active、Disconnected、Delayed、Failed","采集覆盖核查、数据断流排查、容量与保留策略治理；关注：Active、Disconnected、Delayed、Failed","P1（重要）","支持","订阅状态：Apstra 6.1 通过 Blueprint、Managed Devices、意图/实际状态和 Streaming Telemetry 原生覆盖；范围为 Active、Disconnected、Delayed、Failed。","支持","订阅状态：CloudVision Inventory、Topology、NetDB/Telemetry、Events 或 Compliance 原生覆盖，主要面向受管 EOS 设备；范围为 Active、Disconnected、Delayed、Failed。","支持","订阅状态：属于 iMaster NCE-Fabric 的基础管控、拓扑、设备/协议状态或配置生命周期能力；覆盖 Active、Disconnected、Delayed、Failed，仍需按目标版本、License 与 CloudEngine 型号核对。","不支持/未发现原生支持","订阅状态：截至已核对的 FS AmpCon-DC 官方可观测性资料与 v2.2.0 发布说明，未发现产品原生完整覆盖 Active、Disconnected、Delayed、Failed；未把 PicOS 单机 CLI、第三方系统或本地 UI 原型计入。AmpCon-DC（FS / Pica8）面向 PicOS 数据中心交换机；能力范围需按目标版本、License 与兼容硬件确认。"
"可视化与监控","对数据中心网络的拓扑、设备、链路、协议、业务及AIDC指标进行统一可视化和持续监控。","遥测管理","管理遥测订阅、采集协议、数据质量和数据保留策略。","数据质量","对数据质量相关状态、指标和关系进行集中展示与持续跟踪。","数据完整性","数据完整性用于持续展示和跟踪丢点、重复、乱序、延迟、过期。","丢点、重复、乱序、延迟、过期","明确数据完整性覆盖的具体对象、状态或指标，包括丢点、重复、乱序、延迟、过期。","gNMI/Telemetry 订阅、采集管道、质量监测、保留与降采样；具体范围：丢点、重复、乱序、延迟、过期","采集覆盖核查、数据断流排查、容量与保留策略治理；关注：丢点、重复、乱序、延迟、过期","P1（重要）","部分支持","数据完整性：Apstra 可覆盖部分对象或状态；完整字段、工作流或展示需定制 IBA、API、NOS Telemetry 或外部集成。","部分支持","数据完整性：CloudVision 可提供部分遥测、事件或配置证据；覆盖 丢点、重复、乱序、延迟、过期 的完整产品化分析器、字段或闭环未核验。","部分支持/依组件、版本或硬件","数据完整性：需结合 iMaster NCE-FabricInsight 分析器评估。官方资料确认其采集应用流、网络与 Telemetry 数据，支持关键应用质量检测、一键路径诊断、故障定位、网络质量劣化及亚健康光模块/链路分析；但未核验完整覆盖 丢点、重复、乱序、延迟、过期，且依版本、Foundation Package、Telemetry/IOAM 与硬件。","不支持/未发现原生支持","数据完整性：截至已核对的 FS AmpCon-DC 官方可观测性资料与 v2.2.0 发布说明，未发现产品原生完整覆盖 丢点、重复、乱序、延迟、过期；未把 PicOS 单机 CLI、第三方系统或本地 UI 原型计入。AmpCon-DC（FS / Pica8）面向 PicOS 数据中心交换机；能力范围需按目标版本、License 与兼容硬件确认。"
"可视化与监控","对数据中心网络的拓扑、设备、链路、协议、业务及AIDC指标进行统一可视化和持续监控。","遥测管理","管理遥测订阅、采集协议、数据质量和数据保留策略。","数据质量","对数据质量相关状态、指标和关系进行集中展示与持续跟踪。","采样与保留","采样与保留用于持续展示和跟踪采样周期、聚合粒度、保留周期。","采样周期、聚合粒度、保留周期","明确采样与保留覆盖的具体对象、状态或指标，包括采样周期、聚合粒度、保留周期。","gNMI/Telemetry 订阅、采集管道、质量监测、保留与降采样；具体范围：采样周期、聚合粒度、保留周期","采集覆盖核查、数据断流排查、容量与保留策略治理；关注：采样周期、聚合粒度、保留周期","P1（重要）","支持","采样与保留：Apstra 6.1 通过 Blueprint、Managed Devices、意图/实际状态和 Streaming Telemetry 原生覆盖；范围为 采样周期、聚合粒度、保留周期。","支持","采样与保留：CloudVision Inventory、Topology、NetDB/Telemetry、Events 或 Compliance 原生覆盖，主要面向受管 EOS 设备；范围为 采样周期、聚合粒度、保留周期。","部分支持/依组件、版本或硬件","采样与保留：需结合 iMaster NCE-FabricInsight 分析器评估。官方资料确认其采集应用流、网络与 Telemetry 数据，支持关键应用质量检测、一键路径诊断、故障定位、网络质量劣化及亚健康光模块/链路分析；但未核验完整覆盖 采样周期、聚合粒度、保留周期，且依版本、Foundation Package、Telemetry/IOAM 与硬件。","部分支持/依设备或版本","采样与保留：内置 Telemetry 已公开覆盖端口、带宽、设备资源、BGP/OSPF 邻居、MAC/ARP/路由表及历史查询；具体字段未核验完整覆盖 采样周期、聚合粒度、保留周期。AmpCon-DC（FS / Pica8）面向 PicOS 数据中心交换机；能力范围需按目标版本、License 与兼容硬件确认。"
"可视化与监控","对数据中心网络的拓扑、设备、链路、协议、业务及AIDC指标进行统一可视化和持续监控。","报表管理","输出网络健康、SLA、资产、软件及容量类报表。","运行报表","对运行报表相关状态、指标和关系进行集中展示与持续跟踪。","健康报表","健康报表用于持续展示和跟踪站点、Fabric、设备、链路健康。","站点、Fabric、设备、链路健康","明确健康报表覆盖的具体对象、状态或指标，包括站点、Fabric、设备、链路健康。","指标聚合、SLA/健康/资产/容量报表、调度与导出；具体范围：站点、Fabric、设备、链路健康","周月报、SLA 汇报、资产审计、容量与管理层报告；关注：站点、Fabric、设备、链路健康","P1（重要）","部分支持","健康报表：Apstra 可覆盖部分对象或状态；完整字段、工作流或展示需定制 IBA、API、NOS Telemetry 或外部集成。","部分支持","健康报表：CloudVision 可提供部分遥测、事件或配置证据；覆盖 站点、Fabric、设备、链路健康 的完整产品化分析器、字段或闭环未核验。","部分支持/依组件、版本或硬件","健康报表：需结合 iMaster NCE-FabricInsight 分析器评估。官方资料确认其采集应用流、网络与 Telemetry 数据，支持关键应用质量检测、一键路径诊断、故障定位、网络质量劣化及亚健康光模块/链路分析；但未核验完整覆盖 站点、Fabric、设备、链路健康，且依版本、Foundation Package、Telemetry/IOAM 与硬件。","不支持/未发现原生支持","健康报表：截至已核对的 FS AmpCon-DC 官方可观测性资料与 v2.2.0 发布说明，未发现产品原生完整覆盖 站点、Fabric、设备、链路健康；未把 PicOS 单机 CLI、第三方系统或本地 UI 原型计入。AmpCon-DC（FS / Pica8）面向 PicOS 数据中心交换机；能力范围需按目标版本、License 与兼容硬件确认。"
"可视化与监控","对数据中心网络的拓扑、设备、链路、协议、业务及AIDC指标进行统一可视化和持续监控。","报表管理","输出网络健康、SLA、资产、软件及容量类报表。","运行报表","对运行报表相关状态、指标和关系进行集中展示与持续跟踪。","SLA报表","SLA报表用于持续展示和跟踪可用率、时延、丢包、告警恢复时间。","可用率、时延、丢包、告警恢复时间","明确SLA报表覆盖的具体对象、状态或指标，包括可用率、时延、丢包、告警恢复时间。","指标聚合、SLA/健康/资产/容量报表、调度与导出；具体范围：可用率、时延、丢包、告警恢复时间","周月报、SLA 汇报、资产审计、容量与管理层报告；关注：可用率、时延、丢包、告警恢复时间","P1（重要）","不支持/未发现原生支持","SLA报表：截至 Apstra 6.1 官方资料，未发现基础产品提供该项完整原生分析器或产品化闭环；未将 Juniper DCA/Mist、外部系统或 NOS 单点能力计入。","不支持/未发现原生支持","SLA报表：截至当前 CloudVision 官方资料，未发现基础 CloudVision 原生提供该项完整能力；未把 AVA、CV UNO、CV-CUE、DMF 或 EOS CLI/ASIC 单点能力直接计入。","部分支持/依组件、版本或硬件","SLA报表：需结合 iMaster NCE-FabricInsight 分析器评估。官方资料确认其采集应用流、网络与 Telemetry 数据，支持关键应用质量检测、一键路径诊断、故障定位、网络质量劣化及亚健康光模块/链路分析；但未核验完整覆盖 可用率、时延、丢包、告警恢复时间，且依版本、Foundation Package、Telemetry/IOAM 与硬件。","不支持/未发现原生支持","SLA报表：截至已核对的 FS AmpCon-DC 官方可观测性资料与 v2.2.0 发布说明，未发现产品原生完整覆盖 可用率、时延、丢包、告警恢复时间；未把 PicOS 单机 CLI、第三方系统或本地 UI 原型计入。AmpCon-DC（FS / Pica8）面向 PicOS 数据中心交换机；能力范围需按目标版本、License 与兼容硬件确认。"
"可视化与监控","对数据中心网络的拓扑、设备、链路、协议、业务及AIDC指标进行统一可视化和持续监控。","报表管理","输出网络健康、SLA、资产、软件及容量类报表。","资产与容量报表","对资产与容量报表相关状态、指标和关系进行集中展示与持续跟踪。","设备与软件报表","设备与软件报表用于持续展示和跟踪型号、版本、生命周期、EOL/EOS。","型号、版本、生命周期、EOL/EOS","明确设备与软件报表覆盖的具体对象、状态或指标，包括型号、版本、生命周期、EOL/EOS。","指标聚合、SLA/健康/资产/容量报表、调度与导出；具体范围：型号、版本、生命周期、EOL/EOS","周月报、SLA 汇报、资产审计、容量与管理层报告；关注：型号、版本、生命周期、EOL/EOS","P1（重要）","部分支持","设备与软件报表：Apstra 可覆盖部分对象或状态；完整字段、工作流或展示需定制 IBA、API、NOS Telemetry 或外部集成。","部分支持","设备与软件报表：CloudVision 可提供部分遥测、事件或配置证据；覆盖 型号、版本、生命周期、EOL/EOS 的完整产品化分析器、字段或闭环未核验。","部分支持/依组件、版本或硬件","设备与软件报表：需结合 iMaster NCE-FabricInsight 分析器评估。官方资料确认其采集应用流、网络与 Telemetry 数据，支持关键应用质量检测、一键路径诊断、故障定位、网络质量劣化及亚健康光模块/链路分析；但未核验完整覆盖 型号、版本、生命周期、EOL/EOS，且依版本、Foundation Package、Telemetry/IOAM 与硬件。","不支持/未发现原生支持","设备与软件报表：截至已核对的 FS AmpCon-DC 官方可观测性资料与 v2.2.0 发布说明，未发现产品原生完整覆盖 型号、版本、生命周期、EOL/EOS；未把 PicOS 单机 CLI、第三方系统或本地 UI 原型计入。AmpCon-DC（FS / Pica8）面向 PicOS 数据中心交换机；能力范围需按目标版本、License 与兼容硬件确认。"
"可视化与监控","对数据中心网络的拓扑、设备、链路、协议、业务及AIDC指标进行统一可视化和持续监控。","报表管理","输出网络健康、SLA、资产、软件及容量类报表。","资产与容量报表","对资产与容量报表相关状态、指标和关系进行集中展示与持续跟踪。","资源利用报表","资源利用报表用于持续展示和跟踪端口、带宽、地址、VLAN/VNI、TCAM。","端口、带宽、地址、VLAN/VNI、TCAM","明确资源利用报表覆盖的具体对象、状态或指标，包括端口、带宽、地址、VLAN/VNI、TCAM。","指标聚合、SLA/健康/资产/容量报表、调度与导出；具体范围：端口、带宽、地址、VLAN/VNI、TCAM","周月报、SLA 汇报、资产审计、容量与管理层报告；关注：端口、带宽、地址、VLAN/VNI、TCAM","P1（重要）","部分支持","资源利用报表：Apstra 可覆盖部分对象或状态；完整字段、工作流或展示需定制 IBA、API、NOS Telemetry 或外部集成。","部分支持","资源利用报表：CloudVision 可提供部分遥测、事件或配置证据；覆盖 端口、带宽、地址、VLAN/VNI、TCAM 的完整产品化分析器、字段或闭环未核验。","部分支持/依组件、版本或硬件","资源利用报表：需结合 iMaster NCE-FabricInsight 分析器评估。官方资料确认其采集应用流、网络与 Telemetry 数据，支持关键应用质量检测、一键路径诊断、故障定位、网络质量劣化及亚健康光模块/链路分析；但未核验完整覆盖 端口、带宽、地址、VLAN/VNI、TCAM，且依版本、Foundation Package、Telemetry/IOAM 与硬件。","部分支持/依设备或版本","资源利用报表：内置 Telemetry 已公开覆盖端口、带宽、设备资源、BGP/OSPF 邻居、MAC/ARP/路由表及历史查询；具体字段未核验完整覆盖 端口、带宽、地址、VLAN/VNI、TCAM。AmpCon-DC（FS / Pica8）面向 PicOS 数据中心交换机；能力范围需按目标版本、License 与兼容硬件确认。"
"分析与诊断","基于拓扑、遥测、配置和事件数据进行异常识别、根因定位、影响评估及故障诊断。","健康分析","综合设备、链路、协议、业务和AIDC指标评估网络健康。","健康评分","对健康评分相关数据进行关联分析、问题定位和结果呈现。","全局健康评分","全局健康评分用于围绕站点、Fabric、网络总体评分开展分析和诊断。","站点、Fabric、网络总体评分","明确全局健康评分覆盖的具体对象、状态或指标，包括站点、Fabric、网络总体评分。","多维健康模型、加权评分、阈值与趋势、对象下钻；具体范围：站点、Fabric、网络总体评分","日常健康巡检、风险排序、站点/Fabric/设备下钻；关注：站点、Fabric、网络总体评分","P1（重要）","不支持/未发现原生支持","全局健康评分：截至 Apstra 6.1 官方资料，未发现基础产品提供该项完整原生分析器或产品化闭环；未将 Juniper DCA/Mist、外部系统或 NOS 单点能力计入。","不支持/未发现原生支持","全局健康评分：截至当前 CloudVision 官方资料，未发现基础 CloudVision 原生提供该项完整能力；未把 AVA、CV UNO、CV-CUE、DMF 或 EOS CLI/ASIC 单点能力直接计入。","部分支持/依组件、版本或硬件","全局健康评分：需结合 iMaster NCE-FabricInsight 分析器评估。官方资料确认其采集应用流、网络与 Telemetry 数据，支持关键应用质量检测、一键路径诊断、故障定位、网络质量劣化及亚健康光模块/链路分析；但未核验完整覆盖 站点、Fabric、网络总体评分，且依版本、Foundation Package、Telemetry/IOAM 与硬件。","不支持/未发现原生支持","全局健康评分：截至已核对的 FS AmpCon-DC 官方可观测性资料与 v2.2.0 发布说明，未发现产品原生完整覆盖 站点、Fabric、网络总体评分；未把 PicOS 单机 CLI、第三方系统或本地 UI 原型计入。AmpCon-DC（FS / Pica8）面向 PicOS 数据中心交换机；能力范围需按目标版本、License 与兼容硬件确认。"
"分析与诊断","基于拓扑、遥测、配置和事件数据进行异常识别、根因定位、影响评估及故障诊断。","健康分析","综合设备、链路、协议、业务和AIDC指标评估网络健康。","健康评分","对健康评分相关数据进行关联分析、问题定位和结果呈现。","设备健康评分","设备健康评分用于围绕CPU、内存、温度、电源、风扇开展分析和诊断。","CPU、内存、温度、电源、风扇","明确设备健康评分覆盖的具体对象、状态或指标，包括CPU、内存、温度、电源、风扇。","多维健康模型、加权评分、阈值与趋势、对象下钻；具体范围：CPU、内存、温度、电源、风扇","日常健康巡检、风险排序、站点/Fabric/设备下钻；关注：CPU、内存、温度、电源、风扇","P1（重要）","不支持/未发现原生支持","设备健康评分：截至 Apstra 6.1 官方资料，未发现基础产品提供该项完整原生分析器或产品化闭环；未将 Juniper DCA/Mist、外部系统或 NOS 单点能力计入。","不支持/未发现原生支持","设备健康评分：截至当前 CloudVision 官方资料，未发现基础 CloudVision 原生提供该项完整能力；未把 AVA、CV UNO、CV-CUE、DMF 或 EOS CLI/ASIC 单点能力直接计入。","部分支持/依组件、版本或硬件","设备健康评分：需结合 iMaster NCE-FabricInsight 分析器评估。官方资料确认其采集应用流、网络与 Telemetry 数据，支持关键应用质量检测、一键路径诊断、故障定位、网络质量劣化及亚健康光模块/链路分析；但未核验完整覆盖 CPU、内存、温度、电源、风扇，且依版本、Foundation Package、Telemetry/IOAM 与硬件。","不支持/未发现原生支持","设备健康评分：截至已核对的 FS AmpCon-DC 官方可观测性资料与 v2.2.0 发布说明，未发现产品原生完整覆盖 CPU、内存、温度、电源、风扇；未把 PicOS 单机 CLI、第三方系统或本地 UI 原型计入。AmpCon-DC（FS / Pica8）面向 PicOS 数据中心交换机；能力范围需按目标版本、License 与兼容硬件确认。"
"分析与诊断","基于拓扑、遥测、配置和事件数据进行异常识别、根因定位、影响评估及故障诊断。","健康分析","综合设备、链路、协议、业务和AIDC指标评估网络健康。","健康评分","对健康评分相关数据进行关联分析、问题定位和结果呈现。","链路健康评分","链路健康评分用于围绕状态、错误、丢包、时延、抖动开展分析和诊断。","状态、错误、丢包、时延、抖动","明确链路健康评分覆盖的具体对象、状态或指标，包括状态、错误、丢包、时延、抖动。","多维健康模型、加权评分、阈值与趋势、对象下钻；具体范围：状态、错误、丢包、时延、抖动","日常健康巡检、风险排序、站点/Fabric/设备下钻；关注：状态、错误、丢包、时延、抖动","P1（重要）","不支持/未发现原生支持","链路健康评分：截至 Apstra 6.1 官方资料，未发现基础产品提供该项完整原生分析器或产品化闭环；未将 Juniper DCA/Mist、外部系统或 NOS 单点能力计入。","不支持/未发现原生支持","链路健康评分：截至当前 CloudVision 官方资料，未发现基础 CloudVision 原生提供该项完整能力；未把 AVA、CV UNO、CV-CUE、DMF 或 EOS CLI/ASIC 单点能力直接计入。","部分支持/依组件、版本或硬件","链路健康评分：需结合 iMaster NCE-FabricInsight 分析器评估。官方资料确认其采集应用流、网络与 Telemetry 数据，支持关键应用质量检测、一键路径诊断、故障定位、网络质量劣化及亚健康光模块/链路分析；但未核验完整覆盖 状态、错误、丢包、时延、抖动，且依版本、Foundation Package、Telemetry/IOAM 与硬件。","不支持/未发现原生支持","链路健康评分：截至已核对的 FS AmpCon-DC 官方可观测性资料与 v2.2.0 发布说明，未发现产品原生完整覆盖 状态、错误、丢包、时延、抖动；未把 PicOS 单机 CLI、第三方系统或本地 UI 原型计入。AmpCon-DC（FS / Pica8）面向 PicOS 数据中心交换机；能力范围需按目标版本、License 与兼容硬件确认。"
"分析与诊断","基于拓扑、遥测、配置和事件数据进行异常识别、根因定位、影响评估及故障诊断。","健康分析","综合设备、链路、协议、业务和AIDC指标评估网络健康。","健康评分","对健康评分相关数据进行关联分析、问题定位和结果呈现。","协议健康评分","协议健康评分用于围绕BGP、OSPF、IS-IS、BFD、EVPN开展分析和诊断。","BGP、OSPF、IS-IS、BFD、EVPN","明确协议健康评分覆盖的具体对象、状态或指标，包括BGP、OSPF、IS-IS、BFD、EVPN。","多维健康模型、加权评分、阈值与趋势、对象下钻；具体范围：BGP、OSPF、IS-IS、BFD、EVPN","日常健康巡检、风险排序、站点/Fabric/设备下钻；关注：BGP、OSPF、IS-IS、BFD、EVPN","P1（重要）","不支持/未发现原生支持","协议健康评分：截至 Apstra 6.1 官方资料，未发现基础产品提供该项完整原生分析器或产品化闭环；未将 Juniper DCA/Mist、外部系统或 NOS 单点能力计入。","不支持/未发现原生支持","协议健康评分：截至当前 CloudVision 官方资料，未发现基础 CloudVision 原生提供该项完整能力；未把 AVA、CV UNO、CV-CUE、DMF 或 EOS CLI/ASIC 单点能力直接计入。","部分支持/依组件、版本或硬件","协议健康评分：需结合 iMaster NCE-FabricInsight 分析器评估。官方资料确认其采集应用流、网络与 Telemetry 数据，支持关键应用质量检测、一键路径诊断、故障定位、网络质量劣化及亚健康光模块/链路分析；但未核验完整覆盖 BGP、OSPF、IS-IS、BFD、EVPN，且依版本、Foundation Package、Telemetry/IOAM 与硬件。","不支持/未发现原生支持","协议健康评分：截至已核对的 FS AmpCon-DC 官方可观测性资料与 v2.2.0 发布说明，未发现产品原生完整覆盖 BGP、OSPF、IS-IS、BFD、EVPN；未把 PicOS 单机 CLI、第三方系统或本地 UI 原型计入。AmpCon-DC（FS / Pica8）面向 PicOS 数据中心交换机；能力范围需按目标版本、License 与兼容硬件确认。"
"分析与诊断","基于拓扑、遥测、配置和事件数据进行异常识别、根因定位、影响评估及故障诊断。","健康分析","综合设备、链路、协议、业务和AIDC指标评估网络健康。","健康评分","对健康评分相关数据进行关联分析、问题定位和结果呈现。","业务健康评分","业务健康评分用于围绕租户、VRF、VN、应用路径开展分析和诊断。","租户、VRF、VN、应用路径","明确业务健康评分覆盖的具体对象、状态或指标，包括租户、VRF、VN、应用路径。","多维健康模型、加权评分、阈值与趋势、对象下钻；具体范围：租户、VRF、VN、应用路径","日常健康巡检、风险排序、站点/Fabric/设备下钻；关注：租户、VRF、VN、应用路径","P1（重要）","不支持/未发现原生支持","业务健康评分：截至 Apstra 6.1 官方资料，未发现基础产品提供该项完整原生分析器或产品化闭环；未将 Juniper DCA/Mist、外部系统或 NOS 单点能力计入。","不支持/未发现原生支持","业务健康评分：截至当前 CloudVision 官方资料，未发现基础 CloudVision 原生提供该项完整能力；未把 AVA、CV UNO、CV-CUE、DMF 或 EOS CLI/ASIC 单点能力直接计入。","部分支持/依组件、版本或硬件","业务健康评分：需结合 iMaster NCE-FabricInsight 分析器评估。官方资料确认其采集应用流、网络与 Telemetry 数据，支持关键应用质量检测、一键路径诊断、故障定位、网络质量劣化及亚健康光模块/链路分析；但未核验完整覆盖 租户、VRF、VN、应用路径，且依版本、Foundation Package、Telemetry/IOAM 与硬件。","不支持/未发现原生支持","业务健康评分：截至已核对的 FS AmpCon-DC 官方可观测性资料与 v2.2.0 发布说明，未发现产品原生完整覆盖 租户、VRF、VN、应用路径；未把 PicOS 单机 CLI、第三方系统或本地 UI 原型计入。AmpCon-DC（FS / Pica8）面向 PicOS 数据中心交换机；能力范围需按目标版本、License 与兼容硬件确认。"
"分析与诊断","基于拓扑、遥测、配置和事件数据进行异常识别、根因定位、影响评估及故障诊断。","健康分析","综合设备、链路、协议、业务和AIDC指标评估网络健康。","健康评分","对健康评分相关数据进行关联分析、问题定位和结果呈现。","AIDC健康评分","AIDC健康评分用于围绕PFC、ECN、Buffer、Queue、路径均衡开展分析和诊断。","PFC、ECN、Buffer、Queue、路径均衡","明确AIDC健康评分覆盖的具体对象、状态或指标，包括PFC、ECN、Buffer、Queue、路径均衡。","多维健康模型、加权评分、阈值与趋势、对象下钻；具体范围：PFC、ECN、Buffer、Queue、路径均衡","日常健康巡检、风险排序、站点/Fabric/设备下钻；关注：PFC、ECN、Buffer、Queue、路径均衡","P1（重要）","不支持/未发现原生支持","AIDC健康评分：截至 Apstra 6.1 官方资料，未发现基础产品提供该项完整原生分析器或产品化闭环；未将 Juniper DCA/Mist、外部系统或 NOS 单点能力计入。","不支持/未发现原生支持","AIDC健康评分：截至当前 CloudVision 官方资料，未发现基础 CloudVision 原生提供该项完整能力；未把 AVA、CV UNO、CV-CUE、DMF 或 EOS CLI/ASIC 单点能力直接计入。","部分支持/依组件、版本或硬件","AIDC健康评分：需结合 iMaster NCE-FabricInsight 分析器评估。官方资料确认其采集应用流、网络与 Telemetry 数据，支持关键应用质量检测、一键路径诊断、故障定位、网络质量劣化及亚健康光模块/链路分析；但未核验完整覆盖 PFC、ECN、Buffer、Queue、路径均衡，且依版本、Foundation Package、Telemetry/IOAM 与硬件。","不支持/未发现原生支持","AIDC健康评分：截至已核对的 FS AmpCon-DC 官方可观测性资料与 v2.2.0 发布说明，未发现产品原生完整覆盖 PFC、ECN、Buffer、Queue、路径均衡；未把 PicOS 单机 CLI、第三方系统或本地 UI 原型计入。AmpCon-DC（FS / Pica8）面向 PicOS 数据中心交换机；能力范围需按目标版本、License 与兼容硬件确认。"
"分析与诊断","基于拓扑、遥测、配置和事件数据进行异常识别、根因定位、影响评估及故障诊断。","异常检测","通过阈值、动态基线及多指标关联识别异常。","静态异常","对静态异常相关数据进行关联分析、问题定位和结果呈现。","阈值异常检测","阈值异常检测用于围绕超过上限、低于下限、持续时间开展分析和诊断。","超过上限、低于下限、持续时间","明确阈值异常检测覆盖的具体对象、状态或指标，包括超过上限、低于下限、持续时间。","静态阈值、动态基线、时序异常、多指标与拓扑关联；具体范围：超过上限、低于下限、持续时间","性能劣化预警、突发异常发现、基线偏离排查；关注：超过上限、低于下限、持续时间","P1（重要）","支持","阈值异常检测：Apstra 6.1 通过 Blueprint 意图图、Anomaly/RCI、IBA、Revision 或 Time Voyager 原生覆盖该项；范围为 超过上限、低于下限、持续时间。","支持","阈值异常检测：CloudVision 原生状态流、Events、Designed/Running Compliance、Workspace/Change Control 或历史状态可核验覆盖该项；范围为 超过上限、低于下限、持续时间。","部分支持/依组件、版本或硬件","阈值异常检测：需结合 iMaster NCE-FabricInsight 分析器评估。官方资料确认其采集应用流、网络与 Telemetry 数据，支持关键应用质量检测、一键路径诊断、故障定位、网络质量劣化及亚健康光模块/链路分析；但未核验完整覆盖 超过上限、低于下限、持续时间，且依版本、Foundation Package、Telemetry/IOAM 与硬件。","部分支持/依设备或版本","阈值异常检测：实时 Telemetry 异常检测、分级告警、拓扑告警、邮件规则/抑制期及历史数据可提供部分证据；未核验完整分析或闭环覆盖 超过上限、低于下限、持续时间。AmpCon-DC（FS / Pica8）面向 PicOS 数据中心交换机；能力范围需按目标版本、License 与兼容硬件确认。"
"分析与诊断","基于拓扑、遥测、配置和事件数据进行异常识别、根因定位、影响评估及故障诊断。","异常检测","通过阈值、动态基线及多指标关联识别异常。","动态异常","对动态异常相关数据进行关联分析、问题定位和结果呈现。","动态基线检测","动态基线检测用于围绕同比、环比、周期性、趋势偏离开展分析和诊断。","同比、环比、周期性、趋势偏离","明确动态基线检测覆盖的具体对象、状态或指标，包括同比、环比、周期性、趋势偏离。","静态阈值、动态基线、时序异常、多指标与拓扑关联；具体范围：同比、环比、周期性、趋势偏离","性能劣化预警、突发异常发现、基线偏离排查；关注：同比、环比、周期性、趋势偏离","P1（重要）","不支持/未发现原生支持","动态基线检测：截至 Apstra 6.1 官方资料，未发现基础产品提供该项完整原生分析器或产品化闭环；未将 Juniper DCA/Mist、外部系统或 NOS 单点能力计入。","不支持/未发现原生支持","动态基线检测：截至当前 CloudVision 官方资料，未发现基础 CloudVision 原生提供该项完整能力；未把 AVA、CV UNO、CV-CUE、DMF 或 EOS CLI/ASIC 单点能力直接计入。","部分支持/依组件、版本或硬件","动态基线检测：需结合 iMaster NCE-FabricInsight 分析器评估。官方资料确认其采集应用流、网络与 Telemetry 数据，支持关键应用质量检测、一键路径诊断、故障定位、网络质量劣化及亚健康光模块/链路分析；但未核验完整覆盖 同比、环比、周期性、趋势偏离，且依版本、Foundation Package、Telemetry/IOAM 与硬件。","不支持/未发现原生支持","动态基线检测：截至已核对的 FS AmpCon-DC 官方可观测性资料与 v2.2.0 发布说明，未发现产品原生完整覆盖 同比、环比、周期性、趋势偏离；未把 PicOS 单机 CLI、第三方系统或本地 UI 原型计入。AmpCon-DC（FS / Pica8）面向 PicOS 数据中心交换机；能力范围需按目标版本、License 与兼容硬件确认。"
"分析与诊断","基于拓扑、遥测、配置和事件数据进行异常识别、根因定位、影响评估及故障诊断。","异常检测","通过阈值、动态基线及多指标关联识别异常。","状态与组合异常","对状态与组合异常相关数据进行关联分析、问题定位和结果呈现。","状态变化检测","状态变化检测用于围绕Up/Down、Flap、邻居变化、端点移动开展分析和诊断。","Up/Down、Flap、邻居变化、端点移动","明确状态变化检测覆盖的具体对象、状态或指标，包括Up/Down、Flap、邻居变化、端点移动。","静态阈值、动态基线、时序异常、多指标与拓扑关联；具体范围：Up/Down、Flap、邻居变化、端点移动","性能劣化预警、突发异常发现、基线偏离排查；关注：Up/Down、Flap、邻居变化、端点移动","P1（重要）","支持","状态变化检测：Apstra 6.1 通过 Blueprint 意图图、Anomaly/RCI、IBA、Revision 或 Time Voyager 原生覆盖该项；范围为 Up/Down、Flap、邻居变化、端点移动。","支持","状态变化检测：CloudVision 原生状态流、Events、Designed/Running Compliance、Workspace/Change Control 或历史状态可核验覆盖该项；范围为 Up/Down、Flap、邻居变化、端点移动。","部分支持/依组件、版本或硬件","状态变化检测：需结合 iMaster NCE-FabricInsight 分析器评估。官方资料确认其采集应用流、网络与 Telemetry 数据，支持关键应用质量检测、一键路径诊断、故障定位、网络质量劣化及亚健康光模块/链路分析；但未核验完整覆盖 Up/Down、Flap、邻居变化、端点移动，且依版本、Foundation Package、Telemetry/IOAM 与硬件。","部分支持/依设备或版本","状态变化检测：实时 Telemetry 异常检测、分级告警、拓扑告警、邮件规则/抑制期及历史数据可提供部分证据；未核验完整分析或闭环覆盖 Up/Down、Flap、邻居变化、端点移动。AmpCon-DC（FS / Pica8）面向 PicOS 数据中心交换机；能力范围需按目标版本、License 与兼容硬件确认。"
"分析与诊断","基于拓扑、遥测、配置和事件数据进行异常识别、根因定位、影响评估及故障诊断。","异常检测","通过阈值、动态基线及多指标关联识别异常。","状态与组合异常","对状态与组合异常相关数据进行关联分析、问题定位和结果呈现。","多指标关联异常","多指标关联异常用于围绕利用率、时延、丢包、队列联合判断开展分析和诊断。","利用率、时延、丢包、队列联合判断","明确多指标关联异常覆盖的具体对象、状态或指标，包括利用率、时延、丢包、队列联合判断。","静态阈值、动态基线、时序异常、多指标与拓扑关联；具体范围：利用率、时延、丢包、队列联合判断","性能劣化预警、突发异常发现、基线偏离排查；关注：利用率、时延、丢包、队列联合判断","P1（重要）","部分支持","多指标关联异常：Apstra 可覆盖部分对象或状态；完整字段、工作流或展示需定制 IBA、API、NOS Telemetry 或外部集成。","不支持/未发现原生支持","多指标关联异常：截至当前 CloudVision 官方资料，未发现基础 CloudVision 原生提供该项完整能力；未把 AVA、CV UNO、CV-CUE、DMF 或 EOS CLI/ASIC 单点能力直接计入。","部分支持/依组件、版本或硬件","多指标关联异常：需结合 iMaster NCE-FabricInsight 分析器评估。官方资料确认其采集应用流、网络与 Telemetry 数据，支持关键应用质量检测、一键路径诊断、故障定位、网络质量劣化及亚健康光模块/链路分析；但未核验完整覆盖 利用率、时延、丢包、队列联合判断，且依版本、Foundation Package、Telemetry/IOAM 与硬件。","部分支持/依设备或版本","多指标关联异常：实时 Telemetry 异常检测、分级告警、拓扑告警、邮件规则/抑制期及历史数据可提供部分证据；未核验完整分析或闭环覆盖 利用率、时延、丢包、队列联合判断。AmpCon-DC（FS / Pica8）面向 PicOS 数据中心交换机；能力范围需按目标版本、License 与兼容硬件确认。"
"分析与诊断","基于拓扑、遥测、配置和事件数据进行异常识别、根因定位、影响评估及故障诊断。","异常检测","通过阈值、动态基线及多指标关联识别异常。","拓扑与配置异常","对拓扑与配置异常相关数据进行关联分析、问题定位和结果呈现。","连接关系异常","连接关系异常用于围绕缺链、错接、未知邻居、环路开展分析和诊断。","缺链、错接、未知邻居、环路","明确连接关系异常覆盖的具体对象、状态或指标，包括缺链、错接、未知邻居、环路。","静态阈值、动态基线、时序异常、多指标与拓扑关联；具体范围：缺链、错接、未知邻居、环路","性能劣化预警、突发异常发现、基线偏离排查；关注：缺链、错接、未知邻居、环路","P1（重要）","支持","连接关系异常：Apstra 6.1 通过 Blueprint 意图图、Anomaly/RCI、IBA、Revision 或 Time Voyager 原生覆盖该项；范围为 缺链、错接、未知邻居、环路。","部分支持","连接关系异常：CloudVision 可提供部分遥测、事件或配置证据；覆盖 缺链、错接、未知邻居、环路 的完整产品化分析器、字段或闭环未核验。","部分支持/依组件、版本或硬件","连接关系异常：需结合 iMaster NCE-FabricInsight 分析器评估。官方资料确认其采集应用流、网络与 Telemetry 数据，支持关键应用质量检测、一键路径诊断、故障定位、网络质量劣化及亚健康光模块/链路分析；但未核验完整覆盖 缺链、错接、未知邻居、环路，且依版本、Foundation Package、Telemetry/IOAM 与硬件。","部分支持/依设备或版本","连接关系异常：实时 Telemetry 异常检测、分级告警、拓扑告警、邮件规则/抑制期及历史数据可提供部分证据；未核验完整分析或闭环覆盖 缺链、错接、未知邻居、环路。AmpCon-DC（FS / Pica8）面向 PicOS 数据中心交换机；能力范围需按目标版本、License 与兼容硬件确认。"
"分析与诊断","基于拓扑、遥测、配置和事件数据进行异常识别、根因定位、影响评估及故障诊断。","异常检测","通过阈值、动态基线及多指标关联识别异常。","拓扑与配置异常","对拓扑与配置异常相关数据进行关联分析、问题定位和结果呈现。","配置漂移检测","配置漂移检测用于围绕带外修改、缺失配置、非法配置开展分析和诊断。","带外修改、缺失配置、非法配置","明确配置漂移检测覆盖的具体对象、状态或指标，包括带外修改、缺失配置、非法配置。","静态阈值、动态基线、时序异常、多指标与拓扑关联；具体范围：带外修改、缺失配置、非法配置","性能劣化预警、突发异常发现、基线偏离排查；关注：带外修改、缺失配置、非法配置","P1（重要）","支持","配置漂移检测：Apstra 6.1 通过 Blueprint 意图图、Anomaly/RCI、IBA、Revision 或 Time Voyager 原生覆盖该项；范围为 带外修改、缺失配置、非法配置。","支持","配置漂移检测：CloudVision 原生状态流、Events、Designed/Running Compliance、Workspace/Change Control 或历史状态可核验覆盖该项；范围为 带外修改、缺失配置、非法配置。","部分支持/依组件、版本或硬件","配置漂移检测：需结合 iMaster NCE-FabricInsight 分析器评估。官方资料确认其采集应用流、网络与 Telemetry 数据，支持关键应用质量检测、一键路径诊断、故障定位、网络质量劣化及亚健康光模块/链路分析；但未核验完整覆盖 带外修改、缺失配置、非法配置，且依版本、Foundation Package、Telemetry/IOAM 与硬件。","不支持/未发现原生支持","配置漂移检测：截至已核对的 FS AmpCon-DC 官方可观测性资料与 v2.2.0 发布说明，未发现产品原生完整覆盖 带外修改、缺失配置、非法配置；未把 PicOS 单机 CLI、第三方系统或本地 UI 原型计入。AmpCon-DC（FS / Pica8）面向 PicOS 数据中心交换机；能力范围需按目标版本、License 与兼容硬件确认。"
"分析与诊断","基于拓扑、遥测、配置和事件数据进行异常识别、根因定位、影响评估及故障诊断。","根因分析","关联拓扑、事件、变更和告警，定位根因及影响范围。","关联分析","对关联分析相关数据进行关联分析、问题定位和结果呈现。","上下游依赖分析","上下游依赖分析用于围绕设备、链路、协议、业务依赖开展分析和诊断。","设备、链路、协议、业务依赖","明确上下游依赖分析覆盖的具体对象、状态或指标，包括设备、链路、协议、业务依赖。","拓扑依赖图、事件与变更关联、因果排序、影响范围分析；具体范围：设备、链路、协议、业务依赖","多告警故障定位、变更关联、影响面评估与缩短 MTTR；关注：设备、链路、协议、业务依赖","P1（重要）","部分支持","上下游依赖分析：Blueprint 图、Anomaly/RCI、IBA、Revision 可提供部分证据，但未核验覆盖 设备、链路、协议、业务依赖 的通用专用分析器。","不支持/未发现原生支持","上下游依赖分析：截至当前 CloudVision 官方资料，未发现基础 CloudVision 原生提供该项完整能力；未把 AVA、CV UNO、CV-CUE、DMF 或 EOS CLI/ASIC 单点能力直接计入。","部分支持/依组件、版本或硬件","上下游依赖分析：需结合 iMaster NCE-FabricInsight 分析器评估。官方资料确认其采集应用流、网络与 Telemetry 数据，支持关键应用质量检测、一键路径诊断、故障定位、网络质量劣化及亚健康光模块/链路分析；但未核验完整覆盖 设备、链路、协议、业务依赖，且依版本、Foundation Package、Telemetry/IOAM 与硬件。","不支持/未发现原生支持","上下游依赖分析：截至已核对的 FS AmpCon-DC 官方可观测性资料与 v2.2.0 发布说明，未发现产品原生完整覆盖 设备、链路、协议、业务依赖；未把 PicOS 单机 CLI、第三方系统或本地 UI 原型计入。AmpCon-DC（FS / Pica8）面向 PicOS 数据中心交换机；能力范围需按目标版本、License 与兼容硬件确认。"
"分析与诊断","基于拓扑、遥测、配置和事件数据进行异常识别、根因定位、影响评估及故障诊断。","根因分析","关联拓扑、事件、变更和告警，定位根因及影响范围。","关联分析","对关联分析相关数据进行关联分析、问题定位和结果呈现。","事件时间相关性","事件时间相关性用于围绕告警发生顺序、共同时间窗口开展分析和诊断。","告警发生顺序、共同时间窗口","明确事件时间相关性覆盖的具体对象、状态或指标，包括告警发生顺序、共同时间窗口。","拓扑依赖图、事件与变更关联、因果排序、影响范围分析；具体范围：告警发生顺序、共同时间窗口","多告警故障定位、变更关联、影响面评估与缩短 MTTR；关注：告警发生顺序、共同时间窗口","P1（重要）","部分支持","事件时间相关性：Blueprint 图、Anomaly/RCI、IBA、Revision 可提供部分证据，但未核验覆盖 告警发生顺序、共同时间窗口 的通用专用分析器。","不支持/未发现原生支持","事件时间相关性：截至当前 CloudVision 官方资料，未发现基础 CloudVision 原生提供该项完整能力；未把 AVA、CV UNO、CV-CUE、DMF 或 EOS CLI/ASIC 单点能力直接计入。","部分支持/依组件、版本或硬件","事件时间相关性：需结合 iMaster NCE-FabricInsight 分析器评估。官方资料确认其采集应用流、网络与 Telemetry 数据，支持关键应用质量检测、一键路径诊断、故障定位、网络质量劣化及亚健康光模块/链路分析；但未核验完整覆盖 告警发生顺序、共同时间窗口，且依版本、Foundation Package、Telemetry/IOAM 与硬件。","部分支持/依设备或版本","事件时间相关性：实时 Telemetry 异常检测、分级告警、拓扑告警、邮件规则/抑制期及历史数据可提供部分证据；未核验完整分析或闭环覆盖 告警发生顺序、共同时间窗口。AmpCon-DC（FS / Pica8）面向 PicOS 数据中心交换机；能力范围需按目标版本、License 与兼容硬件确认。"
"分析与诊断","基于拓扑、遥测、配置和事件数据进行异常识别、根因定位、影响评估及故障诊断。","根因分析","关联拓扑、事件、变更和告警，定位根因及影响范围。","关联分析","对关联分析相关数据进行关联分析、问题定位和结果呈现。","变更影响关联","变更影响关联用于围绕Workspace、Task、Change Control、配置提交开展分析和诊断。","Workspace、Task、Change Control、配置提交","明确变更影响关联覆盖的具体对象、状态或指标，包括Workspace、Task、Change Control、配置提交。","拓扑依赖图、事件与变更关联、因果排序、影响范围分析；具体范围：Workspace、Task、Change Control、配置提交","多告警故障定位、变更关联、影响面评估与缩短 MTTR；关注：Workspace、Task、Change Control、配置提交","P1（重要）","部分支持","变更影响关联：Blueprint 图、Anomaly/RCI、IBA、Revision 可提供部分证据，但未核验覆盖 Workspace、Task、Change Control、配置提交 的通用专用分析器。","不支持/未发现原生支持","变更影响关联：截至当前 CloudVision 官方资料，未发现基础 CloudVision 原生提供该项完整能力；未把 AVA、CV UNO、CV-CUE、DMF 或 EOS CLI/ASIC 单点能力直接计入。","部分支持/依组件、版本或硬件","变更影响关联：需结合 iMaster NCE-FabricInsight 分析器评估。官方资料确认其采集应用流、网络与 Telemetry 数据，支持关键应用质量检测、一键路径诊断、故障定位、网络质量劣化及亚健康光模块/链路分析；但未核验完整覆盖 Workspace、Task、Change Control、配置提交，且依版本、Foundation Package、Telemetry/IOAM 与硬件。","不支持/未发现原生支持","变更影响关联：截至已核对的 FS AmpCon-DC 官方可观测性资料与 v2.2.0 发布说明，未发现产品原生完整覆盖 Workspace、Task、Change Control、配置提交；未把 PicOS 单机 CLI、第三方系统或本地 UI 原型计入。AmpCon-DC（FS / Pica8）面向 PicOS 数据中心交换机；能力范围需按目标版本、License 与兼容硬件确认。"
"分析与诊断","基于拓扑、遥测、配置和事件数据进行异常识别、根因定位、影响评估及故障诊断。","根因分析","关联拓扑、事件、变更和告警，定位根因及影响范围。","告警与影响","对告警与影响相关数据进行关联分析、问题定位和结果呈现。","根因告警聚合","根因告警聚合用于围绕根因、症状、衍生告警开展分析和诊断。","根因、症状、衍生告警","明确根因告警聚合覆盖的具体对象、状态或指标，包括根因、症状、衍生告警。","拓扑依赖图、事件与变更关联、因果排序、影响范围分析；具体范围：根因、症状、衍生告警","多告警故障定位、变更关联、影响面评估与缩短 MTTR；关注：根因、症状、衍生告警","P1（重要）","支持","根因告警聚合：Apstra 6.1 通过 Blueprint 意图图、Anomaly/RCI、IBA、Revision 或 Time Voyager 原生覆盖该项；范围为 根因、症状、衍生告警。","不支持/未发现原生支持","根因告警聚合：截至当前 CloudVision 官方资料，未发现基础 CloudVision 原生提供该项完整能力；未把 AVA、CV UNO、CV-CUE、DMF 或 EOS CLI/ASIC 单点能力直接计入。","部分支持/依组件、版本或硬件","根因告警聚合：需结合 iMaster NCE-FabricInsight 分析器评估。官方资料确认其采集应用流、网络与 Telemetry 数据，支持关键应用质量检测、一键路径诊断、故障定位、网络质量劣化及亚健康光模块/链路分析；但未核验完整覆盖 根因、症状、衍生告警，且依版本、Foundation Package、Telemetry/IOAM 与硬件。","部分支持/依设备或版本","根因告警聚合：实时 Telemetry 异常检测、分级告警、拓扑告警、邮件规则/抑制期及历史数据可提供部分证据；未核验完整分析或闭环覆盖 根因、症状、衍生告警。AmpCon-DC（FS / Pica8）面向 PicOS 数据中心交换机；能力范围需按目标版本、License 与兼容硬件确认。"
"分析与诊断","基于拓扑、遥测、配置和事件数据进行异常识别、根因定位、影响评估及故障诊断。","根因分析","关联拓扑、事件、变更和告警，定位根因及影响范围。","告警与影响","对告警与影响相关数据进行关联分析、问题定位和结果呈现。","影响范围计算","影响范围计算用于围绕设备、链路、租户、应用、GPU Pod开展分析和诊断。","设备、链路、租户、应用、GPU Pod","明确影响范围计算覆盖的具体对象、状态或指标，包括设备、链路、租户、应用、GPU Pod。","拓扑依赖图、事件与变更关联、因果排序、影响范围分析；具体范围：设备、链路、租户、应用、GPU Pod","多告警故障定位、变更关联、影响面评估与缩短 MTTR；关注：设备、链路、租户、应用、GPU Pod","P1（重要）","部分支持","影响范围计算：Blueprint 图、Anomaly/RCI、IBA、Revision 可提供部分证据，但未核验覆盖 设备、链路、租户、应用、GPU Pod 的通用专用分析器。","不支持/未发现原生支持","影响范围计算：截至当前 CloudVision 官方资料，未发现基础 CloudVision 原生提供该项完整能力；未把 AVA、CV UNO、CV-CUE、DMF 或 EOS CLI/ASIC 单点能力直接计入。","部分支持/依组件、版本或硬件","影响范围计算：需结合 iMaster NCE-FabricInsight 分析器评估。官方资料确认其采集应用流、网络与 Telemetry 数据，支持关键应用质量检测、一键路径诊断、故障定位、网络质量劣化及亚健康光模块/链路分析；但未核验完整覆盖 设备、链路、租户、应用、GPU Pod，且依版本、Foundation Package、Telemetry/IOAM 与硬件。","不支持/未发现原生支持","影响范围计算：截至已核对的 FS AmpCon-DC 官方可观测性资料与 v2.2.0 发布说明，未发现产品原生完整覆盖 设备、链路、租户、应用、GPU Pod；未把 PicOS 单机 CLI、第三方系统或本地 UI 原型计入。AmpCon-DC（FS / Pica8）面向 PicOS 数据中心交换机；能力范围需按目标版本、License 与兼容硬件确认。"
"分析与诊断","基于拓扑、遥测、配置和事件数据进行异常识别、根因定位、影响评估及故障诊断。","根因分析","关联拓扑、事件、变更和告警，定位根因及影响范围。","告警与影响","对告警与影响相关数据进行关联分析、问题定位和结果呈现。","根因解释","根因解释用于围绕指标、事件、拓扑、配置、路径证据开展分析和诊断。","指标、事件、拓扑、配置、路径证据","明确根因解释覆盖的具体对象、状态或指标，包括指标、事件、拓扑、配置、路径证据。","拓扑依赖图、事件与变更关联、因果排序、影响范围分析；具体范围：指标、事件、拓扑、配置、路径证据","多告警故障定位、变更关联、影响面评估与缩短 MTTR；关注：指标、事件、拓扑、配置、路径证据","P1（重要）","部分支持","根因解释：Blueprint 图、Anomaly/RCI、IBA、Revision 可提供部分证据，但未核验覆盖 指标、事件、拓扑、配置、路径证据 的通用专用分析器。","不支持/未发现原生支持","根因解释：截至当前 CloudVision 官方资料，未发现基础 CloudVision 原生提供该项完整能力；未把 AVA、CV UNO、CV-CUE、DMF 或 EOS CLI/ASIC 单点能力直接计入。","部分支持/依组件、版本或硬件","根因解释：需结合 iMaster NCE-FabricInsight 分析器评估。官方资料确认其采集应用流、网络与 Telemetry 数据，支持关键应用质量检测、一键路径诊断、故障定位、网络质量劣化及亚健康光模块/链路分析；但未核验完整覆盖 指标、事件、拓扑、配置、路径证据，且依版本、Foundation Package、Telemetry/IOAM 与硬件。","部分支持/依设备或版本","根因解释：实时 Telemetry 异常检测、分级告警、拓扑告警、邮件规则/抑制期及历史数据可提供部分证据；未核验完整分析或闭环覆盖 指标、事件、拓扑、配置、路径证据。AmpCon-DC（FS / Pica8）面向 PicOS 数据中心交换机；能力范围需按目标版本、License 与兼容硬件确认。"
"分析与诊断","基于拓扑、遥测、配置和事件数据进行异常识别、根因定位、影响评估及故障诊断。","物理层诊断","诊断接口、光模块、线缆和链路稳定性问题。","链路诊断","对链路诊断相关数据进行关联分析、问题定位和结果呈现。","接口错误诊断","接口错误诊断用于围绕CRC、Frame、Discard、FEC开展分析和诊断。","CRC、Frame、Discard、FEC","明确接口错误诊断覆盖的具体对象、状态或指标，包括CRC、Frame、Discard、FEC。","接口错误、光功率/温度、FEC/BER、线缆与链路抖动分析；具体范围：CRC、Frame、Discard、FEC","光链路劣化、误码、模块温度与间歇性链路故障排查；关注：CRC、Frame、Discard、FEC","P0（核心）","部分支持","接口错误诊断：Blueprint 图、Anomaly/RCI、IBA、Revision 可提供部分证据，但未核验覆盖 CRC、Frame、Discard、FEC 的通用专用分析器。","部分支持","接口错误诊断：CloudVision 可提供部分遥测、事件或配置证据；覆盖 CRC、Frame、Discard、FEC 的完整产品化分析器、字段或闭环未核验。","部分支持/依组件、版本或硬件","接口错误诊断：需结合 iMaster NCE-FabricInsight 分析器评估。官方资料确认其采集应用流、网络与 Telemetry 数据，支持关键应用质量检测、一键路径诊断、故障定位、网络质量劣化及亚健康光模块/链路分析；但未核验完整覆盖 CRC、Frame、Discard、FEC，且依版本、Foundation Package、Telemetry/IOAM 与硬件。","部分支持/依设备或版本","接口错误诊断：实时 Telemetry 异常检测、分级告警、拓扑告警、邮件规则/抑制期及历史数据可提供部分证据；未核验完整分析或闭环覆盖 CRC、Frame、Discard、FEC。AmpCon-DC（FS / Pica8）面向 PicOS 数据中心交换机；能力范围需按目标版本、License 与兼容硬件确认。"
"分析与诊断","基于拓扑、遥测、配置和事件数据进行异常识别、根因定位、影响评估及故障诊断。","物理层诊断","诊断接口、光模块、线缆和链路稳定性问题。","链路诊断","对链路诊断相关数据进行关联分析、问题定位和结果呈现。","光功率异常分析","光功率异常分析用于围绕Tx/Rx Power、衰减、温度、偏置电流开展分析和诊断。","Tx/Rx Power、衰减、温度、偏置电流","明确光功率异常分析覆盖的具体对象、状态或指标，包括Tx/Rx Power、衰减、温度、偏置电流。","接口错误、光功率/温度、FEC/BER、线缆与链路抖动分析；具体范围：Tx/Rx Power、衰减、温度、偏置电流","光链路劣化、误码、模块温度与间歇性链路故障排查；关注：Tx/Rx Power、衰减、温度、偏置电流","P0（核心）","部分支持","光功率异常分析：Blueprint 图、Anomaly/RCI、IBA、Revision 可提供部分证据，但未核验覆盖 Tx/Rx Power、衰减、温度、偏置电流 的通用专用分析器。","部分支持","光功率异常分析：CloudVision 可提供部分遥测、事件或配置证据；覆盖 Tx/Rx Power、衰减、温度、偏置电流 的完整产品化分析器、字段或闭环未核验。","部分支持/依组件、版本或硬件","光功率异常分析：需结合 iMaster NCE-FabricInsight 分析器评估。官方资料确认其采集应用流、网络与 Telemetry 数据，支持关键应用质量检测、一键路径诊断、故障定位、网络质量劣化及亚健康光模块/链路分析；但未核验完整覆盖 Tx/Rx Power、衰减、温度、偏置电流，且依版本、Foundation Package、Telemetry/IOAM 与硬件。","部分支持/依设备或版本","光功率异常分析：实时 Telemetry 异常检测、分级告警、拓扑告警、邮件规则/抑制期及历史数据可提供部分证据；未核验完整分析或闭环覆盖 Tx/Rx Power、衰减、温度、偏置电流。AmpCon-DC（FS / Pica8）面向 PicOS 数据中心交换机；能力范围需按目标版本、License 与兼容硬件确认。"
"分析与诊断","基于拓扑、遥测、配置和事件数据进行异常识别、根因定位、影响评估及故障诊断。","物理层诊断","诊断接口、光模块、线缆和链路稳定性问题。","链路诊断","对链路诊断相关数据进行关联分析、问题定位和结果呈现。","连接质量分析","连接质量分析用于围绕线缆类型、距离、模块兼容、误码开展分析和诊断。","线缆类型、距离、模块兼容、误码","明确连接质量分析覆盖的具体对象、状态或指标，包括线缆类型、距离、模块兼容、误码。","接口错误、光功率/温度、FEC/BER、线缆与链路抖动分析；具体范围：线缆类型、距离、模块兼容、误码","光链路劣化、误码、模块温度与间歇性链路故障排查；关注：线缆类型、距离、模块兼容、误码","P0（核心）","部分支持","连接质量分析：Blueprint 图、Anomaly/RCI、IBA、Revision 可提供部分证据，但未核验覆盖 线缆类型、距离、模块兼容、误码 的通用专用分析器。","部分支持","连接质量分析：CloudVision 可提供部分遥测、事件或配置证据；覆盖 线缆类型、距离、模块兼容、误码 的完整产品化分析器、字段或闭环未核验。","部分支持/依组件、版本或硬件","连接质量分析：需结合 iMaster NCE-FabricInsight 分析器评估。官方资料确认其采集应用流、网络与 Telemetry 数据，支持关键应用质量检测、一键路径诊断、故障定位、网络质量劣化及亚健康光模块/链路分析；但未核验完整覆盖 线缆类型、距离、模块兼容、误码，且依版本、Foundation Package、Telemetry/IOAM 与硬件。","不支持/未发现原生支持","连接质量分析：截至已核对的 FS AmpCon-DC 官方可观测性资料与 v2.2.0 发布说明，未发现产品原生完整覆盖 线缆类型、距离、模块兼容、误码；未把 PicOS 单机 CLI、第三方系统或本地 UI 原型计入。AmpCon-DC（FS / Pica8）面向 PicOS 数据中心交换机；能力范围需按目标版本、License 与兼容硬件确认。"
"分析与诊断","基于拓扑、遥测、配置和事件数据进行异常识别、根因定位、影响评估及故障诊断。","物理层诊断","诊断接口、光模块、线缆和链路稳定性问题。","链路诊断","对链路诊断相关数据进行关联分析、问题定位和结果呈现。","Flap原因分析","Flap原因分析用于围绕光模块、FEC、对端、配置、硬件开展分析和诊断。","光模块、FEC、对端、配置、硬件","明确Flap原因分析覆盖的具体对象、状态或指标，包括光模块、FEC、对端、配置、硬件。","接口错误、光功率/温度、FEC/BER、线缆与链路抖动分析；具体范围：光模块、FEC、对端、配置、硬件","光链路劣化、误码、模块温度与间歇性链路故障排查；关注：光模块、FEC、对端、配置、硬件","P0（核心）","部分支持","Flap原因分析：Blueprint 图、Anomaly/RCI、IBA、Revision 可提供部分证据，但未核验覆盖 光模块、FEC、对端、配置、硬件 的通用专用分析器。","部分支持","Flap原因分析：CloudVision 可提供部分遥测、事件或配置证据；覆盖 光模块、FEC、对端、配置、硬件 的完整产品化分析器、字段或闭环未核验。","部分支持/依组件、版本或硬件","Flap原因分析：需结合 iMaster NCE-FabricInsight 分析器评估。官方资料确认其采集应用流、网络与 Telemetry 数据，支持关键应用质量检测、一键路径诊断、故障定位、网络质量劣化及亚健康光模块/链路分析；但未核验完整覆盖 光模块、FEC、对端、配置、硬件，且依版本、Foundation Package、Telemetry/IOAM 与硬件。","不支持/未发现原生支持","Flap原因分析：截至已核对的 FS AmpCon-DC 官方可观测性资料与 v2.2.0 发布说明，未发现产品原生完整覆盖 光模块、FEC、对端、配置、硬件；未把 PicOS 单机 CLI、第三方系统或本地 UI 原型计入。AmpCon-DC（FS / Pica8）面向 PicOS 数据中心交换机；能力范围需按目标版本、License 与兼容硬件确认。"
"分析与诊断","基于拓扑、遥测、配置和事件数据进行异常识别、根因定位、影响评估及故障诊断。","路径诊断","计算并验证Underlay、Overlay、租户及服务链转发路径。","基础连通性","对基础连通性相关数据进行关联分析、问题定位和结果呈现。","Ping诊断","Ping诊断用于围绕成功率、RTT、丢包、源VRF开展分析和诊断。","成功率、RTT、丢包、源VRF","明确Ping诊断覆盖的具体对象、状态或指标，包括成功率、RTT、丢包、源VRF。","Underlay/Overlay 路径计算、转发表验证、探测与历史回放；具体范围：成功率、RTT、丢包、源VRF","端到端不通、绕路、黑洞、租户与服务链路径核验；关注：成功率、RTT、丢包、源VRF","P0（核心）","不支持/未发现原生支持","Ping诊断：截至 Apstra 6.1 官方资料，未发现基础产品提供该项完整原生分析器或产品化闭环；未将 Juniper DCA/Mist、外部系统或 NOS 单点能力计入。","不支持/未发现原生支持","Ping诊断：截至当前 CloudVision 官方资料，未发现基础 CloudVision 原生提供该项完整能力；未把 AVA、CV UNO、CV-CUE、DMF 或 EOS CLI/ASIC 单点能力直接计入。","部分支持/依组件、版本或硬件","Ping诊断：iMaster NCE-Fabric 可提供部分管理或状态数据，但覆盖 成功率、RTT、丢包、源VRF 的完整字段、工作流或分析器未核验；需按目标版本、License、CloudEngine 型号及是否部署 FabricInsight 确认。","不支持/未发现原生支持","Ping诊断：截至已核对的 FS AmpCon-DC 官方可观测性资料与 v2.2.0 发布说明，未发现产品原生完整覆盖 成功率、RTT、丢包、源VRF；未把 PicOS 单机 CLI、第三方系统或本地 UI 原型计入。AmpCon-DC（FS / Pica8）面向 PicOS 数据中心交换机；能力范围需按目标版本、License 与兼容硬件确认。"
"分析与诊断","基于拓扑、遥测、配置和事件数据进行异常识别、根因定位、影响评估及故障诊断。","路径诊断","计算并验证Underlay、Overlay、租户及服务链转发路径。","基础连通性","对基础连通性相关数据进行关联分析、问题定位和结果呈现。","Traceroute诊断","Traceroute诊断用于围绕逐跳节点、接口、时延开展分析和诊断。","逐跳节点、接口、时延","明确Traceroute诊断覆盖的具体对象、状态或指标，包括逐跳节点、接口、时延。","Underlay/Overlay 路径计算、转发表验证、探测与历史回放；具体范围：逐跳节点、接口、时延","端到端不通、绕路、黑洞、租户与服务链路径核验；关注：逐跳节点、接口、时延","P0（核心）","不支持/未发现原生支持","Traceroute诊断：截至 Apstra 6.1 官方资料，未发现基础产品提供该项完整原生分析器或产品化闭环；未将 Juniper DCA/Mist、外部系统或 NOS 单点能力计入。","不支持/未发现原生支持","Traceroute诊断：截至当前 CloudVision 官方资料，未发现基础 CloudVision 原生提供该项完整能力；未把 AVA、CV UNO、CV-CUE、DMF 或 EOS CLI/ASIC 单点能力直接计入。","部分支持/依组件、版本或硬件","Traceroute诊断：iMaster NCE-Fabric 可提供部分管理或状态数据，但覆盖 逐跳节点、接口、时延 的完整字段、工作流或分析器未核验；需按目标版本、License、CloudEngine 型号及是否部署 FabricInsight 确认。","不支持/未发现原生支持","Traceroute诊断：截至已核对的 FS AmpCon-DC 官方可观测性资料与 v2.2.0 发布说明，未发现产品原生完整覆盖 逐跳节点、接口、时延；未把 PicOS 单机 CLI、第三方系统或本地 UI 原型计入。AmpCon-DC（FS / Pica8）面向 PicOS 数据中心交换机；能力范围需按目标版本、License 与兼容硬件确认。"
"分析与诊断","基于拓扑、遥测、配置和事件数据进行异常识别、根因定位、影响评估及故障诊断。","路径诊断","计算并验证Underlay、Overlay、租户及服务链转发路径。","路径计算","对路径计算相关数据进行关联分析、问题定位和结果呈现。","Underlay路径分析","Underlay路径分析用于围绕ECMP路径、下一跳、路由递归开展分析和诊断。","ECMP路径、下一跳、路由递归","明确Underlay路径分析覆盖的具体对象、状态或指标，包括ECMP路径、下一跳、路由递归。","Underlay/Overlay 路径计算、转发表验证、探测与历史回放；具体范围：ECMP路径、下一跳、路由递归","端到端不通、绕路、黑洞、租户与服务链路径核验；关注：ECMP路径、下一跳、路由递归","P0（核心）","部分支持","Underlay路径分析：Blueprint 图、Anomaly/RCI、IBA、Revision 可提供部分证据，但未核验覆盖 ECMP路径、下一跳、路由递归 的通用专用分析器。","部分支持","Underlay路径分析：CloudVision 可提供部分遥测、事件或配置证据；覆盖 ECMP路径、下一跳、路由递归 的完整产品化分析器、字段或闭环未核验。","部分支持/依组件、版本或硬件","Underlay路径分析：需结合 iMaster NCE-FabricInsight 分析器评估。官方资料确认其采集应用流、网络与 Telemetry 数据，支持关键应用质量检测、一键路径诊断、故障定位、网络质量劣化及亚健康光模块/链路分析；但未核验完整覆盖 ECMP路径、下一跳、路由递归，且依版本、Foundation Package、Telemetry/IOAM 与硬件。","不支持/未发现原生支持","Underlay路径分析：截至已核对的 FS AmpCon-DC 官方可观测性资料与 v2.2.0 发布说明，未发现产品原生完整覆盖 ECMP路径、下一跳、路由递归；未把 PicOS 单机 CLI、第三方系统或本地 UI 原型计入。AmpCon-DC（FS / Pica8）面向 PicOS 数据中心交换机；能力范围需按目标版本、License 与兼容硬件确认。"
"分析与诊断","基于拓扑、遥测、配置和事件数据进行异常识别、根因定位、影响评估及故障诊断。","路径诊断","计算并验证Underlay、Overlay、租户及服务链转发路径。","路径计算","对路径计算相关数据进行关联分析、问题定位和结果呈现。","Overlay路径分析","Overlay路径分析用于围绕VTEP、VNI、隧道、Underlay映射开展分析和诊断。","VTEP、VNI、隧道、Underlay映射","明确Overlay路径分析覆盖的具体对象、状态或指标，包括VTEP、VNI、隧道、Underlay映射。","Underlay/Overlay 路径计算、转发表验证、探测与历史回放；具体范围：VTEP、VNI、隧道、Underlay映射","端到端不通、绕路、黑洞、租户与服务链路径核验；关注：VTEP、VNI、隧道、Underlay映射","P0（核心）","部分支持","Overlay路径分析：Blueprint 图、Anomaly/RCI、IBA、Revision 可提供部分证据，但未核验覆盖 VTEP、VNI、隧道、Underlay映射 的通用专用分析器。","部分支持","Overlay路径分析：CloudVision 可提供部分遥测、事件或配置证据；覆盖 VTEP、VNI、隧道、Underlay映射 的完整产品化分析器、字段或闭环未核验。","部分支持/依组件、版本或硬件","Overlay路径分析：需结合 iMaster NCE-FabricInsight 分析器评估。官方资料确认其采集应用流、网络与 Telemetry 数据，支持关键应用质量检测、一键路径诊断、故障定位、网络质量劣化及亚健康光模块/链路分析；但未核验完整覆盖 VTEP、VNI、隧道、Underlay映射，且依版本、Foundation Package、Telemetry/IOAM 与硬件。","不支持/未发现原生支持","Overlay路径分析：截至已核对的 FS AmpCon-DC 官方可观测性资料与 v2.2.0 发布说明，未发现产品原生完整覆盖 VTEP、VNI、隧道、Underlay映射；未把 PicOS 单机 CLI、第三方系统或本地 UI 原型计入。AmpCon-DC（FS / Pica8）面向 PicOS 数据中心交换机；能力范围需按目标版本、License 与兼容硬件确认。"
"分析与诊断","基于拓扑、遥测、配置和事件数据进行异常识别、根因定位、影响评估及故障诊断。","路径诊断","计算并验证Underlay、Overlay、租户及服务链转发路径。","路径计算","对路径计算相关数据进行关联分析、问题定位和结果呈现。","双向路径分析","双向路径分析用于围绕正向、反向、不对称路由开展分析和诊断。","正向、反向、不对称路由","明确双向路径分析覆盖的具体对象、状态或指标，包括正向、反向、不对称路由。","Underlay/Overlay 路径计算、转发表验证、探测与历史回放；具体范围：正向、反向、不对称路由","端到端不通、绕路、黑洞、租户与服务链路径核验；关注：正向、反向、不对称路由","P0（核心）","不支持/未发现原生支持","双向路径分析：截至 Apstra 6.1 官方资料，未发现基础产品提供该项完整原生分析器或产品化闭环；未将 Juniper DCA/Mist、外部系统或 NOS 单点能力计入。","不支持/未发现原生支持","双向路径分析：截至当前 CloudVision 官方资料，未发现基础 CloudVision 原生提供该项完整能力；未把 AVA、CV UNO、CV-CUE、DMF 或 EOS CLI/ASIC 单点能力直接计入。","部分支持/依组件、版本或硬件","双向路径分析：需结合 iMaster NCE-FabricInsight 分析器评估。官方资料确认其采集应用流、网络与 Telemetry 数据，支持关键应用质量检测、一键路径诊断、故障定位、网络质量劣化及亚健康光模块/链路分析；但未核验完整覆盖 正向、反向、不对称路由，且依版本、Foundation Package、Telemetry/IOAM 与硬件。","不支持/未发现原生支持","双向路径分析：截至已核对的 FS AmpCon-DC 官方可观测性资料与 v2.2.0 发布说明，未发现产品原生完整覆盖 正向、反向、不对称路由；未把 PicOS 单机 CLI、第三方系统或本地 UI 原型计入。AmpCon-DC（FS / Pica8）面向 PicOS 数据中心交换机；能力范围需按目标版本、License 与兼容硬件确认。"
"分析与诊断","基于拓扑、遥测、配置和事件数据进行异常识别、根因定位、影响评估及故障诊断。","路径诊断","计算并验证Underlay、Overlay、租户及服务链转发路径。","路径计算","对路径计算相关数据进行关联分析、问题定位和结果呈现。","多路径分析","多路径分析用于围绕ECMP成员、Hash、主备路径开展分析和诊断。","ECMP成员、Hash、主备路径","明确多路径分析覆盖的具体对象、状态或指标，包括ECMP成员、Hash、主备路径。","Underlay/Overlay 路径计算、转发表验证、探测与历史回放；具体范围：ECMP成员、Hash、主备路径","端到端不通、绕路、黑洞、租户与服务链路径核验；关注：ECMP成员、Hash、主备路径","P0（核心）","部分支持","多路径分析：Blueprint 图、Anomaly/RCI、IBA、Revision 可提供部分证据，但未核验覆盖 ECMP成员、Hash、主备路径 的通用专用分析器。","部分支持","多路径分析：CloudVision 可提供部分遥测、事件或配置证据；覆盖 ECMP成员、Hash、主备路径 的完整产品化分析器、字段或闭环未核验。","部分支持/依组件、版本或硬件","多路径分析：需结合 iMaster NCE-FabricInsight 分析器评估。官方资料确认其采集应用流、网络与 Telemetry 数据，支持关键应用质量检测、一键路径诊断、故障定位、网络质量劣化及亚健康光模块/链路分析；但未核验完整覆盖 ECMP成员、Hash、主备路径，且依版本、Foundation Package、Telemetry/IOAM 与硬件。","不支持/未发现原生支持","多路径分析：截至已核对的 FS AmpCon-DC 官方可观测性资料与 v2.2.0 发布说明，未发现产品原生完整覆盖 ECMP成员、Hash、主备路径；未把 PicOS 单机 CLI、第三方系统或本地 UI 原型计入。AmpCon-DC（FS / Pica8）面向 PicOS 数据中心交换机；能力范围需按目标版本、License 与兼容硬件确认。"
"分析与诊断","基于拓扑、遥测、配置和事件数据进行异常识别、根因定位、影响评估及故障诊断。","路径诊断","计算并验证Underlay、Overlay、租户及服务链转发路径。","历史与业务路径","对历史与业务路径相关数据进行关联分析、问题定位和结果呈现。","指定时间路径回放","指定时间路径回放用于围绕故障前、故障中、故障后开展分析和诊断。","故障前、故障中、故障后","明确指定时间路径回放覆盖的具体对象、状态或指标，包括故障前、故障中、故障后。","Underlay/Overlay 路径计算、转发表验证、探测与历史回放；具体范围：故障前、故障中、故障后","端到端不通、绕路、黑洞、租户与服务链路径核验；关注：故障前、故障中、故障后","P0（核心）","不支持/未发现原生支持","指定时间路径回放：截至 Apstra 6.1 官方资料，未发现基础产品提供该项完整原生分析器或产品化闭环；未将 Juniper DCA/Mist、外部系统或 NOS 单点能力计入。","不支持/未发现原生支持","指定时间路径回放：截至当前 CloudVision 官方资料，未发现基础 CloudVision 原生提供该项完整能力；未把 AVA、CV UNO、CV-CUE、DMF 或 EOS CLI/ASIC 单点能力直接计入。","部分支持/依组件、版本或硬件","指定时间路径回放：需结合 iMaster NCE-FabricInsight 分析器评估。官方资料确认其采集应用流、网络与 Telemetry 数据，支持关键应用质量检测、一键路径诊断、故障定位、网络质量劣化及亚健康光模块/链路分析；但未核验完整覆盖 故障前、故障中、故障后，且依版本、Foundation Package、Telemetry/IOAM 与硬件。","不支持/未发现原生支持","指定时间路径回放：截至已核对的 FS AmpCon-DC 官方可观测性资料与 v2.2.0 发布说明，未发现产品原生完整覆盖 故障前、故障中、故障后；未把 PicOS 单机 CLI、第三方系统或本地 UI 原型计入。AmpCon-DC（FS / Pica8）面向 PicOS 数据中心交换机；能力范围需按目标版本、License 与兼容硬件确认。"
"分析与诊断","基于拓扑、遥测、配置和事件数据进行异常识别、根因定位、影响评估及故障诊断。","路径诊断","计算并验证Underlay、Overlay、租户及服务链转发路径。","历史与业务路径","对历史与业务路径相关数据进行关联分析、问题定位和结果呈现。","租户路径诊断","租户路径诊断用于围绕Endpoint、VRF、VNI、Gateway开展分析和诊断。","Endpoint、VRF、VNI、Gateway","明确租户路径诊断覆盖的具体对象、状态或指标，包括Endpoint、VRF、VNI、Gateway。","Underlay/Overlay 路径计算、转发表验证、探测与历史回放；具体范围：Endpoint、VRF、VNI、Gateway","端到端不通、绕路、黑洞、租户与服务链路径核验；关注：Endpoint、VRF、VNI、Gateway","P0（核心）","部分支持","租户路径诊断：Blueprint 图、Anomaly/RCI、IBA、Revision 可提供部分证据，但未核验覆盖 Endpoint、VRF、VNI、Gateway 的通用专用分析器。","部分支持","租户路径诊断：CloudVision 可提供部分遥测、事件或配置证据；覆盖 Endpoint、VRF、VNI、Gateway 的完整产品化分析器、字段或闭环未核验。","部分支持/依组件、版本或硬件","租户路径诊断：需结合 iMaster NCE-FabricInsight 分析器评估。官方资料确认其采集应用流、网络与 Telemetry 数据，支持关键应用质量检测、一键路径诊断、故障定位、网络质量劣化及亚健康光模块/链路分析；但未核验完整覆盖 Endpoint、VRF、VNI、Gateway，且依版本、Foundation Package、Telemetry/IOAM 与硬件。","不支持/未发现原生支持","租户路径诊断：截至已核对的 FS AmpCon-DC 官方可观测性资料与 v2.2.0 发布说明，未发现产品原生完整覆盖 Endpoint、VRF、VNI、Gateway；未把 PicOS 单机 CLI、第三方系统或本地 UI 原型计入。AmpCon-DC（FS / Pica8）面向 PicOS 数据中心交换机；能力范围需按目标版本、License 与兼容硬件确认。"
"分析与诊断","基于拓扑、遥测、配置和事件数据进行异常识别、根因定位、影响评估及故障诊断。","路径诊断","计算并验证Underlay、Overlay、租户及服务链转发路径。","历史与业务路径","对历史与业务路径相关数据进行关联分析、问题定位和结果呈现。","服务链路径诊断","服务链路径诊断用于围绕防火墙、负载均衡、服务节点开展分析和诊断。","防火墙、负载均衡、服务节点","明确服务链路径诊断覆盖的具体对象、状态或指标，包括防火墙、负载均衡、服务节点。","Underlay/Overlay 路径计算、转发表验证、探测与历史回放；具体范围：防火墙、负载均衡、服务节点","端到端不通、绕路、黑洞、租户与服务链路径核验；关注：防火墙、负载均衡、服务节点","P0（核心）","不支持/未发现原生支持","服务链路径诊断：截至 Apstra 6.1 官方资料，未发现基础产品提供该项完整原生分析器或产品化闭环；未将 Juniper DCA/Mist、外部系统或 NOS 单点能力计入。","不支持/未发现原生支持","服务链路径诊断：截至当前 CloudVision 官方资料，未发现基础 CloudVision 原生提供该项完整能力；未把 AVA、CV UNO、CV-CUE、DMF 或 EOS CLI/ASIC 单点能力直接计入。","未发现公开证据","服务链路径诊断：已同时核对 iMaster NCE-Fabric 与 iMaster NCE-FabricInsight，当前公开资料未证明组合方案提供覆盖 防火墙、负载均衡、服务节点 的完整产品化能力；该结论表示未发现证据，并非断言绝对不支持。","不支持/未发现原生支持","服务链路径诊断：截至已核对的 FS AmpCon-DC 官方可观测性资料与 v2.2.0 发布说明，未发现产品原生完整覆盖 防火墙、负载均衡、服务节点；未把 PicOS 单机 CLI、第三方系统或本地 UI 原型计入。AmpCon-DC（FS / Pica8）面向 PicOS 数据中心交换机；能力范围需按目标版本、License 与兼容硬件确认。"
"分析与诊断","基于拓扑、遥测、配置和事件数据进行异常识别、根因定位、影响评估及故障诊断。","路由协议诊断","诊断BGP、OSPF、IS-IS、BFD和ECMP故障。","BGP诊断","对BGP诊断相关数据进行关联分析、问题定位和结果呈现。","会话故障分析","会话故障分析用于围绕状态、认证、ASN、Update Source开展分析和诊断。","状态、认证、ASN、Update Source","明确会话故障分析覆盖的具体对象、状态或指标，包括状态、认证、ASN、Update Source。","BGP/OSPF/IS-IS/BFD 状态、路由策略、收敛与 ECMP 分析；具体范围：状态、认证、ASN、Update Source","邻居中断、路由缺失、收敛慢与 ECMP 异常排查；关注：状态、认证、ASN、Update Source","P0（核心）","部分支持","会话故障分析：Blueprint 图、Anomaly/RCI、IBA、Revision 可提供部分证据，但未核验覆盖 状态、认证、ASN、Update Source 的通用专用分析器。","部分支持","会话故障分析：CloudVision 可提供部分遥测、事件或配置证据；覆盖 状态、认证、ASN、Update Source 的完整产品化分析器、字段或闭环未核验。","部分支持/依组件、版本或硬件","会话故障分析：需结合 iMaster NCE-FabricInsight 分析器评估。官方资料确认其采集应用流、网络与 Telemetry 数据，支持关键应用质量检测、一键路径诊断、故障定位、网络质量劣化及亚健康光模块/链路分析；但未核验完整覆盖 状态、认证、ASN、Update Source，且依版本、Foundation Package、Telemetry/IOAM 与硬件。","部分支持/依设备或版本","会话故障分析：公开的邻居状态、转发表、VXLAN 自动化和历史 Telemetry 可辅助该项，但未发现完整专用分析器覆盖 状态、认证、ASN、Update Source。AmpCon-DC（FS / Pica8）面向 PicOS 数据中心交换机；能力范围需按目标版本、License 与兼容硬件确认。"
"分析与诊断","基于拓扑、遥测、配置和事件数据进行异常识别、根因定位、影响评估及故障诊断。","路由协议诊断","诊断BGP、OSPF、IS-IS、BFD和ECMP故障。","BGP诊断","对BGP诊断相关数据进行关联分析、问题定位和结果呈现。","路由缺失分析","路由缺失分析用于围绕入站策略、出站策略、Best Path开展分析和诊断。","入站策略、出站策略、Best Path","明确路由缺失分析覆盖的具体对象、状态或指标，包括入站策略、出站策略、Best Path。","BGP/OSPF/IS-IS/BFD 状态、路由策略、收敛与 ECMP 分析；具体范围：入站策略、出站策略、Best Path","邻居中断、路由缺失、收敛慢与 ECMP 异常排查；关注：入站策略、出站策略、Best Path","P0（核心）","部分支持","路由缺失分析：Blueprint 图、Anomaly/RCI、IBA、Revision 可提供部分证据，但未核验覆盖 入站策略、出站策略、Best Path 的通用专用分析器。","部分支持","路由缺失分析：CloudVision 可提供部分遥测、事件或配置证据；覆盖 入站策略、出站策略、Best Path 的完整产品化分析器、字段或闭环未核验。","部分支持/依组件、版本或硬件","路由缺失分析：需结合 iMaster NCE-FabricInsight 分析器评估。官方资料确认其采集应用流、网络与 Telemetry 数据，支持关键应用质量检测、一键路径诊断、故障定位、网络质量劣化及亚健康光模块/链路分析；但未核验完整覆盖 入站策略、出站策略、Best Path，且依版本、Foundation Package、Telemetry/IOAM 与硬件。","部分支持/依设备或版本","路由缺失分析：公开的邻居状态、转发表、VXLAN 自动化和历史 Telemetry 可辅助该项，但未发现完整专用分析器覆盖 入站策略、出站策略、Best Path。AmpCon-DC（FS / Pica8）面向 PicOS 数据中心交换机；能力范围需按目标版本、License 与兼容硬件确认。"
"分析与诊断","基于拓扑、遥测、配置和事件数据进行异常识别、根因定位、影响评估及故障诊断。","路由协议诊断","诊断BGP、OSPF、IS-IS、BFD和ECMP故障。","BGP诊断","对BGP诊断相关数据进行关联分析、问题定位和结果呈现。","路由震荡分析","路由震荡分析用于围绕Flap、抑制、策略变化开展分析和诊断。","Flap、抑制、策略变化","明确路由震荡分析覆盖的具体对象、状态或指标，包括Flap、抑制、策略变化。","BGP/OSPF/IS-IS/BFD 状态、路由策略、收敛与 ECMP 分析；具体范围：Flap、抑制、策略变化","邻居中断、路由缺失、收敛慢与 ECMP 异常排查；关注：Flap、抑制、策略变化","P0（核心）","部分支持","路由震荡分析：Blueprint 图、Anomaly/RCI、IBA、Revision 可提供部分证据，但未核验覆盖 Flap、抑制、策略变化 的通用专用分析器。","部分支持","路由震荡分析：CloudVision 可提供部分遥测、事件或配置证据；覆盖 Flap、抑制、策略变化 的完整产品化分析器、字段或闭环未核验。","部分支持/依组件、版本或硬件","路由震荡分析：需结合 iMaster NCE-FabricInsight 分析器评估。官方资料确认其采集应用流、网络与 Telemetry 数据，支持关键应用质量检测、一键路径诊断、故障定位、网络质量劣化及亚健康光模块/链路分析；但未核验完整覆盖 Flap、抑制、策略变化，且依版本、Foundation Package、Telemetry/IOAM 与硬件。","不支持/未发现原生支持","路由震荡分析：截至已核对的 FS AmpCon-DC 官方可观测性资料与 v2.2.0 发布说明，未发现产品原生完整覆盖 Flap、抑制、策略变化；未把 PicOS 单机 CLI、第三方系统或本地 UI 原型计入。AmpCon-DC（FS / Pica8）面向 PicOS 数据中心交换机；能力范围需按目标版本、License 与兼容硬件确认。"
"分析与诊断","基于拓扑、遥测、配置和事件数据进行异常识别、根因定位、影响评估及故障诊断。","路由协议诊断","诊断BGP、OSPF、IS-IS、BFD和ECMP故障。","IGP与BFD诊断","对IGP与BFD诊断相关数据进行关联分析、问题定位和结果呈现。","OSPF/IS-IS邻接故障","OSPF/IS-IS邻接故障用于围绕Area/Level、MTU、认证、Timer开展分析和诊断。","Area/Level、MTU、认证、Timer","明确OSPF/IS-IS邻接故障覆盖的具体对象、状态或指标，包括Area/Level、MTU、认证、Timer。","BGP/OSPF/IS-IS/BFD 状态、路由策略、收敛与 ECMP 分析；具体范围：Area/Level、MTU、认证、Timer","邻居中断、路由缺失、收敛慢与 ECMP 异常排查；关注：Area/Level、MTU、认证、Timer","P0（核心）","部分支持","OSPF/IS-IS邻接故障：Blueprint 图、Anomaly/RCI、IBA、Revision 可提供部分证据，但未核验覆盖 Area/Level、MTU、认证、Timer 的通用专用分析器。","部分支持","OSPF/IS-IS邻接故障：CloudVision 可提供部分遥测、事件或配置证据；覆盖 Area/Level、MTU、认证、Timer 的完整产品化分析器、字段或闭环未核验。","部分支持/依组件、版本或硬件","OSPF/IS-IS邻接故障：需结合 iMaster NCE-FabricInsight 分析器评估。官方资料确认其采集应用流、网络与 Telemetry 数据，支持关键应用质量检测、一键路径诊断、故障定位、网络质量劣化及亚健康光模块/链路分析；但未核验完整覆盖 Area/Level、MTU、认证、Timer，且依版本、Foundation Package、Telemetry/IOAM 与硬件。","部分支持/依设备或版本","OSPF/IS-IS邻接故障：公开的邻居状态、转发表、VXLAN 自动化和历史 Telemetry 可辅助该项，但未发现完整专用分析器覆盖 Area/Level、MTU、认证、Timer。AmpCon-DC（FS / Pica8）面向 PicOS 数据中心交换机；能力范围需按目标版本、License 与兼容硬件确认。"
"分析与诊断","基于拓扑、遥测、配置和事件数据进行异常识别、根因定位、影响评估及故障诊断。","路由协议诊断","诊断BGP、OSPF、IS-IS、BFD和ECMP故障。","IGP与BFD诊断","对IGP与BFD诊断相关数据进行关联分析、问题定位和结果呈现。","LSDB/LSP异常","LSDB/LSP异常用于围绕不同步、缺失、重复、过期开展分析和诊断。","不同步、缺失、重复、过期","明确LSDB/LSP异常覆盖的具体对象、状态或指标，包括不同步、缺失、重复、过期。","BGP/OSPF/IS-IS/BFD 状态、路由策略、收敛与 ECMP 分析；具体范围：不同步、缺失、重复、过期","邻居中断、路由缺失、收敛慢与 ECMP 异常排查；关注：不同步、缺失、重复、过期","P0（核心）","部分支持","LSDB/LSP异常：Blueprint 图、Anomaly/RCI、IBA、Revision 可提供部分证据，但未核验覆盖 不同步、缺失、重复、过期 的通用专用分析器。","部分支持","LSDB/LSP异常：CloudVision 可提供部分遥测、事件或配置证据；覆盖 不同步、缺失、重复、过期 的完整产品化分析器、字段或闭环未核验。","部分支持/依组件、版本或硬件","LSDB/LSP异常：需结合 iMaster NCE-FabricInsight 分析器评估。官方资料确认其采集应用流、网络与 Telemetry 数据，支持关键应用质量检测、一键路径诊断、故障定位、网络质量劣化及亚健康光模块/链路分析；但未核验完整覆盖 不同步、缺失、重复、过期，且依版本、Foundation Package、Telemetry/IOAM 与硬件。","不支持/未发现原生支持","LSDB/LSP异常：截至已核对的 FS AmpCon-DC 官方可观测性资料与 v2.2.0 发布说明，未发现产品原生完整覆盖 不同步、缺失、重复、过期；未把 PicOS 单机 CLI、第三方系统或本地 UI 原型计入。AmpCon-DC（FS / Pica8）面向 PicOS 数据中心交换机；能力范围需按目标版本、License 与兼容硬件确认。"
"分析与诊断","基于拓扑、遥测、配置和事件数据进行异常识别、根因定位、影响评估及故障诊断。","路由协议诊断","诊断BGP、OSPF、IS-IS、BFD和ECMP故障。","IGP与BFD诊断","对IGP与BFD诊断相关数据进行关联分析、问题定位和结果呈现。","BFD会话Down分析","BFD会话Down分析用于围绕Timer、链路、对端、鉴别器开展分析和诊断。","Timer、链路、对端、鉴别器","明确BFD会话Down分析覆盖的具体对象、状态或指标，包括Timer、链路、对端、鉴别器。","BGP/OSPF/IS-IS/BFD 状态、路由策略、收敛与 ECMP 分析；具体范围：Timer、链路、对端、鉴别器","邻居中断、路由缺失、收敛慢与 ECMP 异常排查；关注：Timer、链路、对端、鉴别器","P0（核心）","部分支持","BFD会话Down分析：Blueprint 图、Anomaly/RCI、IBA、Revision 可提供部分证据，但未核验覆盖 Timer、链路、对端、鉴别器 的通用专用分析器。","部分支持","BFD会话Down分析：CloudVision 可提供部分遥测、事件或配置证据；覆盖 Timer、链路、对端、鉴别器 的完整产品化分析器、字段或闭环未核验。","部分支持/依组件、版本或硬件","BFD会话Down分析：需结合 iMaster NCE-FabricInsight 分析器评估。官方资料确认其采集应用流、网络与 Telemetry 数据，支持关键应用质量检测、一键路径诊断、故障定位、网络质量劣化及亚健康光模块/链路分析；但未核验完整覆盖 Timer、链路、对端、鉴别器，且依版本、Foundation Package、Telemetry/IOAM 与硬件。","不支持/未发现原生支持","BFD会话Down分析：截至已核对的 FS AmpCon-DC 官方可观测性资料与 v2.2.0 发布说明，未发现产品原生完整覆盖 Timer、链路、对端、鉴别器；未把 PicOS 单机 CLI、第三方系统或本地 UI 原型计入。AmpCon-DC（FS / Pica8）面向 PicOS 数据中心交换机；能力范围需按目标版本、License 与兼容硬件确认。"
"分析与诊断","基于拓扑、遥测、配置和事件数据进行异常识别、根因定位、影响评估及故障诊断。","路由协议诊断","诊断BGP、OSPF、IS-IS、BFD和ECMP故障。","IGP与BFD诊断","对IGP与BFD诊断相关数据进行关联分析、问题定位和结果呈现。","ECMP路径成员异常","ECMP路径成员异常用于围绕缺失成员、权重不均、下一跳失效开展分析和诊断。","缺失成员、权重不均、下一跳失效","明确ECMP路径成员异常覆盖的具体对象、状态或指标，包括缺失成员、权重不均、下一跳失效。","BGP/OSPF/IS-IS/BFD 状态、路由策略、收敛与 ECMP 分析；具体范围：缺失成员、权重不均、下一跳失效","邻居中断、路由缺失、收敛慢与 ECMP 异常排查；关注：缺失成员、权重不均、下一跳失效","P0（核心）","部分支持","ECMP路径成员异常：Blueprint 图、Anomaly/RCI、IBA、Revision 可提供部分证据，但未核验覆盖 缺失成员、权重不均、下一跳失效 的通用专用分析器。","部分支持","ECMP路径成员异常：CloudVision 可提供部分遥测、事件或配置证据；覆盖 缺失成员、权重不均、下一跳失效 的完整产品化分析器、字段或闭环未核验。","部分支持/依组件、版本或硬件","ECMP路径成员异常：需结合 iMaster NCE-FabricInsight 分析器评估。官方资料确认其采集应用流、网络与 Telemetry 数据，支持关键应用质量检测、一键路径诊断、故障定位、网络质量劣化及亚健康光模块/链路分析；但未核验完整覆盖 缺失成员、权重不均、下一跳失效，且依版本、Foundation Package、Telemetry/IOAM 与硬件。","不支持/未发现原生支持","ECMP路径成员异常：截至已核对的 FS AmpCon-DC 官方可观测性资料与 v2.2.0 发布说明，未发现产品原生完整覆盖 缺失成员、权重不均、下一跳失效；未把 PicOS 单机 CLI、第三方系统或本地 UI 原型计入。AmpCon-DC（FS / Pica8）面向 PicOS 数据中心交换机；能力范围需按目标版本、License 与兼容硬件确认。"
"分析与诊断","基于拓扑、遥测、配置和事件数据进行异常识别、根因定位、影响评估及故障诊断。","EVPN/VXLAN诊断","诊断EVPN控制平面、VXLAN数据平面及端点学习问题。","EVPN控制平面","对EVPN控制平面相关数据进行关联分析、问题定位和结果呈现。","EVPN Peer分析","EVPN Peer分析用于围绕Peer状态、Route Family、更新统计开展分析和诊断。","Peer状态、Route Family、更新统计","明确EVPN Peer分析覆盖的具体对象、状态或指标，包括Peer状态、Route Family、更新统计。","EVPN 路由、VTEP/VNI、隧道、端点学习与数据平面验证；具体范围：Peer状态、Route Family、更新统计","MAC/IP 学习异常、VNI 不通、隧道与控制平面排障；关注：Peer状态、Route Family、更新统计","P0（核心）","部分支持","EVPN Peer分析：Blueprint 图、Anomaly/RCI、IBA、Revision 可提供部分证据，但未核验覆盖 Peer状态、Route Family、更新统计 的通用专用分析器。","部分支持","EVPN Peer分析：CloudVision 可提供部分遥测、事件或配置证据；覆盖 Peer状态、Route Family、更新统计 的完整产品化分析器、字段或闭环未核验。","部分支持/依组件、版本或硬件","EVPN Peer分析：需结合 iMaster NCE-FabricInsight 分析器评估。官方资料确认其采集应用流、网络与 Telemetry 数据，支持关键应用质量检测、一键路径诊断、故障定位、网络质量劣化及亚健康光模块/链路分析；但未核验完整覆盖 Peer状态、Route Family、更新统计，且依版本、Foundation Package、Telemetry/IOAM 与硬件。","部分支持/依设备或版本","EVPN Peer分析：公开的邻居状态、转发表、VXLAN 自动化和历史 Telemetry 可辅助该项，但未发现完整专用分析器覆盖 Peer状态、Route Family、更新统计。AmpCon-DC（FS / Pica8）面向 PicOS 数据中心交换机；能力范围需按目标版本、License 与兼容硬件确认。"
"分析与诊断","基于拓扑、遥测、配置和事件数据进行异常识别、根因定位、影响评估及故障诊断。","EVPN/VXLAN诊断","诊断EVPN控制平面、VXLAN数据平面及端点学习问题。","EVPN控制平面","对EVPN控制平面相关数据进行关联分析、问题定位和结果呈现。","Type-2路由分析","Type-2路由分析用于围绕MAC/IP、RT、Next Hop、VNI开展分析和诊断。","MAC/IP、RT、Next Hop、VNI","明确Type-2路由分析覆盖的具体对象、状态或指标，包括MAC/IP、RT、Next Hop、VNI。","EVPN 路由、VTEP/VNI、隧道、端点学习与数据平面验证；具体范围：MAC/IP、RT、Next Hop、VNI","MAC/IP 学习异常、VNI 不通、隧道与控制平面排障；关注：MAC/IP、RT、Next Hop、VNI","P0（核心）","部分支持","Type-2路由分析：Blueprint 图、Anomaly/RCI、IBA、Revision 可提供部分证据，但未核验覆盖 MAC/IP、RT、Next Hop、VNI 的通用专用分析器。","部分支持","Type-2路由分析：CloudVision 可提供部分遥测、事件或配置证据；覆盖 MAC/IP、RT、Next Hop、VNI 的完整产品化分析器、字段或闭环未核验。","部分支持/依组件、版本或硬件","Type-2路由分析：需结合 iMaster NCE-FabricInsight 分析器评估。官方资料确认其采集应用流、网络与 Telemetry 数据，支持关键应用质量检测、一键路径诊断、故障定位、网络质量劣化及亚健康光模块/链路分析；但未核验完整覆盖 MAC/IP、RT、Next Hop、VNI，且依版本、Foundation Package、Telemetry/IOAM 与硬件。","部分支持/依设备或版本","Type-2路由分析：公开的邻居状态、转发表、VXLAN 自动化和历史 Telemetry 可辅助该项，但未发现完整专用分析器覆盖 MAC/IP、RT、Next Hop、VNI。AmpCon-DC（FS / Pica8）面向 PicOS 数据中心交换机；能力范围需按目标版本、License 与兼容硬件确认。"
"分析与诊断","基于拓扑、遥测、配置和事件数据进行异常识别、根因定位、影响评估及故障诊断。","EVPN/VXLAN诊断","诊断EVPN控制平面、VXLAN数据平面及端点学习问题。","EVPN控制平面","对EVPN控制平面相关数据进行关联分析、问题定位和结果呈现。","Type-5路由分析","Type-5路由分析用于围绕Prefix、VRF、RT、Next Hop开展分析和诊断。","Prefix、VRF、RT、Next Hop","明确Type-5路由分析覆盖的具体对象、状态或指标，包括Prefix、VRF、RT、Next Hop。","EVPN 路由、VTEP/VNI、隧道、端点学习与数据平面验证；具体范围：Prefix、VRF、RT、Next Hop","MAC/IP 学习异常、VNI 不通、隧道与控制平面排障；关注：Prefix、VRF、RT、Next Hop","P0（核心）","部分支持","Type-5路由分析：Blueprint 图、Anomaly/RCI、IBA、Revision 可提供部分证据，但未核验覆盖 Prefix、VRF、RT、Next Hop 的通用专用分析器。","部分支持","Type-5路由分析：CloudVision 可提供部分遥测、事件或配置证据；覆盖 Prefix、VRF、RT、Next Hop 的完整产品化分析器、字段或闭环未核验。","部分支持/依组件、版本或硬件","Type-5路由分析：需结合 iMaster NCE-FabricInsight 分析器评估。官方资料确认其采集应用流、网络与 Telemetry 数据，支持关键应用质量检测、一键路径诊断、故障定位、网络质量劣化及亚健康光模块/链路分析；但未核验完整覆盖 Prefix、VRF、RT、Next Hop，且依版本、Foundation Package、Telemetry/IOAM 与硬件。","部分支持/依设备或版本","Type-5路由分析：公开的邻居状态、转发表、VXLAN 自动化和历史 Telemetry 可辅助该项，但未发现完整专用分析器覆盖 Prefix、VRF、RT、Next Hop。AmpCon-DC（FS / Pica8）面向 PicOS 数据中心交换机；能力范围需按目标版本、License 与兼容硬件确认。"
"分析与诊断","基于拓扑、遥测、配置和事件数据进行异常识别、根因定位、影响评估及故障诊断。","EVPN/VXLAN诊断","诊断EVPN控制平面、VXLAN数据平面及端点学习问题。","VXLAN数据平面","对VXLAN数据平面相关数据进行关联分析、问题定位和结果呈现。","隧道连通性分析","隧道连通性分析用于围绕VTEP Reachability、MTU、UDP 4789开展分析和诊断。","VTEP Reachability、MTU、UDP 4789","明确隧道连通性分析覆盖的具体对象、状态或指标，包括VTEP Reachability、MTU、UDP 4789。","EVPN 路由、VTEP/VNI、隧道、端点学习与数据平面验证；具体范围：VTEP Reachability、MTU、UDP 4789","MAC/IP 学习异常、VNI 不通、隧道与控制平面排障；关注：VTEP Reachability、MTU、UDP 4789","P0（核心）","部分支持","隧道连通性分析：Blueprint 图、Anomaly/RCI、IBA、Revision 可提供部分证据，但未核验覆盖 VTEP Reachability、MTU、UDP 4789 的通用专用分析器。","部分支持","隧道连通性分析：CloudVision 可提供部分遥测、事件或配置证据；覆盖 VTEP Reachability、MTU、UDP 4789 的完整产品化分析器、字段或闭环未核验。","部分支持/依组件、版本或硬件","隧道连通性分析：需结合 iMaster NCE-FabricInsight 分析器评估。官方资料确认其采集应用流、网络与 Telemetry 数据，支持关键应用质量检测、一键路径诊断、故障定位、网络质量劣化及亚健康光模块/链路分析；但未核验完整覆盖 VTEP Reachability、MTU、UDP 4789，且依版本、Foundation Package、Telemetry/IOAM 与硬件。","部分支持/依设备或版本","隧道连通性分析：公开的邻居状态、转发表、VXLAN 自动化和历史 Telemetry 可辅助该项，但未发现完整专用分析器覆盖 VTEP Reachability、MTU、UDP 4789。AmpCon-DC（FS / Pica8）面向 PicOS 数据中心交换机；能力范围需按目标版本、License 与兼容硬件确认。"
"分析与诊断","基于拓扑、遥测、配置和事件数据进行异常识别、根因定位、影响评估及故障诊断。","EVPN/VXLAN诊断","诊断EVPN控制平面、VXLAN数据平面及端点学习问题。","VXLAN数据平面","对VXLAN数据平面相关数据进行关联分析、问题定位和结果呈现。","MAC/IP学习异常","MAC/IP学习异常用于围绕重复、漂移、老化、位置错误开展分析和诊断。","重复、漂移、老化、位置错误","明确MAC/IP学习异常覆盖的具体对象、状态或指标，包括重复、漂移、老化、位置错误。","EVPN 路由、VTEP/VNI、隧道、端点学习与数据平面验证；具体范围：重复、漂移、老化、位置错误","MAC/IP 学习异常、VNI 不通、隧道与控制平面排障；关注：重复、漂移、老化、位置错误","P0（核心）","部分支持","MAC/IP学习异常：Blueprint 图、Anomaly/RCI、IBA、Revision 可提供部分证据，但未核验覆盖 重复、漂移、老化、位置错误 的通用专用分析器。","部分支持","MAC/IP学习异常：CloudVision 可提供部分遥测、事件或配置证据；覆盖 重复、漂移、老化、位置错误 的完整产品化分析器、字段或闭环未核验。","部分支持/依组件、版本或硬件","MAC/IP学习异常：需结合 iMaster NCE-FabricInsight 分析器评估。官方资料确认其采集应用流、网络与 Telemetry 数据，支持关键应用质量检测、一键路径诊断、故障定位、网络质量劣化及亚健康光模块/链路分析；但未核验完整覆盖 重复、漂移、老化、位置错误，且依版本、Foundation Package、Telemetry/IOAM 与硬件。","部分支持/依设备或版本","MAC/IP学习异常：公开的邻居状态、转发表、VXLAN 自动化和历史 Telemetry 可辅助该项，但未发现完整专用分析器覆盖 重复、漂移、老化、位置错误。AmpCon-DC（FS / Pica8）面向 PicOS 数据中心交换机；能力范围需按目标版本、License 与兼容硬件确认。"
"分析与诊断","基于拓扑、遥测、配置和事件数据进行异常识别、根因定位、影响评估及故障诊断。","EVPN/VXLAN诊断","诊断EVPN控制平面、VXLAN数据平面及端点学习问题。","VXLAN数据平面","对VXLAN数据平面相关数据进行关联分析、问题定位和结果呈现。","Anycast Gateway一致性","Anycast Gateway一致性用于围绕IP、MAC、VLAN、VRF配置差异开展分析和诊断。","IP、MAC、VLAN、VRF配置差异","明确Anycast Gateway一致性覆盖的具体对象、状态或指标，包括IP、MAC、VLAN、VRF配置差异。","EVPN 路由、VTEP/VNI、隧道、端点学习与数据平面验证；具体范围：IP、MAC、VLAN、VRF配置差异","MAC/IP 学习异常、VNI 不通、隧道与控制平面排障；关注：IP、MAC、VLAN、VRF配置差异","P0（核心）","部分支持","Anycast Gateway一致性：Blueprint 图、Anomaly/RCI、IBA、Revision 可提供部分证据，但未核验覆盖 IP、MAC、VLAN、VRF配置差异 的通用专用分析器。","部分支持","Anycast Gateway一致性：CloudVision 可提供部分遥测、事件或配置证据；覆盖 IP、MAC、VLAN、VRF配置差异 的完整产品化分析器、字段或闭环未核验。","部分支持/依组件、版本或硬件","Anycast Gateway一致性：需结合 iMaster NCE-FabricInsight 分析器评估。官方资料确认其采集应用流、网络与 Telemetry 数据，支持关键应用质量检测、一键路径诊断、故障定位、网络质量劣化及亚健康光模块/链路分析；但未核验完整覆盖 IP、MAC、VLAN、VRF配置差异，且依版本、Foundation Package、Telemetry/IOAM 与硬件。","部分支持/依设备或版本","Anycast Gateway一致性：公开的邻居状态、转发表、VXLAN 自动化和历史 Telemetry 可辅助该项，但未发现完整专用分析器覆盖 IP、MAC、VLAN、VRF配置差异。AmpCon-DC（FS / Pica8）面向 PicOS 数据中心交换机；能力范围需按目标版本、License 与兼容硬件确认。"
"分析与诊断","基于拓扑、遥测、配置和事件数据进行异常识别、根因定位、影响评估及故障诊断。","EVPN/VXLAN诊断","诊断EVPN控制平面、VXLAN数据平面及端点学习问题。","VXLAN数据平面","对VXLAN数据平面相关数据进行关联分析、问题定位和结果呈现。","广播风暴分析","广播风暴分析用于围绕Flood List、复制模式、Storm Control开展分析和诊断。","Flood List、复制模式、Storm Control","明确广播风暴分析覆盖的具体对象、状态或指标，包括Flood List、复制模式、Storm Control。","EVPN 路由、VTEP/VNI、隧道、端点学习与数据平面验证；具体范围：Flood List、复制模式、Storm Control","MAC/IP 学习异常、VNI 不通、隧道与控制平面排障；关注：Flood List、复制模式、Storm Control","P0（核心）","部分支持","广播风暴分析：Blueprint 图、Anomaly/RCI、IBA、Revision 可提供部分证据，但未核验覆盖 Flood List、复制模式、Storm Control 的通用专用分析器。","部分支持","广播风暴分析：CloudVision 可提供部分遥测、事件或配置证据；覆盖 Flood List、复制模式、Storm Control 的完整产品化分析器、字段或闭环未核验。","部分支持/依组件、版本或硬件","广播风暴分析：需结合 iMaster NCE-FabricInsight 分析器评估。官方资料确认其采集应用流、网络与 Telemetry 数据，支持关键应用质量检测、一键路径诊断、故障定位、网络质量劣化及亚健康光模块/链路分析；但未核验完整覆盖 Flood List、复制模式、Storm Control，且依版本、Foundation Package、Telemetry/IOAM 与硬件。","不支持/未发现原生支持","广播风暴分析：截至已核对的 FS AmpCon-DC 官方可观测性资料与 v2.2.0 发布说明，未发现产品原生完整覆盖 Flood List、复制模式、Storm Control；未把 PicOS 单机 CLI、第三方系统或本地 UI 原型计入。AmpCon-DC（FS / Pica8）面向 PicOS 数据中心交换机；能力范围需按目标版本、License 与兼容硬件确认。"
"分析与诊断","基于拓扑、遥测、配置和事件数据进行异常识别、根因定位、影响评估及故障诊断。","EVPN/VXLAN诊断","诊断EVPN控制平面、VXLAN数据平面及端点学习问题。","VXLAN数据平面","对VXLAN数据平面相关数据进行关联分析、问题定位和结果呈现。","EVPN Multihoming分析","EVPN Multihoming分析用于围绕ESI、DF选举、Split Horizon开展分析和诊断。","ESI、DF选举、Split Horizon","明确EVPN Multihoming分析覆盖的具体对象、状态或指标，包括ESI、DF选举、Split Horizon。","EVPN 路由、VTEP/VNI、隧道、端点学习与数据平面验证；具体范围：ESI、DF选举、Split Horizon","MAC/IP 学习异常、VNI 不通、隧道与控制平面排障；关注：ESI、DF选举、Split Horizon","P0（核心）","部分支持","EVPN Multihoming分析：Blueprint 图、Anomaly/RCI、IBA、Revision 可提供部分证据，但未核验覆盖 ESI、DF选举、Split Horizon 的通用专用分析器。","部分支持","EVPN Multihoming分析：CloudVision 可提供部分遥测、事件或配置证据；覆盖 ESI、DF选举、Split Horizon 的完整产品化分析器、字段或闭环未核验。","部分支持/依组件、版本或硬件","EVPN Multihoming分析：需结合 iMaster NCE-FabricInsight 分析器评估。官方资料确认其采集应用流、网络与 Telemetry 数据，支持关键应用质量检测、一键路径诊断、故障定位、网络质量劣化及亚健康光模块/链路分析；但未核验完整覆盖 ESI、DF选举、Split Horizon，且依版本、Foundation Package、Telemetry/IOAM 与硬件。","不支持/未发现原生支持","EVPN Multihoming分析：截至已核对的 FS AmpCon-DC 官方可观测性资料与 v2.2.0 发布说明，未发现产品原生完整覆盖 ESI、DF选举、Split Horizon；未把 PicOS 单机 CLI、第三方系统或本地 UI 原型计入。AmpCon-DC（FS / Pica8）面向 PicOS 数据中心交换机；能力范围需按目标版本、License 与兼容硬件确认。"
"分析与诊断","基于拓扑、遥测、配置和事件数据进行异常识别、根因定位、影响评估及故障诊断。","流量分析","分析流量构成、流行为和性能瓶颈。","流量构成","对流量构成相关数据进行关联分析、问题定位和结果呈现。","Top Talker分析","Top Talker分析用于围绕源、目的、应用、租户、VRF开展分析和诊断。","源、目的、应用、租户、VRF","明确Top Talker分析覆盖的具体对象、状态或指标，包括源、目的、应用、租户、VRF。","流量分类、会话与应用识别、Top-N、时序和瓶颈分析；具体范围：源、目的、应用、租户、VRF","带宽瓶颈、异常通信、应用性能与流量结构分析；关注：源、目的、应用、租户、VRF","P1（重要）","部分支持","Top Talker分析：可借助 NOS 计数器、Streaming Telemetry、定制 IBA Probe、Configlet 或外部 Flow/GPU 系统覆盖部分指标，不等同 Apstra 原生完整分析器。","部分支持","Top Talker分析：CloudVision Flow Visibility 可覆盖部分场景，但依赖 EOS Flow Collector、流记录和平台配置，不能等同通用原生流量分析器。","部分支持/依组件、版本或硬件","Top Talker分析：需结合 iMaster NCE-FabricInsight 分析器评估。官方资料确认其采集应用流、网络与 Telemetry 数据，支持关键应用质量检测、一键路径诊断、故障定位、网络质量劣化及亚健康光模块/链路分析；但未核验完整覆盖 源、目的、应用、租户、VRF，且依版本、Foundation Package、Telemetry/IOAM 与硬件。","不支持/未发现原生支持","Top Talker分析：截至已核对的 FS AmpCon-DC 官方可观测性资料与 v2.2.0 发布说明，未发现产品原生完整覆盖 源、目的、应用、租户、VRF；未把 PicOS 单机 CLI、第三方系统或本地 UI 原型计入。AmpCon-DC（FS / Pica8）面向 PicOS 数据中心交换机；能力范围需按目标版本、License 与兼容硬件确认。"
"分析与诊断","基于拓扑、遥测、配置和事件数据进行异常识别、根因定位、影响评估及故障诊断。","流量分析","分析流量构成、流行为和性能瓶颈。","流量构成","对流量构成相关数据进行关联分析、问题定位和结果呈现。","东西向流量分析","东西向流量分析用于围绕Rack、Pod、Fabric、租户开展分析和诊断。","Rack、Pod、Fabric、租户","明确东西向流量分析覆盖的具体对象、状态或指标，包括Rack、Pod、Fabric、租户。","流量分类、会话与应用识别、Top-N、时序和瓶颈分析；具体范围：Rack、Pod、Fabric、租户","带宽瓶颈、异常通信、应用性能与流量结构分析；关注：Rack、Pod、Fabric、租户","P1（重要）","部分支持","东西向流量分析：可借助 NOS 计数器、Streaming Telemetry、定制 IBA Probe、Configlet 或外部 Flow/GPU 系统覆盖部分指标，不等同 Apstra 原生完整分析器。","部分支持","东西向流量分析：CloudVision Flow Visibility 可覆盖部分场景，但依赖 EOS Flow Collector、流记录和平台配置，不能等同通用原生流量分析器。","部分支持/依组件、版本或硬件","东西向流量分析：需结合 iMaster NCE-FabricInsight 分析器评估。官方资料确认其采集应用流、网络与 Telemetry 数据，支持关键应用质量检测、一键路径诊断、故障定位、网络质量劣化及亚健康光模块/链路分析；但未核验完整覆盖 Rack、Pod、Fabric、租户，且依版本、Foundation Package、Telemetry/IOAM 与硬件。","不支持/未发现原生支持","东西向流量分析：截至已核对的 FS AmpCon-DC 官方可观测性资料与 v2.2.0 发布说明，未发现产品原生完整覆盖 Rack、Pod、Fabric、租户；未把 PicOS 单机 CLI、第三方系统或本地 UI 原型计入。AmpCon-DC（FS / Pica8）面向 PicOS 数据中心交换机；能力范围需按目标版本、License 与兼容硬件确认。"
"分析与诊断","基于拓扑、遥测、配置和事件数据进行异常识别、根因定位、影响评估及故障诊断。","流量分析","分析流量构成、流行为和性能瓶颈。","流量构成","对流量构成相关数据进行关联分析、问题定位和结果呈现。","南北向流量分析","南北向流量分析用于围绕Internet、WAN、DCI、服务节点开展分析和诊断。","Internet、WAN、DCI、服务节点","明确南北向流量分析覆盖的具体对象、状态或指标，包括Internet、WAN、DCI、服务节点。","流量分类、会话与应用识别、Top-N、时序和瓶颈分析；具体范围：Internet、WAN、DCI、服务节点","带宽瓶颈、异常通信、应用性能与流量结构分析；关注：Internet、WAN、DCI、服务节点","P1（重要）","部分支持","南北向流量分析：可借助 NOS 计数器、Streaming Telemetry、定制 IBA Probe、Configlet 或外部 Flow/GPU 系统覆盖部分指标，不等同 Apstra 原生完整分析器。","部分支持","南北向流量分析：CloudVision Flow Visibility 可覆盖部分场景，但依赖 EOS Flow Collector、流记录和平台配置，不能等同通用原生流量分析器。","部分支持/依组件、版本或硬件","南北向流量分析：需结合 iMaster NCE-FabricInsight 分析器评估。官方资料确认其采集应用流、网络与 Telemetry 数据，支持关键应用质量检测、一键路径诊断、故障定位、网络质量劣化及亚健康光模块/链路分析；但未核验完整覆盖 Internet、WAN、DCI、服务节点，且依版本、Foundation Package、Telemetry/IOAM 与硬件。","不支持/未发现原生支持","南北向流量分析：截至已核对的 FS AmpCon-DC 官方可观测性资料与 v2.2.0 发布说明，未发现产品原生完整覆盖 Internet、WAN、DCI、服务节点；未把 PicOS 单机 CLI、第三方系统或本地 UI 原型计入。AmpCon-DC（FS / Pica8）面向 PicOS 数据中心交换机；能力范围需按目标版本、License 与兼容硬件确认。"
"分析与诊断","基于拓扑、遥测、配置和事件数据进行异常识别、根因定位、影响评估及故障诊断。","流量分析","分析流量构成、流行为和性能瓶颈。","流行为与性能","对流行为与性能相关数据进行关联分析、问题定位和结果呈现。","大象流识别","大象流识别用于围绕流持续时间、吞吐、路径开展分析和诊断。","流持续时间、吞吐、路径","明确大象流识别覆盖的具体对象、状态或指标，包括流持续时间、吞吐、路径。","流量分类、会话与应用识别、Top-N、时序和瓶颈分析；具体范围：流持续时间、吞吐、路径","带宽瓶颈、异常通信、应用性能与流量结构分析；关注：流持续时间、吞吐、路径","P1（重要）","部分支持","大象流识别：可借助 NOS 计数器、Streaming Telemetry、定制 IBA Probe、Configlet 或外部 Flow/GPU 系统覆盖部分指标，不等同 Apstra 原生完整分析器。","部分支持","大象流识别：CloudVision Flow Visibility 可覆盖部分场景，但依赖 EOS Flow Collector、流记录和平台配置，不能等同通用原生流量分析器。","部分支持/依组件、版本或硬件","大象流识别：需结合 iMaster NCE-FabricInsight 分析器评估。官方资料确认其采集应用流、网络与 Telemetry 数据，支持关键应用质量检测、一键路径诊断、故障定位、网络质量劣化及亚健康光模块/链路分析；但未核验完整覆盖 流持续时间、吞吐、路径，且依版本、Foundation Package、Telemetry/IOAM 与硬件。","不支持/未发现原生支持","大象流识别：截至已核对的 FS AmpCon-DC 官方可观测性资料与 v2.2.0 发布说明，未发现产品原生完整覆盖 流持续时间、吞吐、路径；未把 PicOS 单机 CLI、第三方系统或本地 UI 原型计入。AmpCon-DC（FS / Pica8）面向 PicOS 数据中心交换机；能力范围需按目标版本、License 与兼容硬件确认。"
"分析与诊断","基于拓扑、遥测、配置和事件数据进行异常识别、根因定位、影响评估及故障诊断。","流量分析","分析流量构成、流行为和性能瓶颈。","流行为与性能","对流行为与性能相关数据进行关联分析、问题定位和结果呈现。","流量突增检测","流量突增检测用于围绕Burst、峰值、基线偏离开展分析和诊断。","Burst、峰值、基线偏离","明确流量突增检测覆盖的具体对象、状态或指标，包括Burst、峰值、基线偏离。","流量分类、会话与应用识别、Top-N、时序和瓶颈分析；具体范围：Burst、峰值、基线偏离","带宽瓶颈、异常通信、应用性能与流量结构分析；关注：Burst、峰值、基线偏离","P1（重要）","部分支持","流量突增检测：可借助 NOS 计数器、Streaming Telemetry、定制 IBA Probe、Configlet 或外部 Flow/GPU 系统覆盖部分指标，不等同 Apstra 原生完整分析器。","部分支持","流量突增检测：CloudVision Flow Visibility 可覆盖部分场景，但依赖 EOS Flow Collector、流记录和平台配置，不能等同通用原生流量分析器。","部分支持/依组件、版本或硬件","流量突增检测：需结合 iMaster NCE-FabricInsight 分析器评估。官方资料确认其采集应用流、网络与 Telemetry 数据，支持关键应用质量检测、一键路径诊断、故障定位、网络质量劣化及亚健康光模块/链路分析；但未核验完整覆盖 Burst、峰值、基线偏离，且依版本、Foundation Package、Telemetry/IOAM 与硬件。","部分支持/依设备或版本","流量突增检测：实时 Telemetry 异常检测、分级告警、拓扑告警、邮件规则/抑制期及历史数据可提供部分证据；未核验完整分析或闭环覆盖 Burst、峰值、基线偏离。AmpCon-DC（FS / Pica8）面向 PicOS 数据中心交换机；能力范围需按目标版本、License 与兼容硬件确认。"
"分析与诊断","基于拓扑、遥测、配置和事件数据进行异常识别、根因定位、影响评估及故障诊断。","流量分析","分析流量构成、流行为和性能瓶颈。","流行为与性能","对流行为与性能相关数据进行关联分析、问题定位和结果呈现。","带宽瓶颈分析","带宽瓶颈分析用于围绕接口、链路组、ECMP、上联开展分析和诊断。","接口、链路组、ECMP、上联","明确带宽瓶颈分析覆盖的具体对象、状态或指标，包括接口、链路组、ECMP、上联。","流量分类、会话与应用识别、Top-N、时序和瓶颈分析；具体范围：接口、链路组、ECMP、上联","带宽瓶颈、异常通信、应用性能与流量结构分析；关注：接口、链路组、ECMP、上联","P1（重要）","部分支持","带宽瓶颈分析：可借助 NOS 计数器、Streaming Telemetry、定制 IBA Probe、Configlet 或外部 Flow/GPU 系统覆盖部分指标，不等同 Apstra 原生完整分析器。","部分支持","带宽瓶颈分析：CloudVision Flow Visibility 可覆盖部分场景，但依赖 EOS Flow Collector、流记录和平台配置，不能等同通用原生流量分析器。","部分支持/依组件、版本或硬件","带宽瓶颈分析：需结合 iMaster NCE-FabricInsight 分析器评估。官方资料确认其采集应用流、网络与 Telemetry 数据，支持关键应用质量检测、一键路径诊断、故障定位、网络质量劣化及亚健康光模块/链路分析；但未核验完整覆盖 接口、链路组、ECMP、上联，且依版本、Foundation Package、Telemetry/IOAM 与硬件。","部分支持/依设备或版本","带宽瓶颈分析：实时 Telemetry 异常检测、分级告警、拓扑告警、邮件规则/抑制期及历史数据可提供部分证据；未核验完整分析或闭环覆盖 接口、链路组、ECMP、上联。AmpCon-DC（FS / Pica8）面向 PicOS 数据中心交换机；能力范围需按目标版本、License 与兼容硬件确认。"
"分析与诊断","基于拓扑、遥测、配置和事件数据进行异常识别、根因定位、影响评估及故障诊断。","流量分析","分析流量构成、流行为和性能瓶颈。","流行为与性能","对流行为与性能相关数据进行关联分析、问题定位和结果呈现。","时延瓶颈分析","时延瓶颈分析用于围绕逐跳时延、排队时延、RTT开展分析和诊断。","逐跳时延、排队时延、RTT","明确时延瓶颈分析覆盖的具体对象、状态或指标，包括逐跳时延、排队时延、RTT。","流量分类、会话与应用识别、Top-N、时序和瓶颈分析；具体范围：逐跳时延、排队时延、RTT","带宽瓶颈、异常通信、应用性能与流量结构分析；关注：逐跳时延、排队时延、RTT","P1（重要）","部分支持","时延瓶颈分析：可借助 NOS 计数器、Streaming Telemetry、定制 IBA Probe、Configlet 或外部 Flow/GPU 系统覆盖部分指标，不等同 Apstra 原生完整分析器。","部分支持","时延瓶颈分析：CloudVision Flow Visibility 可覆盖部分场景，但依赖 EOS Flow Collector、流记录和平台配置，不能等同通用原生流量分析器。","部分支持/依组件、版本或硬件","时延瓶颈分析：需结合 iMaster NCE-FabricInsight 分析器评估。官方资料确认其采集应用流、网络与 Telemetry 数据，支持关键应用质量检测、一键路径诊断、故障定位、网络质量劣化及亚健康光模块/链路分析；但未核验完整覆盖 逐跳时延、排队时延、RTT，且依版本、Foundation Package、Telemetry/IOAM 与硬件。","不支持/未发现原生支持","时延瓶颈分析：截至已核对的 FS AmpCon-DC 官方可观测性资料与 v2.2.0 发布说明，未发现产品原生完整覆盖 逐跳时延、排队时延、RTT；未把 PicOS 单机 CLI、第三方系统或本地 UI 原型计入。AmpCon-DC（FS / Pica8）面向 PicOS 数据中心交换机；能力范围需按目标版本、License 与兼容硬件确认。"
"分析与诊断","基于拓扑、遥测、配置和事件数据进行异常识别、根因定位、影响评估及故障诊断。","流量分析","分析流量构成、流行为和性能瓶颈。","流行为与性能","对流行为与性能相关数据进行关联分析、问题定位和结果呈现。","丢包定位","丢包定位用于围绕入口、出口、队列、策略、Buffer开展分析和诊断。","入口、出口、队列、策略、Buffer","明确丢包定位覆盖的具体对象、状态或指标，包括入口、出口、队列、策略、Buffer。","流量分类、会话与应用识别、Top-N、时序和瓶颈分析；具体范围：入口、出口、队列、策略、Buffer","带宽瓶颈、异常通信、应用性能与流量结构分析；关注：入口、出口、队列、策略、Buffer","P1（重要）","部分支持","丢包定位：可借助 NOS 计数器、Streaming Telemetry、定制 IBA Probe、Configlet 或外部 Flow/GPU 系统覆盖部分指标，不等同 Apstra 原生完整分析器。","部分支持","丢包定位：CloudVision Flow Visibility 可覆盖部分场景，但依赖 EOS Flow Collector、流记录和平台配置，不能等同通用原生流量分析器。","部分支持/依组件、版本或硬件","丢包定位：需结合 iMaster NCE-FabricInsight 分析器评估。官方资料确认其采集应用流、网络与 Telemetry 数据，支持关键应用质量检测、一键路径诊断、故障定位、网络质量劣化及亚健康光模块/链路分析；但未核验完整覆盖 入口、出口、队列、策略、Buffer，且依版本、Foundation Package、Telemetry/IOAM 与硬件。","部分支持/依设备或版本","丢包定位：实时 Telemetry 异常检测、分级告警、拓扑告警、邮件规则/抑制期及历史数据可提供部分证据；未核验完整分析或闭环覆盖 入口、出口、队列、策略、Buffer。AmpCon-DC（FS / Pica8）面向 PicOS 数据中心交换机；能力范围需按目标版本、License 与兼容硬件确认。"
"分析与诊断","基于拓扑、遥测、配置和事件数据进行异常识别、根因定位、影响评估及故障诊断。","拥塞诊断","定位微突发、队列拥塞及Buffer耗尽问题。","微突发与队列","对微突发与队列相关数据进行关联分析、问题定位和结果呈现。","微突发检测","微突发检测用于围绕队列深度、持续时间、峰值开展分析和诊断。","队列深度、持续时间、峰值","明确微突发检测覆盖的具体对象、状态或指标，包括队列深度、持续时间、峰值。","微突发、队列水位、Buffer、丢包、PFC/ECN 关联分析；具体范围：队列深度、持续时间、峰值","微突发、队列拥塞、Buffer 耗尽及无损网络丢包定位；关注：队列深度、持续时间、峰值","P0（核心）","部分支持","微突发检测：可借助 NOS 计数器、Streaming Telemetry、定制 IBA Probe、Configlet 或外部 Flow/GPU 系统覆盖部分指标，不等同 Apstra 原生完整分析器。","部分支持","微突发检测：数据可来自 EOS/特定 ASIC、LANZ、队列或 PFC/ECN 计数器；CloudVision 展示和分析范围依硬件、EOS 版本与订阅，故仅部分支持。","部分支持/依组件、版本或硬件","微突发检测：需结合 iMaster NCE-FabricInsight 分析器评估。官方资料确认其采集应用流、网络与 Telemetry 数据，支持关键应用质量检测、一键路径诊断、故障定位、网络质量劣化及亚健康光模块/链路分析；但未核验完整覆盖 队列深度、持续时间、峰值，且依版本、Foundation Package、Telemetry/IOAM 与硬件。","不支持/未发现原生支持","微突发检测：截至已核对的 FS AmpCon-DC 官方可观测性资料与 v2.2.0 发布说明，未发现产品原生完整覆盖 队列深度、持续时间、峰值；未把 PicOS 单机 CLI、第三方系统或本地 UI 原型计入。AmpCon-DC（FS / Pica8）面向 PicOS 数据中心交换机；能力范围需按目标版本、License 与兼容硬件确认。"
"分析与诊断","基于拓扑、遥测、配置和事件数据进行异常识别、根因定位、影响评估及故障诊断。","拥塞诊断","定位微突发、队列拥塞及Buffer耗尽问题。","微突发与队列","对微突发与队列相关数据进行关联分析、问题定位和结果呈现。","队列拥塞定位","队列拥塞定位用于围绕端口、队列、优先级、流开展分析和诊断。","端口、队列、优先级、流","明确队列拥塞定位覆盖的具体对象、状态或指标，包括端口、队列、优先级、流。","微突发、队列水位、Buffer、丢包、PFC/ECN 关联分析；具体范围：端口、队列、优先级、流","微突发、队列拥塞、Buffer 耗尽及无损网络丢包定位；关注：端口、队列、优先级、流","P0（核心）","部分支持","队列拥塞定位：可借助 NOS 计数器、Streaming Telemetry、定制 IBA Probe、Configlet 或外部 Flow/GPU 系统覆盖部分指标，不等同 Apstra 原生完整分析器。","部分支持","队列拥塞定位：数据可来自 EOS/特定 ASIC、LANZ、队列或 PFC/ECN 计数器；CloudVision 展示和分析范围依硬件、EOS 版本与订阅，故仅部分支持。","部分支持/依组件、版本或硬件","队列拥塞定位：需结合 iMaster NCE-FabricInsight 分析器评估。官方资料确认其采集应用流、网络与 Telemetry 数据，支持关键应用质量检测、一键路径诊断、故障定位、网络质量劣化及亚健康光模块/链路分析；但未核验完整覆盖 端口、队列、优先级、流，且依版本、Foundation Package、Telemetry/IOAM 与硬件。","不支持/未发现原生支持","队列拥塞定位：截至已核对的 FS AmpCon-DC 官方可观测性资料与 v2.2.0 发布说明，未发现产品原生完整覆盖 端口、队列、优先级、流；未把 PicOS 单机 CLI、第三方系统或本地 UI 原型计入。AmpCon-DC（FS / Pica8）面向 PicOS 数据中心交换机；能力范围需按目标版本、License 与兼容硬件确认。"
"分析与诊断","基于拓扑、遥测、配置和事件数据进行异常识别、根因定位、影响评估及故障诊断。","拥塞诊断","定位微突发、队列拥塞及Buffer耗尽问题。","Buffer分析","对Buffer分析相关数据进行关联分析、问题定位和结果呈现。","Buffer使用分析","Buffer使用分析用于围绕Shared、Dedicated、Headroom开展分析和诊断。","Shared、Dedicated、Headroom","明确Buffer使用分析覆盖的具体对象、状态或指标，包括Shared、Dedicated、Headroom。","微突发、队列水位、Buffer、丢包、PFC/ECN 关联分析；具体范围：Shared、Dedicated、Headroom","微突发、队列拥塞、Buffer 耗尽及无损网络丢包定位；关注：Shared、Dedicated、Headroom","P0（核心）","部分支持","Buffer使用分析：可借助 NOS 计数器、Streaming Telemetry、定制 IBA Probe、Configlet 或外部 Flow/GPU 系统覆盖部分指标，不等同 Apstra 原生完整分析器。","部分支持","Buffer使用分析：数据可来自 EOS/特定 ASIC、LANZ、队列或 PFC/ECN 计数器；CloudVision 展示和分析范围依硬件、EOS 版本与订阅，故仅部分支持。","部分支持/依组件、版本或硬件","Buffer使用分析：需结合 iMaster NCE-FabricInsight 分析器评估。官方资料确认其采集应用流、网络与 Telemetry 数据，支持关键应用质量检测、一键路径诊断、故障定位、网络质量劣化及亚健康光模块/链路分析；但未核验完整覆盖 Shared、Dedicated、Headroom，且依版本、Foundation Package、Telemetry/IOAM 与硬件。","不支持/未发现原生支持","Buffer使用分析：截至已核对的 FS AmpCon-DC 官方可观测性资料与 v2.2.0 发布说明，未发现产品原生完整覆盖 Shared、Dedicated、Headroom；未把 PicOS 单机 CLI、第三方系统或本地 UI 原型计入。AmpCon-DC（FS / Pica8）面向 PicOS 数据中心交换机；能力范围需按目标版本、License 与兼容硬件确认。"
"分析与诊断","基于拓扑、遥测、配置和事件数据进行异常识别、根因定位、影响评估及故障诊断。","拥塞诊断","定位微突发、队列拥塞及Buffer耗尽问题。","Buffer分析","对Buffer分析相关数据进行关联分析、问题定位和结果呈现。","Buffer耗尽分析","Buffer耗尽分析用于围绕水位、Tail Drop、Headroom Exhaustion开展分析和诊断。","水位、Tail Drop、Headroom Exhaustion","明确Buffer耗尽分析覆盖的具体对象、状态或指标，包括水位、Tail Drop、Headroom Exhaustion。","微突发、队列水位、Buffer、丢包、PFC/ECN 关联分析；具体范围：水位、Tail Drop、Headroom Exhaustion","微突发、队列拥塞、Buffer 耗尽及无损网络丢包定位；关注：水位、Tail Drop、Headroom Exhaustion","P0（核心）","部分支持","Buffer耗尽分析：可借助 NOS 计数器、Streaming Telemetry、定制 IBA Probe、Configlet 或外部 Flow/GPU 系统覆盖部分指标，不等同 Apstra 原生完整分析器。","部分支持","Buffer耗尽分析：数据可来自 EOS/特定 ASIC、LANZ、队列或 PFC/ECN 计数器；CloudVision 展示和分析范围依硬件、EOS 版本与订阅，故仅部分支持。","部分支持/依组件、版本或硬件","Buffer耗尽分析：需结合 iMaster NCE-FabricInsight 分析器评估。官方资料确认其采集应用流、网络与 Telemetry 数据，支持关键应用质量检测、一键路径诊断、故障定位、网络质量劣化及亚健康光模块/链路分析；但未核验完整覆盖 水位、Tail Drop、Headroom Exhaustion，且依版本、Foundation Package、Telemetry/IOAM 与硬件。","不支持/未发现原生支持","Buffer耗尽分析：截至已核对的 FS AmpCon-DC 官方可观测性资料与 v2.2.0 发布说明，未发现产品原生完整覆盖 水位、Tail Drop、Headroom Exhaustion；未把 PicOS 单机 CLI、第三方系统或本地 UI 原型计入。AmpCon-DC（FS / Pica8）面向 PicOS 数据中心交换机；能力范围需按目标版本、License 与兼容硬件确认。"
"分析与诊断","基于拓扑、遥测、配置和事件数据进行异常识别、根因定位、影响评估及故障诊断。","AIDC诊断","诊断PFC、ECN、DCQCN、无损队列、负载均衡和GPU作业问题。","PFC诊断","对PFC诊断相关数据进行关联分析、问题定位和结果呈现。","PFC风暴分析","PFC风暴分析用于围绕源端口、传播路径、持续时间开展分析和诊断。","源端口、传播路径、持续时间","明确PFC风暴分析覆盖的具体对象、状态或指标，包括源端口、传播路径、持续时间。","RoCE 无损链路、PFC/ECN/DCQCN、NIC/交换机与作业关联；具体范围：源端口、传播路径、持续时间","训练性能下降、PFC 风暴、ECN/DCQCN 与负载不均排障；关注：源端口、传播路径、持续时间","P0（核心）","部分支持","PFC风暴分析：可借助 NOS 计数器、Streaming Telemetry、定制 IBA Probe、Configlet 或外部 Flow/GPU 系统覆盖部分指标，不等同 Apstra 原生完整分析器。","部分支持","PFC风暴分析：数据可来自 EOS/特定 ASIC、LANZ、队列或 PFC/ECN 计数器；CloudVision 展示和分析范围依硬件、EOS 版本与订阅，故仅部分支持。","部分支持/依组件、版本或硬件","PFC风暴分析：需结合 iMaster NCE-FabricInsight 分析器评估。官方资料确认其采集应用流、网络与 Telemetry 数据，支持关键应用质量检测、一键路径诊断、故障定位、网络质量劣化及亚健康光模块/链路分析；但未核验完整覆盖 源端口、传播路径、持续时间，且依版本、Foundation Package、Telemetry/IOAM 与硬件。","不支持/未发现原生支持","PFC风暴分析：截至已核对的 FS AmpCon-DC 官方可观测性资料与 v2.2.0 发布说明，未发现产品原生完整覆盖 源端口、传播路径、持续时间；未把 PicOS 单机 CLI、第三方系统或本地 UI 原型计入。AmpCon-DC（FS / Pica8）面向 PicOS 数据中心交换机；能力范围需按目标版本、License 与兼容硬件确认。"
"分析与诊断","基于拓扑、遥测、配置和事件数据进行异常识别、根因定位、影响评估及故障诊断。","AIDC诊断","诊断PFC、ECN、DCQCN、无损队列、负载均衡和GPU作业问题。","PFC诊断","对PFC诊断相关数据进行关联分析、问题定位和结果呈现。","PFC Deadlock分析","PFC Deadlock分析用于围绕依赖环、优先级、Watchdog开展分析和诊断。","依赖环、优先级、Watchdog","明确PFC Deadlock分析覆盖的具体对象、状态或指标，包括依赖环、优先级、Watchdog。","RoCE 无损链路、PFC/ECN/DCQCN、NIC/交换机与作业关联；具体范围：依赖环、优先级、Watchdog","训练性能下降、PFC 风暴、ECN/DCQCN 与负载不均排障；关注：依赖环、优先级、Watchdog","P0（核心）","部分支持","PFC Deadlock分析：可借助 NOS 计数器、Streaming Telemetry、定制 IBA Probe、Configlet 或外部 Flow/GPU 系统覆盖部分指标，不等同 Apstra 原生完整分析器。","部分支持","PFC Deadlock分析：数据可来自 EOS/特定 ASIC、LANZ、队列或 PFC/ECN 计数器；CloudVision 展示和分析范围依硬件、EOS 版本与订阅，故仅部分支持。","部分支持/依组件、版本或硬件","PFC Deadlock分析：需结合 iMaster NCE-FabricInsight 分析器评估。官方资料确认其采集应用流、网络与 Telemetry 数据，支持关键应用质量检测、一键路径诊断、故障定位、网络质量劣化及亚健康光模块/链路分析；但未核验完整覆盖 依赖环、优先级、Watchdog，且依版本、Foundation Package、Telemetry/IOAM 与硬件。","不支持/未发现原生支持","PFC Deadlock分析：截至已核对的 FS AmpCon-DC 官方可观测性资料与 v2.2.0 发布说明，未发现产品原生完整覆盖 依赖环、优先级、Watchdog；未把 PicOS 单机 CLI、第三方系统或本地 UI 原型计入。AmpCon-DC（FS / Pica8）面向 PicOS 数据中心交换机；能力范围需按目标版本、License 与兼容硬件确认。"
"分析与诊断","基于拓扑、遥测、配置和事件数据进行异常识别、根因定位、影响评估及故障诊断。","AIDC诊断","诊断PFC、ECN、DCQCN、无损队列、负载均衡和GPU作业问题。","PFC诊断","对PFC诊断相关数据进行关联分析、问题定位和结果呈现。","PFC异常增长分析","PFC异常增长分析用于围绕Tx/Rx、优先级、端口、速率开展分析和诊断。","Tx/Rx、优先级、端口、速率","明确PFC异常增长分析覆盖的具体对象、状态或指标，包括Tx/Rx、优先级、端口、速率。","RoCE 无损链路、PFC/ECN/DCQCN、NIC/交换机与作业关联；具体范围：Tx/Rx、优先级、端口、速率","训练性能下降、PFC 风暴、ECN/DCQCN 与负载不均排障；关注：Tx/Rx、优先级、端口、速率","P0（核心）","部分支持","PFC异常增长分析：可借助 NOS 计数器、Streaming Telemetry、定制 IBA Probe、Configlet 或外部 Flow/GPU 系统覆盖部分指标，不等同 Apstra 原生完整分析器。","部分支持","PFC异常增长分析：数据可来自 EOS/特定 ASIC、LANZ、队列或 PFC/ECN 计数器；CloudVision 展示和分析范围依硬件、EOS 版本与订阅，故仅部分支持。","部分支持/依组件、版本或硬件","PFC异常增长分析：需结合 iMaster NCE-FabricInsight 分析器评估。官方资料确认其采集应用流、网络与 Telemetry 数据，支持关键应用质量检测、一键路径诊断、故障定位、网络质量劣化及亚健康光模块/链路分析；但未核验完整覆盖 Tx/Rx、优先级、端口、速率，且依版本、Foundation Package、Telemetry/IOAM 与硬件。","部分支持/依设备或版本","PFC异常增长分析：v2.2.0 已公开端到端 RoCE 部署、预检/批量下发/部署后校验、交换机与 NIC 流量监控及 Broadcom/NVIDIA NIC 管理；未证明完整覆盖 Tx/Rx、优先级、端口、速率。AmpCon-DC（FS / Pica8）面向 PicOS 数据中心交换机；能力范围需按目标版本、License 与兼容硬件确认。"
"分析与诊断","基于拓扑、遥测、配置和事件数据进行异常识别、根因定位、影响评估及故障诊断。","AIDC诊断","诊断PFC、ECN、DCQCN、无损队列、负载均衡和GPU作业问题。","ECN与DCQCN诊断","对ECN与DCQCN诊断相关数据进行关联分析、问题定位和结果呈现。","ECN持续标记分析","ECN持续标记分析用于围绕队列、阈值、流量、热点端口开展分析和诊断。","队列、阈值、流量、热点端口","明确ECN持续标记分析覆盖的具体对象、状态或指标，包括队列、阈值、流量、热点端口。","RoCE 无损链路、PFC/ECN/DCQCN、NIC/交换机与作业关联；具体范围：队列、阈值、流量、热点端口","训练性能下降、PFC 风暴、ECN/DCQCN 与负载不均排障；关注：队列、阈值、流量、热点端口","P0（核心）","部分支持","ECN持续标记分析：可借助 NOS 计数器、Streaming Telemetry、定制 IBA Probe、Configlet 或外部 Flow/GPU 系统覆盖部分指标，不等同 Apstra 原生完整分析器。","部分支持","ECN持续标记分析：数据可来自 EOS/特定 ASIC、LANZ、队列或 PFC/ECN 计数器；CloudVision 展示和分析范围依硬件、EOS 版本与订阅，故仅部分支持。","部分支持/依组件、版本或硬件","ECN持续标记分析：需结合 iMaster NCE-FabricInsight 分析器评估。官方资料确认其采集应用流、网络与 Telemetry 数据，支持关键应用质量检测、一键路径诊断、故障定位、网络质量劣化及亚健康光模块/链路分析；但未核验完整覆盖 队列、阈值、流量、热点端口，且依版本、Foundation Package、Telemetry/IOAM 与硬件。","部分支持/依设备或版本","ECN持续标记分析：v2.2.0 已公开端到端 RoCE 部署、预检/批量下发/部署后校验、交换机与 NIC 流量监控及 Broadcom/NVIDIA NIC 管理；未证明完整覆盖 队列、阈值、流量、热点端口。AmpCon-DC（FS / Pica8）面向 PicOS 数据中心交换机；能力范围需按目标版本、License 与兼容硬件确认。"
"分析与诊断","基于拓扑、遥测、配置和事件数据进行异常识别、根因定位、影响评估及故障诊断。","AIDC诊断","诊断PFC、ECN、DCQCN、无损队列、负载均衡和GPU作业问题。","ECN与DCQCN诊断","对ECN与DCQCN诊断相关数据进行关联分析、问题定位和结果呈现。","CNP响应分析","CNP响应分析用于围绕CNP发送、接收、NIC降速开展分析和诊断。","CNP发送、接收、NIC降速","明确CNP响应分析覆盖的具体对象、状态或指标，包括CNP发送、接收、NIC降速。","RoCE 无损链路、PFC/ECN/DCQCN、NIC/交换机与作业关联；具体范围：CNP发送、接收、NIC降速","训练性能下降、PFC 风暴、ECN/DCQCN 与负载不均排障；关注：CNP发送、接收、NIC降速","P0（核心）","部分支持","CNP响应分析：可借助 NOS 计数器、Streaming Telemetry、定制 IBA Probe、Configlet 或外部 Flow/GPU 系统覆盖部分指标，不等同 Apstra 原生完整分析器。","部分支持","CNP响应分析：数据可来自 EOS/特定 ASIC、LANZ、队列或 PFC/ECN 计数器；CloudVision 展示和分析范围依硬件、EOS 版本与订阅，故仅部分支持。","部分支持/依组件、版本或硬件","CNP响应分析：需结合 iMaster NCE-FabricInsight 分析器评估。官方资料确认其采集应用流、网络与 Telemetry 数据，支持关键应用质量检测、一键路径诊断、故障定位、网络质量劣化及亚健康光模块/链路分析；但未核验完整覆盖 CNP发送、接收、NIC降速，且依版本、Foundation Package、Telemetry/IOAM 与硬件。","不支持/未发现原生支持","CNP响应分析：截至已核对的 FS AmpCon-DC 官方可观测性资料与 v2.2.0 发布说明，未发现产品原生完整覆盖 CNP发送、接收、NIC降速；未把 PicOS 单机 CLI、第三方系统或本地 UI 原型计入。AmpCon-DC（FS / Pica8）面向 PicOS 数据中心交换机；能力范围需按目标版本、License 与兼容硬件确认。"
"分析与诊断","基于拓扑、遥测、配置和事件数据进行异常识别、根因定位、影响评估及故障诊断。","AIDC诊断","诊断PFC、ECN、DCQCN、无损队列、负载均衡和GPU作业问题。","ECN与DCQCN诊断","对ECN与DCQCN诊断相关数据进行关联分析、问题定位和结果呈现。","端网参数一致性","端网参数一致性用于围绕ECN、CNP、DSCP、NIC参数开展分析和诊断。","ECN、CNP、DSCP、NIC参数","明确端网参数一致性覆盖的具体对象、状态或指标，包括ECN、CNP、DSCP、NIC参数。","RoCE 无损链路、PFC/ECN/DCQCN、NIC/交换机与作业关联；具体范围：ECN、CNP、DSCP、NIC参数","训练性能下降、PFC 风暴、ECN/DCQCN 与负载不均排障；关注：ECN、CNP、DSCP、NIC参数","P0（核心）","不支持/未发现原生支持","端网参数一致性：截至 Apstra 6.1 官方资料，未发现基础产品提供该项完整原生分析器或产品化闭环；未将 Juniper DCA/Mist、外部系统或 NOS 单点能力计入。","不支持/未发现原生支持","端网参数一致性：截至当前 CloudVision 官方资料，未发现基础 CloudVision 原生提供该项完整能力；未把 AVA、CV UNO、CV-CUE、DMF 或 EOS CLI/ASIC 单点能力直接计入。","部分支持/依组件、版本或硬件","端网参数一致性：需结合 iMaster NCE-FabricInsight 分析器评估。官方资料确认其采集应用流、网络与 Telemetry 数据，支持关键应用质量检测、一键路径诊断、故障定位、网络质量劣化及亚健康光模块/链路分析；但未核验完整覆盖 ECN、CNP、DSCP、NIC参数，且依版本、Foundation Package、Telemetry/IOAM 与硬件。","部分支持/依设备或版本","端网参数一致性：v2.2.0 已公开端到端 RoCE 部署、预检/批量下发/部署后校验、交换机与 NIC 流量监控及 Broadcom/NVIDIA NIC 管理；未证明完整覆盖 ECN、CNP、DSCP、NIC参数。AmpCon-DC（FS / Pica8）面向 PicOS 数据中心交换机；能力范围需按目标版本、License 与兼容硬件确认。"
"分析与诊断","基于拓扑、遥测、配置和事件数据进行异常识别、根因定位、影响评估及故障诊断。","AIDC诊断","诊断PFC、ECN、DCQCN、无损队列、负载均衡和GPU作业问题。","无损队列与Buffer","对无损队列与Buffer相关数据进行关联分析、问题定位和结果呈现。","队列映射检查","队列映射检查用于围绕DSCP、Priority、Queue、PFC开展分析和诊断。","DSCP、Priority、Queue、PFC","明确队列映射检查覆盖的具体对象、状态或指标，包括DSCP、Priority、Queue、PFC。","RoCE 无损链路、PFC/ECN/DCQCN、NIC/交换机与作业关联；具体范围：DSCP、Priority、Queue、PFC","训练性能下降、PFC 风暴、ECN/DCQCN 与负载不均排障；关注：DSCP、Priority、Queue、PFC","P0（核心）","部分支持","队列映射检查：可借助 NOS 计数器、Streaming Telemetry、定制 IBA Probe、Configlet 或外部 Flow/GPU 系统覆盖部分指标，不等同 Apstra 原生完整分析器。","部分支持","队列映射检查：数据可来自 EOS/特定 ASIC、LANZ、队列或 PFC/ECN 计数器；CloudVision 展示和分析范围依硬件、EOS 版本与订阅，故仅部分支持。","部分支持/依组件、版本或硬件","队列映射检查：需结合 iMaster NCE-FabricInsight 分析器评估。官方资料确认其采集应用流、网络与 Telemetry 数据，支持关键应用质量检测、一键路径诊断、故障定位、网络质量劣化及亚健康光模块/链路分析；但未核验完整覆盖 DSCP、Priority、Queue、PFC，且依版本、Foundation Package、Telemetry/IOAM 与硬件。","部分支持/依设备或版本","队列映射检查：v2.2.0 已公开端到端 RoCE 部署、预检/批量下发/部署后校验、交换机与 NIC 流量监控及 Broadcom/NVIDIA NIC 管理；未证明完整覆盖 DSCP、Priority、Queue、PFC。AmpCon-DC（FS / Pica8）面向 PicOS 数据中心交换机；能力范围需按目标版本、License 与兼容硬件确认。"
"分析与诊断","基于拓扑、遥测、配置和事件数据进行异常识别、根因定位、影响评估及故障诊断。","AIDC诊断","诊断PFC、ECN、DCQCN、无损队列、负载均衡和GPU作业问题。","无损队列与Buffer","对无损队列与Buffer相关数据进行关联分析、问题定位和结果呈现。","Headroom合理性分析","Headroom合理性分析用于围绕端口速率、线缆距离、突发量开展分析和诊断。","端口速率、线缆距离、突发量","明确Headroom合理性分析覆盖的具体对象、状态或指标，包括端口速率、线缆距离、突发量。","RoCE 无损链路、PFC/ECN/DCQCN、NIC/交换机与作业关联；具体范围：端口速率、线缆距离、突发量","训练性能下降、PFC 风暴、ECN/DCQCN 与负载不均排障；关注：端口速率、线缆距离、突发量","P0（核心）","不支持/未发现原生支持","Headroom合理性分析：截至 Apstra 6.1 官方资料，未发现基础产品提供该项完整原生分析器或产品化闭环；未将 Juniper DCA/Mist、外部系统或 NOS 单点能力计入。","不支持/未发现原生支持","Headroom合理性分析：截至当前 CloudVision 官方资料，未发现基础 CloudVision 原生提供该项完整能力；未把 AVA、CV UNO、CV-CUE、DMF 或 EOS CLI/ASIC 单点能力直接计入。","部分支持/依组件、版本或硬件","Headroom合理性分析：需结合 iMaster NCE-FabricInsight 分析器评估。官方资料确认其采集应用流、网络与 Telemetry 数据，支持关键应用质量检测、一键路径诊断、故障定位、网络质量劣化及亚健康光模块/链路分析；但未核验完整覆盖 端口速率、线缆距离、突发量，且依版本、Foundation Package、Telemetry/IOAM 与硬件。","不支持/未发现原生支持","Headroom合理性分析：截至已核对的 FS AmpCon-DC 官方可观测性资料与 v2.2.0 发布说明，未发现产品原生完整覆盖 端口速率、线缆距离、突发量；未把 PicOS 单机 CLI、第三方系统或本地 UI 原型计入。AmpCon-DC（FS / Pica8）面向 PicOS 数据中心交换机；能力范围需按目标版本、License 与兼容硬件确认。"
"分析与诊断","基于拓扑、遥测、配置和事件数据进行异常识别、根因定位、影响评估及故障诊断。","AIDC诊断","诊断PFC、ECN、DCQCN、无损队列、负载均衡和GPU作业问题。","负载均衡诊断","对负载均衡诊断相关数据进行关联分析、问题定位和结果呈现。","ECMP Hash分布","ECMP Hash分布用于围绕路径流量偏差、热点开展分析和诊断。","路径流量偏差、热点","明确ECMP Hash分布覆盖的具体对象、状态或指标，包括路径流量偏差、热点。","RoCE 无损链路、PFC/ECN/DCQCN、NIC/交换机与作业关联；具体范围：路径流量偏差、热点","训练性能下降、PFC 风暴、ECN/DCQCN 与负载不均排障；关注：路径流量偏差、热点","P0（核心）","部分支持","ECMP Hash分布：可借助 NOS 计数器、Streaming Telemetry、定制 IBA Probe、Configlet 或外部 Flow/GPU 系统覆盖部分指标，不等同 Apstra 原生完整分析器。","部分支持","ECMP Hash分布：数据可来自 EOS/特定 ASIC、LANZ、队列或 PFC/ECN 计数器；CloudVision 展示和分析范围依硬件、EOS 版本与订阅，故仅部分支持。","部分支持/依组件、版本或硬件","ECMP Hash分布：需结合 iMaster NCE-FabricInsight 分析器评估。官方资料确认其采集应用流、网络与 Telemetry 数据，支持关键应用质量检测、一键路径诊断、故障定位、网络质量劣化及亚健康光模块/链路分析；但未核验完整覆盖 路径流量偏差、热点，且依版本、Foundation Package、Telemetry/IOAM 与硬件。","不支持/未发现原生支持","ECMP Hash分布：截至已核对的 FS AmpCon-DC 官方可观测性资料与 v2.2.0 发布说明，未发现产品原生完整覆盖 路径流量偏差、热点；未把 PicOS 单机 CLI、第三方系统或本地 UI 原型计入。AmpCon-DC（FS / Pica8）面向 PicOS 数据中心交换机；能力范围需按目标版本、License 与兼容硬件确认。"
"分析与诊断","基于拓扑、遥测、配置和事件数据进行异常识别、根因定位、影响评估及故障诊断。","AIDC诊断","诊断PFC、ECN、DCQCN、无损队列、负载均衡和GPU作业问题。","负载均衡诊断","对负载均衡诊断相关数据进行关联分析、问题定位和结果呈现。","DLB/GLB/ALB效果","DLB/GLB/ALB效果用于围绕Flowlet、重平衡、乱序、吞吐开展分析和诊断。","Flowlet、重平衡、乱序、吞吐","明确DLB/GLB/ALB效果覆盖的具体对象、状态或指标，包括Flowlet、重平衡、乱序、吞吐。","RoCE 无损链路、PFC/ECN/DCQCN、NIC/交换机与作业关联；具体范围：Flowlet、重平衡、乱序、吞吐","训练性能下降、PFC 风暴、ECN/DCQCN 与负载不均排障；关注：Flowlet、重平衡、乱序、吞吐","P0（核心）","部分支持","DLB/GLB/ALB效果：可借助 NOS 计数器、Streaming Telemetry、定制 IBA Probe、Configlet 或外部 Flow/GPU 系统覆盖部分指标，不等同 Apstra 原生完整分析器。","部分支持","DLB/GLB/ALB效果：数据可来自 EOS/特定 ASIC、LANZ、队列或 PFC/ECN 计数器；CloudVision 展示和分析范围依硬件、EOS 版本与订阅，故仅部分支持。","部分支持/依组件、版本或硬件","DLB/GLB/ALB效果：需结合 iMaster NCE-FabricInsight 分析器评估。官方资料确认其采集应用流、网络与 Telemetry 数据，支持关键应用质量检测、一键路径诊断、故障定位、网络质量劣化及亚健康光模块/链路分析；但未核验完整覆盖 Flowlet、重平衡、乱序、吞吐，且依版本、Foundation Package、Telemetry/IOAM 与硬件。","不支持/未发现原生支持","DLB/GLB/ALB效果：截至已核对的 FS AmpCon-DC 官方可观测性资料与 v2.2.0 发布说明，未发现产品原生完整覆盖 Flowlet、重平衡、乱序、吞吐；未把 PicOS 单机 CLI、第三方系统或本地 UI 原型计入。AmpCon-DC（FS / Pica8）面向 PicOS 数据中心交换机；能力范围需按目标版本、License 与兼容硬件确认。"
"分析与诊断","基于拓扑、遥测、配置和事件数据进行异常识别、根因定位、影响评估及故障诊断。","AIDC诊断","诊断PFC、ECN、DCQCN、无损队列、负载均衡和GPU作业问题。","拓扑与作业诊断","对拓扑与作业诊断相关数据进行关联分析、问题定位和结果呈现。","Rail故障域分析","Rail故障域分析用于围绕GPU NIC、Leaf、Plane、影响GPU开展分析和诊断。","GPU NIC、Leaf、Plane、影响GPU","明确Rail故障域分析覆盖的具体对象、状态或指标，包括GPU NIC、Leaf、Plane、影响GPU。","RoCE 无损链路、PFC/ECN/DCQCN、NIC/交换机与作业关联；具体范围：GPU NIC、Leaf、Plane、影响GPU","训练性能下降、PFC 风暴、ECN/DCQCN 与负载不均排障；关注：GPU NIC、Leaf、Plane、影响GPU","P0（核心）","部分支持","Rail故障域分析：可借助 NOS 计数器、Streaming Telemetry、定制 IBA Probe、Configlet 或外部 Flow/GPU 系统覆盖部分指标，不等同 Apstra 原生完整分析器。","不支持/未发现原生支持","Rail故障域分析：截至当前 CloudVision 官方资料，未发现基础 CloudVision 原生提供该项完整能力；未把 AVA、CV UNO、CV-CUE、DMF 或 EOS CLI/ASIC 单点能力直接计入。","部分支持/依组件、版本或硬件","Rail故障域分析：iMaster NCE-Fabric 可提供部分管理或状态数据，但覆盖 GPU NIC、Leaf、Plane、影响GPU 的完整字段、工作流或分析器未核验；需按目标版本、License、CloudEngine 型号及是否部署 FabricInsight 确认。","不支持/未发现原生支持","Rail故障域分析：截至已核对的 FS AmpCon-DC 官方可观测性资料与 v2.2.0 发布说明，未发现产品原生完整覆盖 GPU NIC、Leaf、Plane、影响GPU；未把 PicOS 单机 CLI、第三方系统或本地 UI 原型计入。AmpCon-DC（FS / Pica8）面向 PicOS 数据中心交换机；能力范围需按目标版本、License 与兼容硬件确认。"
"分析与诊断","基于拓扑、遥测、配置和事件数据进行异常识别、根因定位、影响评估及故障诊断。","AIDC诊断","诊断PFC、ECN、DCQCN、无损队列、负载均衡和GPU作业问题。","拓扑与作业诊断","对拓扑与作业诊断相关数据进行关联分析、问题定位和结果呈现。","GPU Job网络关联","GPU Job网络关联用于围绕训练吞吐、迭代时间、路径拥塞开展分析和诊断。","训练吞吐、迭代时间、路径拥塞","明确GPU Job网络关联覆盖的具体对象、状态或指标，包括训练吞吐、迭代时间、路径拥塞。","RoCE 无损链路、PFC/ECN/DCQCN、NIC/交换机与作业关联；具体范围：训练吞吐、迭代时间、路径拥塞","训练性能下降、PFC 风暴、ECN/DCQCN 与负载不均排障；关注：训练吞吐、迭代时间、路径拥塞","P2（演进）","不支持/未发现原生支持","GPU Job网络关联：截至 Apstra 6.1 官方资料，未发现基础产品提供该项完整原生分析器或产品化闭环；未将 Juniper DCA/Mist、外部系统或 NOS 单点能力计入。","不支持/未发现原生支持","GPU Job网络关联：截至当前 CloudVision 官方资料，未发现基础 CloudVision 原生提供该项完整能力；未把 AVA、CV UNO、CV-CUE、DMF 或 EOS CLI/ASIC 单点能力直接计入。","未发现公开证据","GPU Job网络关联：已同时核对 iMaster NCE-Fabric 与 iMaster NCE-FabricInsight，当前公开资料未证明组合方案提供覆盖 训练吞吐、迭代时间、路径拥塞 的完整产品化能力；该结论表示未发现证据，并非断言绝对不支持。","不支持/未发现原生支持","GPU Job网络关联：截至已核对的 FS AmpCon-DC 官方可观测性资料与 v2.2.0 发布说明，未发现产品原生完整覆盖 训练吞吐、迭代时间、路径拥塞；未把 PicOS 单机 CLI、第三方系统或本地 UI 原型计入。AmpCon-DC（FS / Pica8）面向 PicOS 数据中心交换机；能力范围需按目标版本、License 与兼容硬件确认。"
"分析与诊断","基于拓扑、遥测、配置和事件数据进行异常识别、根因定位、影响评估及故障诊断。","配置诊断","分析配置一致性、配置来源、冲突和合规状态。","配置一致性","对配置一致性相关数据进行关联分析、问题定位和结果呈现。","Designed/Running对比","Designed/Running对比用于围绕缺失、多余、修改、来源开展分析和诊断。","缺失、多余、修改、来源","明确Designed/Running对比覆盖的具体对象、状态或指标，包括缺失、多余、修改、来源。","配置解析、意图/实际差异、来源追踪、冲突与合规规则；具体范围：缺失、多余、修改、来源","配置冲突、合规偏差、来源追踪与错误配置定位；关注：缺失、多余、修改、来源","P0（核心）","支持","Designed/Running对比：Apstra 6.1 通过 Blueprint 意图图、Anomaly/RCI、IBA、Revision 或 Time Voyager 原生覆盖该项；范围为 缺失、多余、修改、来源。","支持","Designed/Running对比：CloudVision 原生状态流、Events、Designed/Running Compliance、Workspace/Change Control 或历史状态可核验覆盖该项；范围为 缺失、多余、修改、来源。","部分支持/依组件、版本或硬件","Designed/Running对比：iMaster NCE-Fabric 可提供部分管理或状态数据，但覆盖 缺失、多余、修改、来源 的完整字段、工作流或分析器未核验；需按目标版本、License、CloudEngine 型号及是否部署 FabricInsight 确认。","部分支持/依设备或版本","Designed/Running对比：Day 0–Day 2+ 生命周期、Underlay 模板化自动化、批量部署和部署前后校验可覆盖部分流程；未核验完整覆盖 缺失、多余、修改、来源。AmpCon-DC（FS / Pica8）面向 PicOS 数据中心交换机；能力范围需按目标版本、License 与兼容硬件确认。"
"分析与诊断","基于拓扑、遥测、配置和事件数据进行异常识别、根因定位、影响评估及故障诊断。","配置诊断","分析配置一致性、配置来源、冲突和合规状态。","配置一致性","对配置一致性相关数据进行关联分析、问题定位和结果呈现。","多设备一致性","多设备一致性用于围绕Spine、Leaf、Peer、MLAG对比开展分析和诊断。","Spine、Leaf、Peer、MLAG对比","明确多设备一致性覆盖的具体对象、状态或指标，包括Spine、Leaf、Peer、MLAG对比。","配置解析、意图/实际差异、来源追踪、冲突与合规规则；具体范围：Spine、Leaf、Peer、MLAG对比","配置冲突、合规偏差、来源追踪与错误配置定位；关注：Spine、Leaf、Peer、MLAG对比","P0（核心）","支持","多设备一致性：Apstra 6.1 通过 Blueprint 意图图、Anomaly/RCI、IBA、Revision 或 Time Voyager 原生覆盖该项；范围为 Spine、Leaf、Peer、MLAG对比。","部分支持","多设备一致性：CloudVision 可提供部分遥测、事件或配置证据；覆盖 Spine、Leaf、Peer、MLAG对比 的完整产品化分析器、字段或闭环未核验。","部分支持/依组件、版本或硬件","多设备一致性：iMaster NCE-Fabric 可提供部分管理或状态数据，但覆盖 Spine、Leaf、Peer、MLAG对比 的完整字段、工作流或分析器未核验；需按目标版本、License、CloudEngine 型号及是否部署 FabricInsight 确认。","部分支持/依设备或版本","多设备一致性：Day 0–Day 2+ 生命周期、Underlay 模板化自动化、批量部署和部署前后校验可覆盖部分流程；未核验完整覆盖 Spine、Leaf、Peer、MLAG对比。AmpCon-DC（FS / Pica8）面向 PicOS 数据中心交换机；能力范围需按目标版本、License 与兼容硬件确认。"
"分析与诊断","基于拓扑、遥测、配置和事件数据进行异常识别、根因定位、影响评估及故障诊断。","配置诊断","分析配置一致性、配置来源、冲突和合规状态。","来源与冲突","对来源与冲突相关数据进行关联分析、问题定位和结果呈现。","配置归属分析","配置归属分析用于围绕Studio、Template、Configlet、手工CLI开展分析和诊断。","Studio、Template、Configlet、手工CLI","明确配置归属分析覆盖的具体对象、状态或指标，包括Studio、Template、Configlet、手工CLI。","配置解析、意图/实际差异、来源追踪、冲突与合规规则；具体范围：Studio、Template、Configlet、手工CLI","配置冲突、合规偏差、来源追踪与错误配置定位；关注：Studio、Template、Configlet、手工CLI","P0（核心）","部分支持","配置归属分析：Apstra 可覆盖部分对象或状态；完整字段、工作流或展示需定制 IBA、API、NOS Telemetry 或外部集成。","支持","配置归属分析：CloudVision 原生状态流、Events、Designed/Running Compliance、Workspace/Change Control 或历史状态可核验覆盖该项；范围为 Studio、Template、Configlet、手工CLI。","部分支持/依组件、版本或硬件","配置归属分析：iMaster NCE-Fabric 可提供部分管理或状态数据，但覆盖 Studio、Template、Configlet、手工CLI 的完整字段、工作流或分析器未核验；需按目标版本、License、CloudEngine 型号及是否部署 FabricInsight 确认。","不支持/未发现原生支持","配置归属分析：截至已核对的 FS AmpCon-DC 官方可观测性资料与 v2.2.0 发布说明，未发现产品原生完整覆盖 Studio、Template、Configlet、手工CLI；未把 PicOS 单机 CLI、第三方系统或本地 UI 原型计入。AmpCon-DC（FS / Pica8）面向 PicOS 数据中心交换机；能力范围需按目标版本、License 与兼容硬件确认。"
"分析与诊断","基于拓扑、遥测、配置和事件数据进行异常识别、根因定位、影响评估及故障诊断。","配置诊断","分析配置一致性、配置来源、冲突和合规状态。","来源与冲突","对来源与冲突相关数据进行关联分析、问题定位和结果呈现。","多配置源冲突","多配置源冲突用于围绕模板覆盖、优先级、重复配置开展分析和诊断。","模板覆盖、优先级、重复配置","明确多配置源冲突覆盖的具体对象、状态或指标，包括模板覆盖、优先级、重复配置。","配置解析、意图/实际差异、来源追踪、冲突与合规规则；具体范围：模板覆盖、优先级、重复配置","配置冲突、合规偏差、来源追踪与错误配置定位；关注：模板覆盖、优先级、重复配置","P0（核心）","支持","多配置源冲突：Apstra 6.1 通过 Blueprint 意图图、Anomaly/RCI、IBA、Revision 或 Time Voyager 原生覆盖该项；范围为 模板覆盖、优先级、重复配置。","支持","多配置源冲突：CloudVision 原生状态流、Events、Designed/Running Compliance、Workspace/Change Control 或历史状态可核验覆盖该项；范围为 模板覆盖、优先级、重复配置。","部分支持/依组件、版本或硬件","多配置源冲突：iMaster NCE-Fabric 可提供部分管理或状态数据，但覆盖 模板覆盖、优先级、重复配置 的完整字段、工作流或分析器未核验；需按目标版本、License、CloudEngine 型号及是否部署 FabricInsight 确认。","不支持/未发现原生支持","多配置源冲突：截至已核对的 FS AmpCon-DC 官方可观测性资料与 v2.2.0 发布说明，未发现产品原生完整覆盖 模板覆盖、优先级、重复配置；未把 PicOS 单机 CLI、第三方系统或本地 UI 原型计入。AmpCon-DC（FS / Pica8）面向 PicOS 数据中心交换机；能力范围需按目标版本、License 与兼容硬件确认。"
"分析与诊断","基于拓扑、遥测、配置和事件数据进行异常识别、根因定位、影响评估及故障诊断。","配置诊断","分析配置一致性、配置来源、冲突和合规状态。","合规分析","对合规分析相关数据进行关联分析、问题定位和结果呈现。","安全基线检查","安全基线检查用于围绕AAA、SNMP、SSH、NTP、日志开展分析和诊断。","AAA、SNMP、SSH、NTP、日志","明确安全基线检查覆盖的具体对象、状态或指标，包括AAA、SNMP、SSH、NTP、日志。","配置解析、意图/实际差异、来源追踪、冲突与合规规则；具体范围：AAA、SNMP、SSH、NTP、日志","配置冲突、合规偏差、来源追踪与错误配置定位；关注：AAA、SNMP、SSH、NTP、日志","P0（核心）","部分支持","安全基线检查：Apstra 可覆盖部分对象或状态；完整字段、工作流或展示需定制 IBA、API、NOS Telemetry 或外部集成。","部分支持","安全基线检查：CloudVision 可提供部分遥测、事件或配置证据；覆盖 AAA、SNMP、SSH、NTP、日志 的完整产品化分析器、字段或闭环未核验。","部分支持/依组件、版本或硬件","安全基线检查：iMaster NCE-Fabric 可提供部分管理或状态数据，但覆盖 AAA、SNMP、SSH、NTP、日志 的完整字段、工作流或分析器未核验；需按目标版本、License、CloudEngine 型号及是否部署 FabricInsight 确认。","不支持/未发现原生支持","安全基线检查：截至已核对的 FS AmpCon-DC 官方可观测性资料与 v2.2.0 发布说明，未发现产品原生完整覆盖 AAA、SNMP、SSH、NTP、日志；未把 PicOS 单机 CLI、第三方系统或本地 UI 原型计入。AmpCon-DC（FS / Pica8）面向 PicOS 数据中心交换机；能力范围需按目标版本、License 与兼容硬件确认。"
"分析与诊断","基于拓扑、遥测、配置和事件数据进行异常识别、根因定位、影响评估及故障诊断。","配置诊断","分析配置一致性、配置来源、冲突和合规状态。","合规分析","对合规分析相关数据进行关联分析、问题定位和结果呈现。","软件版本合规","软件版本合规用于围绕目标版本、非合规设备、漏洞版本开展分析和诊断。","目标版本、非合规设备、漏洞版本","明确软件版本合规覆盖的具体对象、状态或指标，包括目标版本、非合规设备、漏洞版本。","配置解析、意图/实际差异、来源追踪、冲突与合规规则；具体范围：目标版本、非合规设备、漏洞版本","配置冲突、合规偏差、来源追踪与错误配置定位；关注：目标版本、非合规设备、漏洞版本","P0（核心）","支持","软件版本合规：Apstra 6.1 通过 Blueprint 意图图、Anomaly/RCI、IBA、Revision 或 Time Voyager 原生覆盖该项；范围为 目标版本、非合规设备、漏洞版本。","支持","软件版本合规：CloudVision 原生状态流、Events、Designed/Running Compliance、Workspace/Change Control 或历史状态可核验覆盖该项；范围为 目标版本、非合规设备、漏洞版本。","部分支持/依组件、版本或硬件","软件版本合规：iMaster NCE-Fabric 可提供部分管理或状态数据，但覆盖 目标版本、非合规设备、漏洞版本 的完整字段、工作流或分析器未核验；需按目标版本、License、CloudEngine 型号及是否部署 FabricInsight 确认。","部分支持/依设备或版本","软件版本合规：Day 0–Day 2+ 生命周期、Underlay 模板化自动化、批量部署和部署前后校验可覆盖部分流程；未核验完整覆盖 目标版本、非合规设备、漏洞版本。AmpCon-DC（FS / Pica8）面向 PicOS 数据中心交换机；能力范围需按目标版本、License 与兼容硬件确认。"
"分析与诊断","基于拓扑、遥测、配置和事件数据进行异常识别、根因定位、影响评估及故障诊断。","变更分析","评估变更影响、前后状态差异、历史事件和失败原因。","变更影响","对变更影响相关数据进行关联分析、问题定位和结果呈现。","配置影响分析","配置影响分析用于围绕设备、链路、协议、租户、业务开展分析和诊断。","设备、链路、协议、租户、业务","明确配置影响分析覆盖的具体对象、状态或指标，包括设备、链路、协议、租户、业务。","变更时间线、前后状态对比、影响分析、失败定位与回滚证据；具体范围：设备、链路、协议、租户、业务","变更前评审、失败复盘、影响确认与回滚决策；关注：设备、链路、协议、租户、业务","P1（重要）","部分支持","配置影响分析：Blueprint 图、Anomaly/RCI、IBA、Revision 可提供部分证据，但未核验覆盖 设备、链路、协议、租户、业务 的通用专用分析器。","部分支持","配置影响分析：CloudVision 可提供部分遥测、事件或配置证据；覆盖 设备、链路、协议、租户、业务 的完整产品化分析器、字段或闭环未核验。","部分支持/依组件、版本或硬件","配置影响分析：iMaster NCE-Fabric 可提供部分管理或状态数据，但覆盖 设备、链路、协议、租户、业务 的完整字段、工作流或分析器未核验；需按目标版本、License、CloudEngine 型号及是否部署 FabricInsight 确认。","不支持/未发现原生支持","配置影响分析：截至已核对的 FS AmpCon-DC 官方可观测性资料与 v2.2.0 发布说明，未发现产品原生完整覆盖 设备、链路、协议、租户、业务；未把 PicOS 单机 CLI、第三方系统或本地 UI 原型计入。AmpCon-DC（FS / Pica8）面向 PicOS 数据中心交换机；能力范围需按目标版本、License 与兼容硬件确认。"
"分析与诊断","基于拓扑、遥测、配置和事件数据进行异常识别、根因定位、影响评估及故障诊断。","变更分析","评估变更影响、前后状态差异、历史事件和失败原因。","变更影响","对变更影响相关数据进行关联分析、问题定位和结果呈现。","拓扑影响分析","拓扑影响分析用于围绕节点移除、链路调整、扩容开展分析和诊断。","节点移除、链路调整、扩容","明确拓扑影响分析覆盖的具体对象、状态或指标，包括节点移除、链路调整、扩容。","变更时间线、前后状态对比、影响分析、失败定位与回滚证据；具体范围：节点移除、链路调整、扩容","变更前评审、失败复盘、影响确认与回滚决策；关注：节点移除、链路调整、扩容","P1（重要）","部分支持","拓扑影响分析：Blueprint 图、Anomaly/RCI、IBA、Revision 可提供部分证据，但未核验覆盖 节点移除、链路调整、扩容 的通用专用分析器。","部分支持","拓扑影响分析：CloudVision 可提供部分遥测、事件或配置证据；覆盖 节点移除、链路调整、扩容 的完整产品化分析器、字段或闭环未核验。","部分支持/依组件、版本或硬件","拓扑影响分析：iMaster NCE-Fabric 可提供部分管理或状态数据，但覆盖 节点移除、链路调整、扩容 的完整字段、工作流或分析器未核验；需按目标版本、License、CloudEngine 型号及是否部署 FabricInsight 确认。","不支持/未发现原生支持","拓扑影响分析：截至已核对的 FS AmpCon-DC 官方可观测性资料与 v2.2.0 发布说明，未发现产品原生完整覆盖 节点移除、链路调整、扩容；未把 PicOS 单机 CLI、第三方系统或本地 UI 原型计入。AmpCon-DC（FS / Pica8）面向 PicOS 数据中心交换机；能力范围需按目标版本、License 与兼容硬件确认。"
"分析与诊断","基于拓扑、遥测、配置和事件数据进行异常识别、根因定位、影响评估及故障诊断。","变更分析","评估变更影响、前后状态差异、历史事件和失败原因。","变更影响","对变更影响相关数据进行关联分析、问题定位和结果呈现。","路由影响分析","路由影响分析用于围绕邻居、路由数量、收敛范围开展分析和诊断。","邻居、路由数量、收敛范围","明确路由影响分析覆盖的具体对象、状态或指标，包括邻居、路由数量、收敛范围。","变更时间线、前后状态对比、影响分析、失败定位与回滚证据；具体范围：邻居、路由数量、收敛范围","变更前评审、失败复盘、影响确认与回滚决策；关注：邻居、路由数量、收敛范围","P1（重要）","部分支持","路由影响分析：Blueprint 图、Anomaly/RCI、IBA、Revision 可提供部分证据，但未核验覆盖 邻居、路由数量、收敛范围 的通用专用分析器。","部分支持","路由影响分析：CloudVision 可提供部分遥测、事件或配置证据；覆盖 邻居、路由数量、收敛范围 的完整产品化分析器、字段或闭环未核验。","部分支持/依组件、版本或硬件","路由影响分析：iMaster NCE-Fabric 可提供部分管理或状态数据，但覆盖 邻居、路由数量、收敛范围 的完整字段、工作流或分析器未核验；需按目标版本、License、CloudEngine 型号及是否部署 FabricInsight 确认。","不支持/未发现原生支持","路由影响分析：截至已核对的 FS AmpCon-DC 官方可观测性资料与 v2.2.0 发布说明，未发现产品原生完整覆盖 邻居、路由数量、收敛范围；未把 PicOS 单机 CLI、第三方系统或本地 UI 原型计入。AmpCon-DC（FS / Pica8）面向 PicOS 数据中心交换机；能力范围需按目标版本、License 与兼容硬件确认。"
"分析与诊断","基于拓扑、遥测、配置和事件数据进行异常识别、根因定位、影响评估及故障诊断。","变更分析","评估变更影响、前后状态差异、历史事件和失败原因。","前后与历史","对前后与历史相关数据进行关联分析、问题定位和结果呈现。","变更前后状态对比","变更前后状态对比用于围绕配置、拓扑、协议、性能、告警开展分析和诊断。","配置、拓扑、协议、性能、告警","明确变更前后状态对比覆盖的具体对象、状态或指标，包括配置、拓扑、协议、性能、告警。","变更时间线、前后状态对比、影响分析、失败定位与回滚证据；具体范围：配置、拓扑、协议、性能、告警","变更前评审、失败复盘、影响确认与回滚决策；关注：配置、拓扑、协议、性能、告警","P1（重要）","支持","变更前后状态对比：Apstra 6.1 通过 Blueprint 意图图、Anomaly/RCI、IBA、Revision 或 Time Voyager 原生覆盖该项；范围为 配置、拓扑、协议、性能、告警。","部分支持","变更前后状态对比：CloudVision 可提供部分遥测、事件或配置证据；覆盖 配置、拓扑、协议、性能、告警 的完整产品化分析器、字段或闭环未核验。","部分支持/依组件、版本或硬件","变更前后状态对比：iMaster NCE-Fabric 可提供部分管理或状态数据，但覆盖 配置、拓扑、协议、性能、告警 的完整字段、工作流或分析器未核验；需按目标版本、License、CloudEngine 型号及是否部署 FabricInsight 确认。","部分支持/依设备或版本","变更前后状态对比：Day 0–Day 2+ 生命周期、Underlay 模板化自动化、批量部署和部署前后校验可覆盖部分流程；未核验完整覆盖 配置、拓扑、协议、性能、告警。AmpCon-DC（FS / Pica8）面向 PicOS 数据中心交换机；能力范围需按目标版本、License 与兼容硬件确认。"
"分析与诊断","基于拓扑、遥测、配置和事件数据进行异常识别、根因定位、影响评估及故障诊断。","变更分析","评估变更影响、前后状态差异、历史事件和失败原因。","前后与历史","对前后与历史相关数据进行关联分析、问题定位和结果呈现。","事件时间旅行","事件时间旅行用于围绕Revision、配置、Telemetry、告警开展分析和诊断。","Revision、配置、Telemetry、告警","明确事件时间旅行覆盖的具体对象、状态或指标，包括Revision、配置、Telemetry、告警。","变更时间线、前后状态对比、影响分析、失败定位与回滚证据；具体范围：Revision、配置、Telemetry、告警","变更前评审、失败复盘、影响确认与回滚决策；关注：Revision、配置、Telemetry、告警","P1（重要）","支持","事件时间旅行：Apstra 6.1 通过 Blueprint 意图图、Anomaly/RCI、IBA、Revision 或 Time Voyager 原生覆盖该项；范围为 Revision、配置、Telemetry、告警。","支持","事件时间旅行：CloudVision 原生状态流、Events、Designed/Running Compliance、Workspace/Change Control 或历史状态可核验覆盖该项；范围为 Revision、配置、Telemetry、告警。","部分支持/依组件、版本或硬件","事件时间旅行：iMaster NCE-Fabric 可提供部分管理或状态数据，但覆盖 Revision、配置、Telemetry、告警 的完整字段、工作流或分析器未核验；需按目标版本、License、CloudEngine 型号及是否部署 FabricInsight 确认。","部分支持/依设备或版本","事件时间旅行：Day 0–Day 2+ 生命周期、Underlay 模板化自动化、批量部署和部署前后校验可覆盖部分流程；未核验完整覆盖 Revision、配置、Telemetry、告警。AmpCon-DC（FS / Pica8）面向 PicOS 数据中心交换机；能力范围需按目标版本、License 与兼容硬件确认。"
"分析与诊断","基于拓扑、遥测、配置和事件数据进行异常识别、根因定位、影响评估及故障诊断。","变更分析","评估变更影响、前后状态差异、历史事件和失败原因。","前后与历史","对前后与历史相关数据进行关联分析、问题定位和结果呈现。","部分执行失败分析","部分执行失败分析用于围绕成功设备、失败设备、阶段、原因开展分析和诊断。","成功设备、失败设备、阶段、原因","明确部分执行失败分析覆盖的具体对象、状态或指标，包括成功设备、失败设备、阶段、原因。","变更时间线、前后状态对比、影响分析、失败定位与回滚证据；具体范围：成功设备、失败设备、阶段、原因","变更前评审、失败复盘、影响确认与回滚决策；关注：成功设备、失败设备、阶段、原因","P1（重要）","支持","部分执行失败分析：Apstra 6.1 通过 Blueprint 意图图、Anomaly/RCI、IBA、Revision 或 Time Voyager 原生覆盖该项；范围为 成功设备、失败设备、阶段、原因。","支持","部分执行失败分析：CloudVision 原生状态流、Events、Designed/Running Compliance、Workspace/Change Control 或历史状态可核验覆盖该项；范围为 成功设备、失败设备、阶段、原因。","部分支持/依组件、版本或硬件","部分执行失败分析：iMaster NCE-Fabric 可提供部分管理或状态数据，但覆盖 成功设备、失败设备、阶段、原因 的完整字段、工作流或分析器未核验；需按目标版本、License、CloudEngine 型号及是否部署 FabricInsight 确认。","部分支持/依设备或版本","部分执行失败分析：Day 0–Day 2+ 生命周期、Underlay 模板化自动化、批量部署和部署前后校验可覆盖部分流程；未核验完整覆盖 成功设备、失败设备、阶段、原因。AmpCon-DC（FS / Pica8）面向 PicOS 数据中心交换机；能力范围需按目标版本、License 与兼容硬件确认。"
"分析与诊断","基于拓扑、遥测、配置和事件数据进行异常识别、根因定位、影响评估及故障诊断。","容量分析","分析端口、链路、Fabric、Overlay、ASIC和GPU Pod容量。","网络容量","对网络容量相关数据进行关联分析、问题定位和结果呈现。","端口使用预测","端口使用预测用于围绕已用、可用、保留、增长趋势开展分析和诊断。","已用、可用、保留、增长趋势","明确端口使用预测覆盖的具体对象、状态或指标，包括已用、可用、保留、增长趋势。","端口/链路/Fabric/Overlay/ASIC/GPU Pod 利用率与容量模型；具体范围：已用、可用、保留、增长趋势","扩容规划、资源瓶颈识别、Fabric 与 GPU Pod 容量评估；关注：已用、可用、保留、增长趋势","P2（演进）","不支持/未发现原生支持","端口使用预测：截至 Apstra 6.1 官方资料，未发现基础产品提供该项完整原生分析器或产品化闭环；未将 Juniper DCA/Mist、外部系统或 NOS 单点能力计入。","不支持/未发现原生支持","端口使用预测：截至当前 CloudVision 官方资料，未发现基础 CloudVision 原生提供该项完整能力；未把 AVA、CV UNO、CV-CUE、DMF 或 EOS CLI/ASIC 单点能力直接计入。","部分支持/依组件、版本或硬件","端口使用预测：需结合 iMaster NCE-FabricInsight 分析器评估。官方资料确认其采集应用流、网络与 Telemetry 数据，支持关键应用质量检测、一键路径诊断、故障定位、网络质量劣化及亚健康光模块/链路分析；但未核验完整覆盖 已用、可用、保留、增长趋势，且依版本、Foundation Package、Telemetry/IOAM 与硬件。","不支持/未发现原生支持","端口使用预测：截至已核对的 FS AmpCon-DC 官方可观测性资料与 v2.2.0 发布说明，未发现产品原生完整覆盖 已用、可用、保留、增长趋势；未把 PicOS 单机 CLI、第三方系统或本地 UI 原型计入。AmpCon-DC（FS / Pica8）面向 PicOS 数据中心交换机；能力范围需按目标版本、License 与兼容硬件确认。"
"分析与诊断","基于拓扑、遥测、配置和事件数据进行异常识别、根因定位、影响评估及故障诊断。","容量分析","分析端口、链路、Fabric、Overlay、ASIC和GPU Pod容量。","网络容量","对网络容量相关数据进行关联分析、问题定位和结果呈现。","链路容量预测","链路容量预测用于围绕平均、峰值、95分位、增长率开展分析和诊断。","平均、峰值、95分位、增长率","明确链路容量预测覆盖的具体对象、状态或指标，包括平均、峰值、95分位、增长率。","端口/链路/Fabric/Overlay/ASIC/GPU Pod 利用率与容量模型；具体范围：平均、峰值、95分位、增长率","扩容规划、资源瓶颈识别、Fabric 与 GPU Pod 容量评估；关注：平均、峰值、95分位、增长率","P2（演进）","不支持/未发现原生支持","链路容量预测：截至 Apstra 6.1 官方资料，未发现基础产品提供该项完整原生分析器或产品化闭环；未将 Juniper DCA/Mist、外部系统或 NOS 单点能力计入。","不支持/未发现原生支持","链路容量预测：截至当前 CloudVision 官方资料，未发现基础 CloudVision 原生提供该项完整能力；未把 AVA、CV UNO、CV-CUE、DMF 或 EOS CLI/ASIC 单点能力直接计入。","部分支持/依组件、版本或硬件","链路容量预测：需结合 iMaster NCE-FabricInsight 分析器评估。官方资料确认其采集应用流、网络与 Telemetry 数据，支持关键应用质量检测、一键路径诊断、故障定位、网络质量劣化及亚健康光模块/链路分析；但未核验完整覆盖 平均、峰值、95分位、增长率，且依版本、Foundation Package、Telemetry/IOAM 与硬件。","不支持/未发现原生支持","链路容量预测：截至已核对的 FS AmpCon-DC 官方可观测性资料与 v2.2.0 发布说明，未发现产品原生完整覆盖 平均、峰值、95分位、增长率；未把 PicOS 单机 CLI、第三方系统或本地 UI 原型计入。AmpCon-DC（FS / Pica8）面向 PicOS 数据中心交换机；能力范围需按目标版本、License 与兼容硬件确认。"
"分析与诊断","基于拓扑、遥测、配置和事件数据进行异常识别、根因定位、影响评估及故障诊断。","容量分析","分析端口、链路、Fabric、Overlay、ASIC和GPU Pod容量。","网络容量","对网络容量相关数据进行关联分析、问题定位和结果呈现。","Fabric扩容分析","Fabric扩容分析用于围绕端口、超额订阅、故障余量开展分析和诊断。","端口、超额订阅、故障余量","明确Fabric扩容分析覆盖的具体对象、状态或指标，包括端口、超额订阅、故障余量。","端口/链路/Fabric/Overlay/ASIC/GPU Pod 利用率与容量模型；具体范围：端口、超额订阅、故障余量","扩容规划、资源瓶颈识别、Fabric 与 GPU Pod 容量评估；关注：端口、超额订阅、故障余量","P1（重要）","不支持/未发现原生支持","Fabric扩容分析：截至 Apstra 6.1 官方资料，未发现基础产品提供该项完整原生分析器或产品化闭环；未将 Juniper DCA/Mist、外部系统或 NOS 单点能力计入。","不支持/未发现原生支持","Fabric扩容分析：截至当前 CloudVision 官方资料，未发现基础 CloudVision 原生提供该项完整能力；未把 AVA、CV UNO、CV-CUE、DMF 或 EOS CLI/ASIC 单点能力直接计入。","部分支持/依组件、版本或硬件","Fabric扩容分析：需结合 iMaster NCE-FabricInsight 分析器评估。官方资料确认其采集应用流、网络与 Telemetry 数据，支持关键应用质量检测、一键路径诊断、故障定位、网络质量劣化及亚健康光模块/链路分析；但未核验完整覆盖 端口、超额订阅、故障余量，且依版本、Foundation Package、Telemetry/IOAM 与硬件。","不支持/未发现原生支持","Fabric扩容分析：截至已核对的 FS AmpCon-DC 官方可观测性资料与 v2.2.0 发布说明，未发现产品原生完整覆盖 端口、超额订阅、故障余量；未把 PicOS 单机 CLI、第三方系统或本地 UI 原型计入。AmpCon-DC（FS / Pica8）面向 PicOS 数据中心交换机；能力范围需按目标版本、License 与兼容硬件确认。"
"分析与诊断","基于拓扑、遥测、配置和事件数据进行异常识别、根因定位、影响评估及故障诊断。","容量分析","分析端口、链路、Fabric、Overlay、ASIC和GPU Pod容量。","资源容量","对资源容量相关数据进行关联分析、问题定位和结果呈现。","VLAN/VNI/VRF容量","VLAN/VNI/VRF容量用于围绕使用率、剩余量、耗尽时间开展分析和诊断。","使用率、剩余量、耗尽时间","明确VLAN/VNI/VRF容量覆盖的具体对象、状态或指标，包括使用率、剩余量、耗尽时间。","端口/链路/Fabric/Overlay/ASIC/GPU Pod 利用率与容量模型；具体范围：使用率、剩余量、耗尽时间","扩容规划、资源瓶颈识别、Fabric 与 GPU Pod 容量评估；关注：使用率、剩余量、耗尽时间","P1（重要）","部分支持","VLAN/VNI/VRF容量：Blueprint 图、Anomaly/RCI、IBA、Revision 可提供部分证据，但未核验覆盖 使用率、剩余量、耗尽时间 的通用专用分析器。","部分支持","VLAN/VNI/VRF容量：CloudVision 可提供部分遥测、事件或配置证据；覆盖 使用率、剩余量、耗尽时间 的完整产品化分析器、字段或闭环未核验。","部分支持/依组件、版本或硬件","VLAN/VNI/VRF容量：需结合 iMaster NCE-FabricInsight 分析器评估。官方资料确认其采集应用流、网络与 Telemetry 数据，支持关键应用质量检测、一键路径诊断、故障定位、网络质量劣化及亚健康光模块/链路分析；但未核验完整覆盖 使用率、剩余量、耗尽时间，且依版本、Foundation Package、Telemetry/IOAM 与硬件。","不支持/未发现原生支持","VLAN/VNI/VRF容量：截至已核对的 FS AmpCon-DC 官方可观测性资料与 v2.2.0 发布说明，未发现产品原生完整覆盖 使用率、剩余量、耗尽时间；未把 PicOS 单机 CLI、第三方系统或本地 UI 原型计入。AmpCon-DC（FS / Pica8）面向 PicOS 数据中心交换机；能力范围需按目标版本、License 与兼容硬件确认。"
"分析与诊断","基于拓扑、遥测、配置和事件数据进行异常识别、根因定位、影响评估及故障诊断。","容量分析","分析端口、链路、Fabric、Overlay、ASIC和GPU Pod容量。","资源容量","对资源容量相关数据进行关联分析、问题定位和结果呈现。","ASIC资源分析","ASIC资源分析用于围绕MAC、Route、ACL、TCAM、ECMP开展分析和诊断。","MAC、Route、ACL、TCAM、ECMP","明确ASIC资源分析覆盖的具体对象、状态或指标，包括MAC、Route、ACL、TCAM、ECMP。","端口/链路/Fabric/Overlay/ASIC/GPU Pod 利用率与容量模型；具体范围：MAC、Route、ACL、TCAM、ECMP","扩容规划、资源瓶颈识别、Fabric 与 GPU Pod 容量评估；关注：MAC、Route、ACL、TCAM、ECMP","P1（重要）","部分支持","ASIC资源分析：Blueprint 图、Anomaly/RCI、IBA、Revision 可提供部分证据，但未核验覆盖 MAC、Route、ACL、TCAM、ECMP 的通用专用分析器。","部分支持","ASIC资源分析：CloudVision 可提供部分遥测、事件或配置证据；覆盖 MAC、Route、ACL、TCAM、ECMP 的完整产品化分析器、字段或闭环未核验。","部分支持/依组件、版本或硬件","ASIC资源分析：需结合 iMaster NCE-FabricInsight 分析器评估。官方资料确认其采集应用流、网络与 Telemetry 数据，支持关键应用质量检测、一键路径诊断、故障定位、网络质量劣化及亚健康光模块/链路分析；但未核验完整覆盖 MAC、Route、ACL、TCAM、ECMP，且依版本、Foundation Package、Telemetry/IOAM 与硬件。","不支持/未发现原生支持","ASIC资源分析：截至已核对的 FS AmpCon-DC 官方可观测性资料与 v2.2.0 发布说明，未发现产品原生完整覆盖 MAC、Route、ACL、TCAM、ECMP；未把 PicOS 单机 CLI、第三方系统或本地 UI 原型计入。AmpCon-DC（FS / Pica8）面向 PicOS 数据中心交换机；能力范围需按目标版本、License 与兼容硬件确认。"
"分析与诊断","基于拓扑、遥测、配置和事件数据进行异常识别、根因定位、影响评估及故障诊断。","容量分析","分析端口、链路、Fabric、Overlay、ASIC和GPU Pod容量。","资源容量","对资源容量相关数据进行关联分析、问题定位和结果呈现。","GPU Pod扩容分析","GPU Pod扩容分析用于围绕GPU、NIC、Leaf、Spine、400G/800G开展分析和诊断。","GPU、NIC、Leaf、Spine、400G/800G","明确GPU Pod扩容分析覆盖的具体对象、状态或指标，包括GPU、NIC、Leaf、Spine、400G/800G。","端口/链路/Fabric/Overlay/ASIC/GPU Pod 利用率与容量模型；具体范围：GPU、NIC、Leaf、Spine、400G/800G","扩容规划、资源瓶颈识别、Fabric 与 GPU Pod 容量评估；关注：GPU、NIC、Leaf、Spine、400G/800G","P2（演进）","不支持/未发现原生支持","GPU Pod扩容分析：截至 Apstra 6.1 官方资料，未发现基础产品提供该项完整原生分析器或产品化闭环；未将 Juniper DCA/Mist、外部系统或 NOS 单点能力计入。","不支持/未发现原生支持","GPU Pod扩容分析：截至当前 CloudVision 官方资料，未发现基础 CloudVision 原生提供该项完整能力；未把 AVA、CV UNO、CV-CUE、DMF 或 EOS CLI/ASIC 单点能力直接计入。","未发现公开证据","GPU Pod扩容分析：已同时核对 iMaster NCE-Fabric 与 iMaster NCE-FabricInsight，当前公开资料未证明组合方案提供覆盖 GPU、NIC、Leaf、Spine、400G/800G 的完整产品化能力；该结论表示未发现证据，并非断言绝对不支持。","不支持/未发现原生支持","GPU Pod扩容分析：截至已核对的 FS AmpCon-DC 官方可观测性资料与 v2.2.0 发布说明，未发现产品原生完整覆盖 GPU、NIC、Leaf、Spine、400G/800G；未把 PicOS 单机 CLI、第三方系统或本地 UI 原型计入。AmpCon-DC（FS / Pica8）面向 PicOS 数据中心交换机；能力范围需按目标版本、License 与兼容硬件确认。"
"分析与诊断","基于拓扑、遥测、配置和事件数据进行异常识别、根因定位、影响评估及故障诊断。","仿真与预测","通过数字孪生和What-if分析预验证配置、故障和扩容影响。","数字孪生","对数字孪生相关数据进行关联分析、问题定位和结果呈现。","配置预验证","配置预验证用于围绕语法、能力、依赖、一致性开展分析和诊断。","语法、能力、依赖、一致性","明确配置预验证覆盖的具体对象、状态或指标，包括语法、能力、依赖、一致性。","数字孪生、What-if、配置预验证、故障注入与趋势预测；具体范围：语法、能力、依赖、一致性","重大变更预演、故障影响推演、扩容 What-if 评估；关注：语法、能力、依赖、一致性","P2（演进）","支持","配置预验证：Apstra 6.1 通过 Blueprint 意图图、Anomaly/RCI、IBA、Revision 或 Time Voyager 原生覆盖该项；范围为 语法、能力、依赖、一致性。","部分支持","配置预验证：Workspace Build 可做输入、依赖与配置校验，但不等同数字孪生连通性仿真。","部分支持/依组件、版本或硬件","配置预验证：iMaster NCE-Fabric 可提供部分管理或状态数据，但覆盖 语法、能力、依赖、一致性 的完整字段、工作流或分析器未核验；需按目标版本、License、CloudEngine 型号及是否部署 FabricInsight 确认。","部分支持/依设备或版本","配置预验证：Day 0–Day 2+ 生命周期、Underlay 模板化自动化、批量部署和部署前后校验可覆盖部分流程；未核验完整覆盖 语法、能力、依赖、一致性。AmpCon-DC（FS / Pica8）面向 PicOS 数据中心交换机；能力范围需按目标版本、License 与兼容硬件确认。"
"分析与诊断","基于拓扑、遥测、配置和事件数据进行异常识别、根因定位、影响评估及故障诊断。","仿真与预测","通过数字孪生和What-if分析预验证配置、故障和扩容影响。","数字孪生","对数字孪生相关数据进行关联分析、问题定位和结果呈现。","连通性仿真","连通性仿真用于围绕Endpoint、VRF、路径、策略开展分析和诊断。","Endpoint、VRF、路径、策略","明确连通性仿真覆盖的具体对象、状态或指标，包括Endpoint、VRF、路径、策略。","数字孪生、What-if、配置预验证、故障注入与趋势预测；具体范围：Endpoint、VRF、路径、策略","重大变更预演、故障影响推演、扩容 What-if 评估；关注：Endpoint、VRF、路径、策略","P2（演进）","不支持/未发现原生支持","连通性仿真：截至 Apstra 6.1 官方资料，未发现基础产品提供该项完整原生分析器或产品化闭环；未将 Juniper DCA/Mist、外部系统或 NOS 单点能力计入。","不支持/未发现原生支持","连通性仿真：截至当前 CloudVision 官方资料，未发现基础 CloudVision 原生提供该项完整能力；未把 AVA、CV UNO、CV-CUE、DMF 或 EOS CLI/ASIC 单点能力直接计入。","未发现公开证据","连通性仿真：已同时核对 iMaster NCE-Fabric 与 iMaster NCE-FabricInsight，当前公开资料未证明组合方案提供覆盖 Endpoint、VRF、路径、策略 的完整产品化能力；该结论表示未发现证据，并非断言绝对不支持。","不支持/未发现原生支持","连通性仿真：截至已核对的 FS AmpCon-DC 官方可观测性资料与 v2.2.0 发布说明，未发现产品原生完整覆盖 Endpoint、VRF、路径、策略；未把 PicOS 单机 CLI、第三方系统或本地 UI 原型计入。AmpCon-DC（FS / Pica8）面向 PicOS 数据中心交换机；能力范围需按目标版本、License 与兼容硬件确认。"
"分析与诊断","基于拓扑、遥测、配置和事件数据进行异常识别、根因定位、影响评估及故障诊断。","仿真与预测","通过数字孪生和What-if分析预验证配置、故障和扩容影响。","What-if分析","对What-if分析相关数据进行关联分析、问题定位和结果呈现。","链路故障模拟","链路故障模拟用于围绕单链路、多链路、节点故障开展分析和诊断。","单链路、多链路、节点故障","明确链路故障模拟覆盖的具体对象、状态或指标，包括单链路、多链路、节点故障。","数字孪生、What-if、配置预验证、故障注入与趋势预测；具体范围：单链路、多链路、节点故障","重大变更预演、故障影响推演、扩容 What-if 评估；关注：单链路、多链路、节点故障","P2（演进）","不支持/未发现原生支持","链路故障模拟：截至 Apstra 6.1 官方资料，未发现基础产品提供该项完整原生分析器或产品化闭环；未将 Juniper DCA/Mist、外部系统或 NOS 单点能力计入。","不支持/未发现原生支持","链路故障模拟：截至当前 CloudVision 官方资料，未发现基础 CloudVision 原生提供该项完整能力；未把 AVA、CV UNO、CV-CUE、DMF 或 EOS CLI/ASIC 单点能力直接计入。","未发现公开证据","链路故障模拟：已同时核对 iMaster NCE-Fabric 与 iMaster NCE-FabricInsight，当前公开资料未证明组合方案提供覆盖 单链路、多链路、节点故障 的完整产品化能力；该结论表示未发现证据，并非断言绝对不支持。","不支持/未发现原生支持","链路故障模拟：截至已核对的 FS AmpCon-DC 官方可观测性资料与 v2.2.0 发布说明，未发现产品原生完整覆盖 单链路、多链路、节点故障；未把 PicOS 单机 CLI、第三方系统或本地 UI 原型计入。AmpCon-DC（FS / Pica8）面向 PicOS 数据中心交换机；能力范围需按目标版本、License 与兼容硬件确认。"
"分析与诊断","基于拓扑、遥测、配置和事件数据进行异常识别、根因定位、影响评估及故障诊断。","仿真与预测","通过数字孪生和What-if分析预验证配置、故障和扩容影响。","What-if分析","对What-if分析相关数据进行关联分析、问题定位和结果呈现。","扩容影响模拟","扩容影响模拟用于围绕新Rack、新Pod、新Fabric开展分析和诊断。","新Rack、新Pod、新Fabric","明确扩容影响模拟覆盖的具体对象、状态或指标，包括新Rack、新Pod、新Fabric。","数字孪生、What-if、配置预验证、故障注入与趋势预测；具体范围：新Rack、新Pod、新Fabric","重大变更预演、故障影响推演、扩容 What-if 评估；关注：新Rack、新Pod、新Fabric","P2（演进）","不支持/未发现原生支持","扩容影响模拟：截至 Apstra 6.1 官方资料，未发现基础产品提供该项完整原生分析器或产品化闭环；未将 Juniper DCA/Mist、外部系统或 NOS 单点能力计入。","不支持/未发现原生支持","扩容影响模拟：截至当前 CloudVision 官方资料，未发现基础 CloudVision 原生提供该项完整能力；未把 AVA、CV UNO、CV-CUE、DMF 或 EOS CLI/ASIC 单点能力直接计入。","未发现公开证据","扩容影响模拟：已同时核对 iMaster NCE-Fabric 与 iMaster NCE-FabricInsight，当前公开资料未证明组合方案提供覆盖 新Rack、新Pod、新Fabric 的完整产品化能力；该结论表示未发现证据，并非断言绝对不支持。","不支持/未发现原生支持","扩容影响模拟：截至已核对的 FS AmpCon-DC 官方可观测性资料与 v2.2.0 发布说明，未发现产品原生完整覆盖 新Rack、新Pod、新Fabric；未把 PicOS 单机 CLI、第三方系统或本地 UI 原型计入。AmpCon-DC（FS / Pica8）面向 PicOS 数据中心交换机；能力范围需按目标版本、License 与兼容硬件确认。"
"分析与诊断","基于拓扑、遥测、配置和事件数据进行异常识别、根因定位、影响评估及故障诊断。","仿真与预测","通过数字孪生和What-if分析预验证配置、故障和扩容影响。","What-if分析","对What-if分析相关数据进行关联分析、问题定位和结果呈现。","异常趋势预测","异常趋势预测用于围绕带宽、Buffer、错误、资源耗尽开展分析和诊断。","带宽、Buffer、错误、资源耗尽","明确异常趋势预测覆盖的具体对象、状态或指标，包括带宽、Buffer、错误、资源耗尽。","数字孪生、What-if、配置预验证、故障注入与趋势预测；具体范围：带宽、Buffer、错误、资源耗尽","重大变更预演、故障影响推演、扩容 What-if 评估；关注：带宽、Buffer、错误、资源耗尽","P2（演进）","不支持/未发现原生支持","异常趋势预测：截至 Apstra 6.1 官方资料，未发现基础产品提供该项完整原生分析器或产品化闭环；未将 Juniper DCA/Mist、外部系统或 NOS 单点能力计入。","不支持/未发现原生支持","异常趋势预测：截至当前 CloudVision 官方资料，未发现基础 CloudVision 原生提供该项完整能力；未把 AVA、CV UNO、CV-CUE、DMF 或 EOS CLI/ASIC 单点能力直接计入。","部分支持/依组件、版本或硬件","异常趋势预测：需结合 iMaster NCE-FabricInsight 分析器评估。官方资料确认其采集应用流、网络与 Telemetry 数据，支持关键应用质量检测、一键路径诊断、故障定位、网络质量劣化及亚健康光模块/链路分析；但未核验完整覆盖 带宽、Buffer、错误、资源耗尽，且依版本、Foundation Package、Telemetry/IOAM 与硬件。","不支持/未发现原生支持","异常趋势预测：截至已核对的 FS AmpCon-DC 官方可观测性资料与 v2.2.0 发布说明，未发现产品原生完整覆盖 带宽、Buffer、错误、资源耗尽；未把 PicOS 单机 CLI、第三方系统或本地 UI 原型计入。AmpCon-DC（FS / Pica8）面向 PicOS 数据中心交换机；能力范围需按目标版本、License 与兼容硬件确认。"
"分析与诊断","基于拓扑、遥测、配置和事件数据进行异常识别、根因定位、影响评估及故障诊断。","智能辅助","提供故障、配置、容量建议以及自然语言辅助诊断。","智能推荐","对智能推荐相关数据进行关联分析、问题定位和结果呈现。","故障修复建议","故障修复建议用于围绕根因、操作建议、影响范围开展分析和诊断。","根因、操作建议、影响范围","明确故障修复建议覆盖的具体对象、状态或指标，包括根因、操作建议、影响范围。","规则与知识库、推荐引擎、自然语言检索、证据可追溯性；具体范围：根因、操作建议、影响范围","运维建议、知识检索、自然语言辅助诊断与决策支持；关注：根因、操作建议、影响范围","P2（演进）","不支持/未发现原生支持","故障修复建议：截至 Apstra 6.1 官方资料，未发现基础产品提供该项完整原生分析器或产品化闭环；未将 Juniper DCA/Mist、外部系统或 NOS 单点能力计入。","不支持/未发现原生支持","故障修复建议：截至当前 CloudVision 官方资料，未发现基础 CloudVision 原生提供该项完整能力；未把 AVA、CV UNO、CV-CUE、DMF 或 EOS CLI/ASIC 单点能力直接计入。","未发现公开证据","故障修复建议：已同时核对 iMaster NCE-Fabric 与 iMaster NCE-FabricInsight，当前公开资料未证明组合方案提供覆盖 根因、操作建议、影响范围 的完整产品化能力；该结论表示未发现证据，并非断言绝对不支持。","不支持/未发现原生支持","故障修复建议：截至已核对的 FS AmpCon-DC 官方可观测性资料与 v2.2.0 发布说明，未发现产品原生完整覆盖 根因、操作建议、影响范围；未把 PicOS 单机 CLI、第三方系统或本地 UI 原型计入。AmpCon-DC（FS / Pica8）面向 PicOS 数据中心交换机；能力范围需按目标版本、License 与兼容硬件确认。"
"分析与诊断","基于拓扑、遥测、配置和事件数据进行异常识别、根因定位、影响评估及故障诊断。","智能辅助","提供故障、配置、容量建议以及自然语言辅助诊断。","智能推荐","对智能推荐相关数据进行关联分析、问题定位和结果呈现。","配置优化建议","配置优化建议用于围绕ECN、QoS、路由、容量开展分析和诊断。","ECN、QoS、路由、容量","明确配置优化建议覆盖的具体对象、状态或指标，包括ECN、QoS、路由、容量。","规则与知识库、推荐引擎、自然语言检索、证据可追溯性；具体范围：ECN、QoS、路由、容量","运维建议、知识检索、自然语言辅助诊断与决策支持；关注：ECN、QoS、路由、容量","P2（演进）","不支持/未发现原生支持","配置优化建议：截至 Apstra 6.1 官方资料，未发现基础产品提供该项完整原生分析器或产品化闭环；未将 Juniper DCA/Mist、外部系统或 NOS 单点能力计入。","不支持/未发现原生支持","配置优化建议：截至当前 CloudVision 官方资料，未发现基础 CloudVision 原生提供该项完整能力；未把 AVA、CV UNO、CV-CUE、DMF 或 EOS CLI/ASIC 单点能力直接计入。","未发现公开证据","配置优化建议：已同时核对 iMaster NCE-Fabric 与 iMaster NCE-FabricInsight，当前公开资料未证明组合方案提供覆盖 ECN、QoS、路由、容量 的完整产品化能力；该结论表示未发现证据，并非断言绝对不支持。","不支持/未发现原生支持","配置优化建议：截至已核对的 FS AmpCon-DC 官方可观测性资料与 v2.2.0 发布说明，未发现产品原生完整覆盖 ECN、QoS、路由、容量；未把 PicOS 单机 CLI、第三方系统或本地 UI 原型计入。AmpCon-DC（FS / Pica8）面向 PicOS 数据中心交换机；能力范围需按目标版本、License 与兼容硬件确认。"
"分析与诊断","基于拓扑、遥测、配置和事件数据进行异常识别、根因定位、影响评估及故障诊断。","智能辅助","提供故障、配置、容量建议以及自然语言辅助诊断。","智能推荐","对智能推荐相关数据进行关联分析、问题定位和结果呈现。","扩容建议","扩容建议用于围绕时间、规模、设备、链路开展分析和诊断。","时间、规模、设备、链路","明确扩容建议覆盖的具体对象、状态或指标，包括时间、规模、设备、链路。","规则与知识库、推荐引擎、自然语言检索、证据可追溯性；具体范围：时间、规模、设备、链路","运维建议、知识检索、自然语言辅助诊断与决策支持；关注：时间、规模、设备、链路","P2（演进）","不支持/未发现原生支持","扩容建议：截至 Apstra 6.1 官方资料，未发现基础产品提供该项完整原生分析器或产品化闭环；未将 Juniper DCA/Mist、外部系统或 NOS 单点能力计入。","不支持/未发现原生支持","扩容建议：截至当前 CloudVision 官方资料，未发现基础 CloudVision 原生提供该项完整能力；未把 AVA、CV UNO、CV-CUE、DMF 或 EOS CLI/ASIC 单点能力直接计入。","未发现公开证据","扩容建议：已同时核对 iMaster NCE-Fabric 与 iMaster NCE-FabricInsight，当前公开资料未证明组合方案提供覆盖 时间、规模、设备、链路 的完整产品化能力；该结论表示未发现证据，并非断言绝对不支持。","不支持/未发现原生支持","扩容建议：截至已核对的 FS AmpCon-DC 官方可观测性资料与 v2.2.0 发布说明，未发现产品原生完整覆盖 时间、规模、设备、链路；未把 PicOS 单机 CLI、第三方系统或本地 UI 原型计入。AmpCon-DC（FS / Pica8）面向 PicOS 数据中心交换机；能力范围需按目标版本、License 与兼容硬件确认。"
"分析与诊断","基于拓扑、遥测、配置和事件数据进行异常识别、根因定位、影响评估及故障诊断。","智能辅助","提供故障、配置、容量建议以及自然语言辅助诊断。","自然语言诊断","对自然语言诊断相关数据进行关联分析、问题定位和结果呈现。","状态查询","状态查询用于围绕设备、链路、租户、业务开展分析和诊断。","设备、链路、租户、业务","明确状态查询覆盖的具体对象、状态或指标，包括设备、链路、租户、业务。","规则与知识库、推荐引擎、自然语言检索、证据可追溯性；具体范围：设备、链路、租户、业务","运维建议、知识检索、自然语言辅助诊断与决策支持；关注：设备、链路、租户、业务","P2（演进）","不支持/未发现原生支持","状态查询：截至 Apstra 6.1 官方资料，未发现基础产品提供该项完整原生分析器或产品化闭环；未将 Juniper DCA/Mist、外部系统或 NOS 单点能力计入。","不支持/未发现原生支持","状态查询：截至当前 CloudVision 官方资料，未发现基础 CloudVision 原生提供该项完整能力；未把 AVA、CV UNO、CV-CUE、DMF 或 EOS CLI/ASIC 单点能力直接计入。","未发现公开证据","状态查询：已同时核对 iMaster NCE-Fabric 与 iMaster NCE-FabricInsight，当前公开资料未证明组合方案提供覆盖 设备、链路、租户、业务 的完整产品化能力；该结论表示未发现证据，并非断言绝对不支持。","不支持/未发现原生支持","状态查询：截至已核对的 FS AmpCon-DC 官方可观测性资料与 v2.2.0 发布说明，未发现产品原生完整覆盖 设备、链路、租户、业务；未把 PicOS 单机 CLI、第三方系统或本地 UI 原型计入。AmpCon-DC（FS / Pica8）面向 PicOS 数据中心交换机；能力范围需按目标版本、License 与兼容硬件确认。"
"分析与诊断","基于拓扑、遥测、配置和事件数据进行异常识别、根因定位、影响评估及故障诊断。","智能辅助","提供故障、配置、容量建议以及自然语言辅助诊断。","自然语言诊断","对自然语言诊断相关数据进行关联分析、问题定位和结果呈现。","故障解释","故障解释用于围绕根因、证据、时间线、影响开展分析和诊断。","根因、证据、时间线、影响","明确故障解释覆盖的具体对象、状态或指标，包括根因、证据、时间线、影响。","规则与知识库、推荐引擎、自然语言检索、证据可追溯性；具体范围：根因、证据、时间线、影响","运维建议、知识检索、自然语言辅助诊断与决策支持；关注：根因、证据、时间线、影响","P2（演进）","不支持/未发现原生支持","故障解释：截至 Apstra 6.1 官方资料，未发现基础产品提供该项完整原生分析器或产品化闭环；未将 Juniper DCA/Mist、外部系统或 NOS 单点能力计入。","不支持/未发现原生支持","故障解释：截至当前 CloudVision 官方资料，未发现基础 CloudVision 原生提供该项完整能力；未把 AVA、CV UNO、CV-CUE、DMF 或 EOS CLI/ASIC 单点能力直接计入。","未发现公开证据","故障解释：已同时核对 iMaster NCE-Fabric 与 iMaster NCE-FabricInsight，当前公开资料未证明组合方案提供覆盖 根因、证据、时间线、影响 的完整产品化能力；该结论表示未发现证据，并非断言绝对不支持。","不支持/未发现原生支持","故障解释：截至已核对的 FS AmpCon-DC 官方可观测性资料与 v2.2.0 发布说明，未发现产品原生完整覆盖 根因、证据、时间线、影响；未把 PicOS 单机 CLI、第三方系统或本地 UI 原型计入。AmpCon-DC（FS / Pica8）面向 PicOS 数据中心交换机；能力范围需按目标版本、License 与兼容硬件确认。"
"分析与诊断","基于拓扑、遥测、配置和事件数据进行异常识别、根因定位、影响评估及故障诊断。","诊断工具","提供主动探测、命令执行、抓包、日志检索和巡检工具。","主动诊断","对主动诊断相关数据进行关联分析、问题定位和结果呈现。","远程诊断命令","远程诊断命令用于围绕Show、Ping、Traceroute、Packet Capture开展分析和诊断。","Show、Ping、Traceroute、Packet Capture","明确远程诊断命令覆盖的具体对象、状态或指标，包括Show、Ping、Traceroute、Packet Capture。","Ping/Traceroute、远程命令、抓包、日志检索与自动巡检；具体范围：Show、Ping、Traceroute、Packet Capture","现场排障、远程取证、主动探测、抓包和一键巡检；关注：Show、Ping、Traceroute、Packet Capture","P1（重要）","部分支持","远程诊断命令：Apstra 可覆盖部分对象或状态；完整字段、工作流或展示需定制 IBA、API、NOS Telemetry 或外部集成。","部分支持","远程诊断命令：CloudVision 可提供部分遥测、事件或配置证据；覆盖 Show、Ping、Traceroute、Packet Capture 的完整产品化分析器、字段或闭环未核验。","部分支持/依组件、版本或硬件","远程诊断命令：iMaster NCE-Fabric 可提供部分管理或状态数据，但覆盖 Show、Ping、Traceroute、Packet Capture 的完整字段、工作流或分析器未核验；需按目标版本、License、CloudEngine 型号及是否部署 FabricInsight 确认。","不支持/未发现原生支持","远程诊断命令：截至已核对的 FS AmpCon-DC 官方可观测性资料与 v2.2.0 发布说明，未发现产品原生完整覆盖 Show、Ping、Traceroute、Packet Capture；未把 PicOS 单机 CLI、第三方系统或本地 UI 原型计入。AmpCon-DC（FS / Pica8）面向 PicOS 数据中心交换机；能力范围需按目标版本、License 与兼容硬件确认。"
"分析与诊断","基于拓扑、遥测、配置和事件数据进行异常识别、根因定位、影响评估及故障诊断。","诊断工具","提供主动探测、命令执行、抓包、日志检索和巡检工具。","主动诊断","对主动诊断相关数据进行关联分析、问题定位和结果呈现。","Support Bundle","Support Bundle用于围绕配置、日志、状态、Telemetry开展分析和诊断。","配置、日志、状态、Telemetry","明确Support Bundle覆盖的具体对象、状态或指标，包括配置、日志、状态、Telemetry。","Ping/Traceroute、远程命令、抓包、日志检索与自动巡检；具体范围：配置、日志、状态、Telemetry","现场排障、远程取证、主动探测、抓包和一键巡检；关注：配置、日志、状态、Telemetry","P1（重要）","支持","Support Bundle：Apstra 6.1 通过 Blueprint 意图图、Anomaly/RCI、IBA、Revision 或 Time Voyager 原生覆盖该项；范围为 配置、日志、状态、Telemetry。","部分支持","Support Bundle：CloudVision 可提供部分遥测、事件或配置证据；覆盖 配置、日志、状态、Telemetry 的完整产品化分析器、字段或闭环未核验。","部分支持/依组件、版本或硬件","Support Bundle：iMaster NCE-Fabric 可提供部分管理或状态数据，但覆盖 配置、日志、状态、Telemetry 的完整字段、工作流或分析器未核验；需按目标版本、License、CloudEngine 型号及是否部署 FabricInsight 确认。","不支持/未发现原生支持","Support Bundle：截至已核对的 FS AmpCon-DC 官方可观测性资料与 v2.2.0 发布说明，未发现产品原生完整覆盖 配置、日志、状态、Telemetry；未把 PicOS 单机 CLI、第三方系统或本地 UI 原型计入。AmpCon-DC（FS / Pica8）面向 PicOS 数据中心交换机；能力范围需按目标版本、License 与兼容硬件确认。"
"分析与诊断","基于拓扑、遥测、配置和事件数据进行异常识别、根因定位、影响评估及故障诊断。","诊断工具","提供主动探测、命令执行、抓包、日志检索和巡检工具。","主动诊断","对主动诊断相关数据进行关联分析、问题定位和结果呈现。","Packet Capture","Packet Capture用于围绕接口、流量过滤、PCAP导出开展分析和诊断。","接口、流量过滤、PCAP导出","明确Packet Capture覆盖的具体对象、状态或指标，包括接口、流量过滤、PCAP导出。","Ping/Traceroute、远程命令、抓包、日志检索与自动巡检；具体范围：接口、流量过滤、PCAP导出","现场排障、远程取证、主动探测、抓包和一键巡检；关注：接口、流量过滤、PCAP导出","P1（重要）","不支持/未发现原生支持","Packet Capture：截至 Apstra 6.1 官方资料，未发现基础产品提供该项完整原生分析器或产品化闭环；未将 Juniper DCA/Mist、外部系统或 NOS 单点能力计入。","不支持/未发现原生支持","Packet Capture：截至当前 CloudVision 官方资料，未发现基础 CloudVision 原生提供该项完整能力；未把 AVA、CV UNO、CV-CUE、DMF 或 EOS CLI/ASIC 单点能力直接计入。","部分支持/依组件、版本或硬件","Packet Capture：需结合 iMaster NCE-FabricInsight 分析器评估。官方资料确认其采集应用流、网络与 Telemetry 数据，支持关键应用质量检测、一键路径诊断、故障定位、网络质量劣化及亚健康光模块/链路分析；但未核验完整覆盖 接口、流量过滤、PCAP导出，且依版本、Foundation Package、Telemetry/IOAM 与硬件。","不支持/未发现原生支持","Packet Capture：截至已核对的 FS AmpCon-DC 官方可观测性资料与 v2.2.0 发布说明，未发现产品原生完整覆盖 接口、流量过滤、PCAP导出；未把 PicOS 单机 CLI、第三方系统或本地 UI 原型计入。AmpCon-DC（FS / Pica8）面向 PicOS 数据中心交换机；能力范围需按目标版本、License 与兼容硬件确认。"
"分析与诊断","基于拓扑、遥测、配置和事件数据进行异常识别、根因定位、影响评估及故障诊断。","诊断工具","提供主动探测、命令执行、抓包、日志检索和巡检工具。","主动诊断","对主动诊断相关数据进行关联分析、问题定位和结果呈现。","日志检索","日志检索用于围绕Syslog、Agent、任务、变更日志开展分析和诊断。","Syslog、Agent、任务、变更日志","明确日志检索覆盖的具体对象、状态或指标，包括Syslog、Agent、任务、变更日志。","Ping/Traceroute、远程命令、抓包、日志检索与自动巡检；具体范围：Syslog、Agent、任务、变更日志","现场排障、远程取证、主动探测、抓包和一键巡检；关注：Syslog、Agent、任务、变更日志","P1（重要）","支持","日志检索：Apstra 6.1 通过 Blueprint 意图图、Anomaly/RCI、IBA、Revision 或 Time Voyager 原生覆盖该项；范围为 Syslog、Agent、任务、变更日志。","支持","日志检索：CloudVision 原生状态流、Events、Designed/Running Compliance、Workspace/Change Control 或历史状态可核验覆盖该项；范围为 Syslog、Agent、任务、变更日志。","部分支持/依组件、版本或硬件","日志检索：iMaster NCE-Fabric 可提供部分管理或状态数据，但覆盖 Syslog、Agent、任务、变更日志 的完整字段、工作流或分析器未核验；需按目标版本、License、CloudEngine 型号及是否部署 FabricInsight 确认。","不支持/未发现原生支持","日志检索：截至已核对的 FS AmpCon-DC 官方可观测性资料与 v2.2.0 发布说明，未发现产品原生完整覆盖 Syslog、Agent、任务、变更日志；未把 PicOS 单机 CLI、第三方系统或本地 UI 原型计入。AmpCon-DC（FS / Pica8）面向 PicOS 数据中心交换机；能力范围需按目标版本、License 与兼容硬件确认。"
"分析与诊断","基于拓扑、遥测、配置和事件数据进行异常识别、根因定位、影响评估及故障诊断。","诊断工具","提供主动探测、命令执行、抓包、日志检索和巡检工具。","主动诊断","对主动诊断相关数据进行关联分析、问题定位和结果呈现。","一键巡检","一键巡检用于围绕设备、链路、协议、Overlay、业务开展分析和诊断。","设备、链路、协议、Overlay、业务","明确一键巡检覆盖的具体对象、状态或指标，包括设备、链路、协议、Overlay、业务。","Ping/Traceroute、远程命令、抓包、日志检索与自动巡检；具体范围：设备、链路、协议、Overlay、业务","现场排障、远程取证、主动探测、抓包和一键巡检；关注：设备、链路、协议、Overlay、业务","P1（重要）","不支持/未发现原生支持","一键巡检：截至 Apstra 6.1 官方资料，未发现基础产品提供该项完整原生分析器或产品化闭环；未将 Juniper DCA/Mist、外部系统或 NOS 单点能力计入。","不支持/未发现原生支持","一键巡检：截至当前 CloudVision 官方资料，未发现基础 CloudVision 原生提供该项完整能力；未把 AVA、CV UNO、CV-CUE、DMF 或 EOS CLI/ASIC 单点能力直接计入。","部分支持/依组件、版本或硬件","一键巡检：iMaster NCE-Fabric 可提供部分管理或状态数据，但覆盖 设备、链路、协议、Overlay、业务 的完整字段、工作流或分析器未核验；需按目标版本、License、CloudEngine 型号及是否部署 FabricInsight 确认。","不支持/未发现原生支持","一键巡检：截至已核对的 FS AmpCon-DC 官方可观测性资料与 v2.2.0 发布说明，未发现产品原生完整覆盖 设备、链路、协议、Overlay、业务；未把 PicOS 单机 CLI、第三方系统或本地 UI 原型计入。AmpCon-DC（FS / Pica8）面向 PicOS 数据中心交换机；能力范围需按目标版本、License 与兼容硬件确认。"
"分析与诊断","基于拓扑、遥测、配置和事件数据进行异常识别、根因定位、影响评估及故障诊断。","诊断报告","输出根因、性能和变更复盘报告。","报告输出","对报告输出相关数据进行关联分析、问题定位和结果呈现。","根因报告","根因报告用于围绕根因、症状、影响、证据、建议开展分析和诊断。","根因、症状、影响、证据、建议","明确根因报告覆盖的具体对象、状态或指标，包括根因、症状、影响、证据、建议。","诊断证据编排、根因/性能/变更复盘、模板与导出；具体范围：根因、症状、影响、证据、建议","故障复盘、性能分析、变更审计与客户交付报告；关注：根因、症状、影响、证据、建议","P1（重要）","部分支持","根因报告：Apstra 可覆盖部分对象或状态；完整字段、工作流或展示需定制 IBA、API、NOS Telemetry 或外部集成。","部分支持","根因报告：CloudVision 可提供部分遥测、事件或配置证据；覆盖 根因、症状、影响、证据、建议 的完整产品化分析器、字段或闭环未核验。","部分支持/依组件、版本或硬件","根因报告：需结合 iMaster NCE-FabricInsight 分析器评估。官方资料确认其采集应用流、网络与 Telemetry 数据，支持关键应用质量检测、一键路径诊断、故障定位、网络质量劣化及亚健康光模块/链路分析；但未核验完整覆盖 根因、症状、影响、证据、建议，且依版本、Foundation Package、Telemetry/IOAM 与硬件。","不支持/未发现原生支持","根因报告：截至已核对的 FS AmpCon-DC 官方可观测性资料与 v2.2.0 发布说明，未发现产品原生完整覆盖 根因、症状、影响、证据、建议；未把 PicOS 单机 CLI、第三方系统或本地 UI 原型计入。AmpCon-DC（FS / Pica8）面向 PicOS 数据中心交换机；能力范围需按目标版本、License 与兼容硬件确认。"
"分析与诊断","基于拓扑、遥测、配置和事件数据进行异常识别、根因定位、影响评估及故障诊断。","诊断报告","输出根因、性能和变更复盘报告。","报告输出","对报告输出相关数据进行关联分析、问题定位和结果呈现。","性能分析报告","性能分析报告用于围绕带宽、时延、丢包、拥塞开展分析和诊断。","带宽、时延、丢包、拥塞","明确性能分析报告覆盖的具体对象、状态或指标，包括带宽、时延、丢包、拥塞。","诊断证据编排、根因/性能/变更复盘、模板与导出；具体范围：带宽、时延、丢包、拥塞","故障复盘、性能分析、变更审计与客户交付报告；关注：带宽、时延、丢包、拥塞","P1（重要）","部分支持","性能分析报告：Apstra 可覆盖部分对象或状态；完整字段、工作流或展示需定制 IBA、API、NOS Telemetry 或外部集成。","部分支持","性能分析报告：CloudVision 可提供部分遥测、事件或配置证据；覆盖 带宽、时延、丢包、拥塞 的完整产品化分析器、字段或闭环未核验。","部分支持/依组件、版本或硬件","性能分析报告：需结合 iMaster NCE-FabricInsight 分析器评估。官方资料确认其采集应用流、网络与 Telemetry 数据，支持关键应用质量检测、一键路径诊断、故障定位、网络质量劣化及亚健康光模块/链路分析；但未核验完整覆盖 带宽、时延、丢包、拥塞，且依版本、Foundation Package、Telemetry/IOAM 与硬件。","不支持/未发现原生支持","性能分析报告：截至已核对的 FS AmpCon-DC 官方可观测性资料与 v2.2.0 发布说明，未发现产品原生完整覆盖 带宽、时延、丢包、拥塞；未把 PicOS 单机 CLI、第三方系统或本地 UI 原型计入。AmpCon-DC（FS / Pica8）面向 PicOS 数据中心交换机；能力范围需按目标版本、License 与兼容硬件确认。"
"分析与诊断","基于拓扑、遥测、配置和事件数据进行异常识别、根因定位、影响评估及故障诊断。","诊断报告","输出根因、性能和变更复盘报告。","报告输出","对报告输出相关数据进行关联分析、问题定位和结果呈现。","变更复盘报告","变更复盘报告用于围绕变更内容、执行结果、异常、恢复开展分析和诊断。","变更内容、执行结果、异常、恢复","明确变更复盘报告覆盖的具体对象、状态或指标，包括变更内容、执行结果、异常、恢复。","诊断证据编排、根因/性能/变更复盘、模板与导出；具体范围：变更内容、执行结果、异常、恢复","故障复盘、性能分析、变更审计与客户交付报告；关注：变更内容、执行结果、异常、恢复","P1（重要）","部分支持","变更复盘报告：Apstra 可覆盖部分对象或状态；完整字段、工作流或展示需定制 IBA、API、NOS Telemetry 或外部集成。","部分支持","变更复盘报告：CloudVision 可提供部分遥测、事件或配置证据；覆盖 变更内容、执行结果、异常、恢复 的完整产品化分析器、字段或闭环未核验。","部分支持/依组件、版本或硬件","变更复盘报告：iMaster NCE-Fabric 可提供部分管理或状态数据，但覆盖 变更内容、执行结果、异常、恢复 的完整字段、工作流或分析器未核验；需按目标版本、License、CloudEngine 型号及是否部署 FabricInsight 确认。","不支持/未发现原生支持","变更复盘报告：截至已核对的 FS AmpCon-DC 官方可观测性资料与 v2.2.0 发布说明，未发现产品原生完整覆盖 变更内容、执行结果、异常、恢复；未把 PicOS 单机 CLI、第三方系统或本地 UI 原型计入。AmpCon-DC（FS / Pica8）面向 PicOS 数据中心交换机；能力范围需按目标版本、License 与兼容硬件确认。"
